pokemon_id,name,type,level,attack,defense,hp,speed,special_attack,special_defense
1,Bulbasaur,Grass,15,49,49,45,45,65,65
2,Ivysaur,Grass,30,62,63,60,60,80,80
3,Venusaur,Grass,45,82,83,80,80,100,100
4,Charmander,Fire,18,52,43,39,65,60,50
5,Charmeleon,Fire,36,64,58,58,80,80,65
6,Charizard,Fire,60,84,78,78,100,109,85
7,Squirtle,Water,16,48,65,44,43,50,64
8,Wartortle,Water,32,63,80,59,58,65,80
9,Blastoise,Water,50,83,100,79,78,85,105
10,Pikachu,Electric,20,55,40,35,90,50,50
11,Raichu,Electric,45,90,55,60,110,90,80
12,Mon-00012,Fire,58,121,104,59,40,66,81
13,Mon-00013,Fighting,10,94,90,43,69,53,49
14,Mon-00014,Normal,38,109,91,71,109,56,77
15,Mon-00015,Ghost,77,122,99,133,56,60,40
16,Mon-00016,Ghost,59,95,56,114,30,96,30
17,Mon-00017,Poison,94,48,53,57,122,116,92
18,Mon-00018,Fire,82,75,23,65,30,72,100
19,Mon-00019,Dark,7,115,115,102,26,120,41
20,Mon-00020,Water,87,94,50,100,47,53,86
21,Mon-00021,Fire,36,60,94,83,103,115,74
22,Mon-00022,Rock,82,38,96,78,92,20,123
23,Mon-00023,Ground,51,36,98,142,46,103,82
24,Mon-00024,Dark,46,61,115,88,28,125,73
25,Mon-00025,Dark,8,109,116,123,125,50,20
26,Mon-00026,Dark,12,81,20,145,20,95,121
27,Mon-00027,Fighting,60,26,113,67,122,28,93
28,Mon-00028,Rock,57,121,43,123,72,114,40
29,Mon-00029,Fire,56,64,91,127,41,74,20
30,Mon-00030,Fighting,16,63,94,52,58,67,42
31,Mon-00031,Ghost,51,110,25,53,54,122,75
32,Mon-00032,Rock,7,61,51,45,37,122,125
33,Mon-00033,Fairy,15,88,121,102,67,44,88
34,Mon-00034,Water,50,122,35,120,92,126,31
35,Mon-00035,Ground,62,77,45,119,72,43,41
36,Mon-00036,Fighting,66,88,29,73,91,110,46
37,Mon-00037,Normal,99,59,38,113,127,106,28
38,Mon-00038,Ghost,86,118,90,28,33,75,35
39,Mon-00039,Fighting,38,28,113,107,102,85,30
40,Mon-00040,Psychic,79,50,86,84,45,63,98
41,Mon-00041,Ghost,10,129,51,129,22,64,95
42,Mon-00042,Ghost,86,73,115,146,60,77,106
43,Mon-00043,Water,39,39,60,95,63,115,40
44,Mon-00044,Fire,77,65,54,103,129,73,120
45,Mon-00045,Psychic,98,48,76,141,58,84,61
46,Mon-00046,Poison,71,78,35,68,105,98,36
47,Mon-00047,Grass,93,46,59,43,123,122,37
48,Mon-00048,Poison,2,64,108,88,57,115,55
49,Mon-00049,Fighting,18,120,87,69,39,60,29
50,Mon-00050,Electric,63,29,129,104,127,115,55
51,Mon-00051,Normal,55,104,106,123,70,69,93
52,Mon-00052,Water,13,28,60,88,70,30,128
53,Mon-00053,Dark,72,70,105,63,100,28,20
54,Mon-00054,Dark,6,94,116,96,62,42,84
55,Mon-00055,Fairy,100,126,90,80,80,60,46
56,Mon-00056,Grass,16,47,104,48,124,64,57
57,Mon-00057,Ground,45,25,75,122,25,39,91
58,Mon-00058,Ghost,83,103,121,66,101,39,53
59,Mon-00059,Poison,52,119,46,92,64,23,68
60,Mon-00060,Normal,75,82,67,139,80,121,55
61,Mon-00061,Fighting,71,26,48,48,121,48,60
62,Mon-00062,Dark,95,75,31,78,86,92,99
63,Mon-00063,Water,47,63,88,47,66,74,52
64,Mon-00064,Fairy,98,70,33,80,127,59,80
65,Mon-00065,Rock,52,25,45,62,87,47,107
66,Mon-00066,Rock,90,55,104,140,36,27,89
67,Mon-00067,Grass,74,130,46,63,29,32,104
68,Mon-00068,Psychic,14,25,115,102,58,95,72
69,Mon-00069,Water,65,121,25,42,99,70,71
70,Mon-00070,Dark,88,77,70,82,66,127,22
71,Mon-00071,Normal,13,84,27,130,38,36,98
72,Mon-00072,Poison,84,123,26,109,129,123,96
73,Mon-00073,Dark,11,44,107,60,41,29,76
74,Mon-00074,Fairy,88,129,27,147,29,101,100
75,Mon-00075,Ground,79,50,119,126,62,126,93
76,Mon-00076,Ghost,16,58,86,75,32,37,40
77,Mon-00077,Fairy,73,69,73,147,85,72,44
78,Mon-00078,Poison,12,86,121,48,68,122,92
79,Mon-00079,Fairy,57,55,63,66,122,109,30
80,Mon-00080,Grass,93,108,64,142,38,44,117
81,Mon-00081,Rock,21,22,65,147,49,38,58
82,Mon-00082,Fighting,18,93,92,128,96,57,86
83,Mon-00083,Water,43,92,114,49,97,71,77
84,Mon-00084,Rock,37,79,80,52,60,52,94
85,Mon-00085,Fire,5,88,51,106,122,29,59
86,Mon-00086,Normal,46,102,118,32,113,75,97
87,Mon-00087,Rock,26,120,86,149,87,65,39
88,Mon-00088,Fairy,13,44,112,143,103,53,56
89,Mon-00089,Water,28,72,67,126,79,111,24
90,Mon-00090,Psychic,3,82,42,146,72,52,37
91,Mon-00091,Normal,92,58,124,53,80,119,26
92,Mon-00092,Ground,100,128,95,136,113,21,72
93,Mon-00093,Ghost,37,76,54,57,21,77,28
94,Mon-00094,Water,88,85,114,40,31,125,45
95,Mon-00095,Fighting,47,41,21,58,72,51,73
96,Mon-00096,Normal,92,66,123,122,84,92,96
97,Mon-00097,Dark,18,89,84,143,39,101,22
98,Mon-00098,Fire,29,67,85,102,87,58,99
99,Mon-00099,Fairy,74,105,21,55,22,90,77
100,Mon-00100,Dark,23,35,39,100,47,92,20
101,Mon-00101,Fighting,83,37,99,89,71,72,30
102,Mon-00102,Ghost,43,57,81,90,25,61,125
103,Mon-00103,Fighting,41,55,34,69,90,72,69
104,Mon-00104,Fighting,46,110,93,42,79,36,122
105,Mon-00105,Ghost,80,116,102,70,82,74,77
106,Mon-00106,Poison,1,72,50,137,77,56,34
107,Mon-00107,Electric,76,76,96,76,96,57,100
108,Mon-00108,Electric,78,52,128,27,92,47,73
109,Mon-00109,Normal,83,79,73,68,93,77,61
110,Mon-00110,Normal,100,98,45,83,43,20,43
111,Mon-00111,Fire,79,100,126,100,96,26,69
112,Mon-00112,Fighting,53,127,121,105,39,43,126
113,Mon-00113,Water,47,84,70,78,22,83,44
114,Mon-00114,Fighting,39,57,67,43,128,48,82
115,Mon-00115,Grass,83,27,112,80,39,75,23
116,Mon-00116,Fighting,40,96,20,25,32,36,97
117,Mon-00117,Fighting,58,109,54,88,53,66,118
118,Mon-00118,Fighting,10,81,80,81,130,70,128
119,Mon-00119,Normal,32,122,92,69,115,55,110
120,Mon-00120,Rock,27,55,89,108,99,25,94
121,Mon-00121,Dark,44,25,61,120,40,89,84
122,Mon-00122,Electric,51,90,116,58,89,42,116
123,Mon-00123,Fighting,72,33,92,88,112,73,21
124,Mon-00124,Psychic,44,29,80,89,57,98,46
125,Mon-00125,Ghost,16,97,124,89,48,31,24
126,Mon-00126,Rock,55,68,30,75,116,95,45
127,Mon-00127,Psychic,6,87,98,51,34,61,44
128,Mon-00128,Grass,85,102,122,46,121,75,68
129,Mon-00129,Fire,78,62,93,28,73,28,96
130,Mon-00130,Electric,23,87,82,31,100,75,117
131,Mon-00131,Fire,27,79,60,126,61,62,86
132,Mon-00132,Ghost,3,84,50,33,98,39,24
133,Mon-00133,Normal,37,98,80,132,122,79,30
134,Mon-00134,Normal,4,62,119,137,74,92,68
135,Mon-00135,Rock,94,75,71,55,43,63,88
136,Mon-00136,Poison,14,85,33,80,28,90,111
137,Mon-00137,Psychic,66,35,73,70,122,57,61
138,Mon-00138,Fire,58,43,30,74,130,112,39
139,Mon-00139,Dark,24,29,123,70,92,51,35
140,Mon-00140,Psychic,81,41,79,68,21,108,88
141,Mon-00141,Normal,11,68,43,111,118,62,130
142,Mon-00142,Psychic,89,124,89,76,74,81,27
143,Mon-00143,Psychic,75,122,79,48,45,27,21
144,Mon-00144,Fire,64,104,76,72,60,28,21
145,Mon-00145,Psychic,88,81,85,148,124,130,80
146,Mon-00146,Fighting,41,42,123,149,106,20,55
147,Mon-00147,Electric,29,59,115,32,86,81,111
148,Mon-00148,Psychic,16,105,49,97,101,70,109
149,Mon-00149,Grass,93,120,46,147,114,90,75
150,Mon-00150,Fairy,41,126,129,49,89,20,24
151,Mon-00151,Ghost,83,63,91,33,54,40,83
152,Mon-00152,Ground,34,74,22,51,28,57,60
153,Mon-00153,Water,96,76,78,65,33,122,112
154,Mon-00154,Electric,88,26,33,142,46,58,100
155,Mon-00155,Ghost,31,32,23,56,105,83,126
156,Mon-00156,Ground,49,25,40,66,30,83,60
157,Mon-00157,Poison,80,101,48,57,34,65,55
158,Mon-00158,Grass,23,44,28,74,128,112,73
159,Mon-00159,Electric,3,97,112,150,64,99,111
160,Mon-00160,Fighting,29,61,68,35,34,69,75
161,Mon-00161,Grass,60,108,81,82,116,53,57
162,Mon-00162,Poison,14,32,116,102,127,50,120
163,Mon-00163,Electric,34,56,112,40,75,123,63
164,Mon-00164,Poison,92,42,111,30,32,33,117
165,Mon-00165,Electric,8,68,41,148,89,38,90
166,Mon-00166,Ghost,6,82,102,58,115,49,27
167,Mon-00167,Normal,43,38,130,55,127,112,74
168,Mon-00168,Fire,2,94,20,68,83,96,96
169,Mon-00169,Psychic,3,127,116,34,124,127,121
170,Mon-00170,Rock,19,24,116,43,112,100,80
171,Mon-00171,Fighting,11,29,113,28,37,74,21
172,Mon-00172,Ground,82,125,64,92,90,24,59
173,Mon-00173,Normal,13,92,42,83,93,117,127
174,Mon-00174,Ghost,53,122,101,59,105,94,74
175,Mon-00175,Ghost,71,98,89,140,78,27,62
176,Mon-00176,Ghost,63,99,100,63,101,127,117
177,Mon-00177,Fighting,66,37,48,27,84,88,66
178,Mon-00178,Fairy,36,76,39,37,48,88,105
179,Mon-00179,Water,89,60,120,116,73,59,22
180,Mon-00180,Fairy,7,112,77,92,123,56,83
181,Mon-00181,Grass,11,24,114,57,113,60,22
182,Mon-00182,Fire,86,22,122,56,91,25,39
183,Mon-00183,Fire,7,81,70,52,55,69,80
184,Mon-00184,Fighting,20,127,49,78,42,26,88
185,Mon-00185,Dark,18,130,119,113,51,86,33
186,Mon-00186,Dark,4,85,99,105,53,42,75
187,Mon-00187,Rock,12,67,93,119,126,88,65
188,Mon-00188,Dark,58,50,126,30,79,61,69
189,Mon-00189,Water,67,129,47,95,63,50,109
190,Mon-00190,Poison,9,40,60,121,117,36,124
191,Mon-00191,Rock,95,34,24,50,60,62,28
192,Mon-00192,Ground,10,76,63,98,108,27,130
193,Mon-00193,Fire,69,63,69,25,91,47,25
194,Mon-00194,Rock,81,75,70,139,53,71,125
195,Mon-00195,Dark,53,120,36,117,126,90,88
196,Mon-00196,Rock,50,49,109,103,96,71,102
197,Mon-00197,Ghost,11,117,74,100,129,31,46
198,Mon-00198,Water,25,43,68,109,20,100,86
199,Mon-00199,Fairy,86,55,115,78,51,67,85
200,Mon-00200,Electric,35,20,73,146,56,89,55
201,Mon-00201,Electric,4,95,119,51,94,128,75
202,Mon-00202,Normal,73,115,44,127,113,25,125
203,Mon-00203,Normal,69,118,114,121,33,129,31
204,Mon-00204,Psychic,7,38,129,130,36,125,70
205,Mon-00205,Fairy,6,105,103,33,94,77,57
206,Mon-00206,Ground,12,35,119,81,59,23,42
207,Mon-00207,Fire,6,89,102,105,97,47,73
208,Mon-00208,Fairy,62,97,86,102,20,45,32
209,Mon-00209,Fire,14,36,104,111,78,84,33
210,Mon-00210,Fairy,61,32,126,104,22,96,112
211,Mon-00211,Ground,18,28,87,53,125,74,55
212,Mon-00212,Fairy,98,98,96,129,36,59,56
213,Mon-00213,Poison,73,88,28,85,39,24,93
214,Mon-00214,Rock,38,33,126,147,31,124,105
215,Mon-00215,Dark,43,75,106,90,44,129,116
216,Mon-00216,Ghost,7,108,37,92,74,23,89
217,Mon-00217,Electric,6,46,52,99,88,56,49
218,Mon-00218,Dark,54,87,45,134,119,129,51
219,Mon-00219,Ground,3,52,55,138,117,64,98
220,Mon-00220,Electric,64,48,118,98,29,89,114
221,Mon-00221,Fighting,39,63,71,93,67,77,121
222,Mon-00222,Electric,14,59,66,31,116,90,113
223,Mon-00223,Dark,54,75,106,33,38,117,89
224,Mon-00224,Fighting,56,42,61,117,94,62,39
225,Mon-00225,Ghost,75,63,118,68,67,108,66
226,Mon-00226,Dark,20,89,103,80,38,70,33
227,Mon-00227,Electric,55,62,48,104,26,42,68
228,Mon-00228,Fire,85,92,89,52,52,28,86
229,Mon-00229,Fire,27,32,73,66,20,99,94
230,Mon-00230,Ghost,84,35,58,30,41,86,45
231,Mon-00231,Poison,73,116,120,121,80,117,97
232,Mon-00232,Fire,43,71,64,89,107,46,56
233,Mon-00233,Ghost,89,87,32,48,76,99,97
234,Mon-00234,Dark,97,102,65,100,100,22,123
235,Mon-00235,Water,24,36,77,43,28,35,52
236,Mon-00236,Dark,98,127,34,123,53,85,39
237,Mon-00237,Electric,1,67,102,54,93,79,127
238,Mon-00238,Fighting,13,118,45,59,26,85,72
239,Mon-00239,Psychic,5,66,30,135,84,113,45
240,Mon-00240,Psychic,37,65,79,118,38,112,52
241,Mon-00241,Water,94,86,37,110,66,41,71
242,Mon-00242,Rock,61,41,106,100,89,42,58
243,Mon-00243,Poison,62,87,27,90,129,79,120
244,Mon-00244,Grass,9,129,66,49,30,126,61
245,Mon-00245,Dark,52,91,25,62,81,94,72
246,Mon-00246,Rock,39,27,62,146,79,36,48
247,Mon-00247,Dark,48,97,123,140,27,90,98
248,Mon-00248,Normal,27,23,92,116,88,57,104
249,Mon-00249,Ghost,21,31,79,136,28,31,82
250,Mon-00250,Fairy,96,51,37,126,96,99,110
251,Mon-00251,Normal,56,53,54,75,43,50,50
252,Mon-00252,Fire,42,20,62,115,33,106,79
253,Mon-00253,Psychic,8,21,84,119,27,81,100
254,Mon-00254,Fire,77,107,43,42,71,69,119
255,Mon-00255,Normal,48,70,130,140,46,43,56
256,Mon-00256,Normal,39,42,92,87,71,52,35
257,Mon-00257,Fire,67,67,54,64,119,57,106
258,Mon-00258,Dark,14,96,32,84,112,96,76
259,Mon-00259,Ghost,54,101,86,66,103,66,26
260,Mon-00260,Fighting,87,51,69,66,72,23,111
261,Mon-00261,Grass,47,38,94,93,32,21,75
262,Mon-00262,Water,1,126,86,150,65,50,88
263,Mon-00263,Rock,23,90,91,76,22,76,59
264,Mon-00264,Water,6,129,112,52,33,56,129
265,Mon-00265,Fairy,51,54,78,120,53,130,67
266,Mon-00266,Normal,37,32,100,62,97,45,86
267,Mon-00267,Fire,14,62,59,92,107,65,79
268,Mon-00268,Normal,69,56,124,56,88,64,126
269,Mon-00269,Fire,18,99,65,51,48,50,87
270,Mon-00270,Water,35,99,95,56,99,117,30
271,Mon-00271,Psychic,99,27,130,69,130,48,115
272,Mon-00272,Fighting,7,85,58,145,92,21,24
273,Mon-00273,Water,25,58,31,109,104,77,78
274,Mon-00274,Electric,32,88,45,112,117,90,59
275,Mon-00275,Ground,51,63,47,31,99,70,73
276,Mon-00276,Ground,25,79,26,26,117,66,113
277,Mon-00277,Psychic,98,99,80,68,52,115,32
278,Mon-00278,Ghost,1,52,50,136,54,61,25
279,Mon-00279,Fairy,95,42,30,27,39,90,120
280,Mon-00280,Psychic,54,98,35,121,40,112,48
281,Mon-00281,Psychic,4,125,50,128,81,64,69
282,Mon-00282,Electric,12,69,60,60,122,80,129
283,Mon-00283,Grass,11,130,128,39,44,62,100
284,Mon-00284,Fire,29,40,97,44,99,88,91
285,Mon-00285,Ground,34,110,99,34,28,80,20
286,Mon-00286,Ghost,65,129,96,131,127,114,63
287,Mon-00287,Rock,32,53,109,124,78,48,77
288,Mon-00288,Rock,73,36,55,109,75,37,28
289,Mon-00289,Fighting,30,93,31,36,59,66,91
290,Mon-00290,Grass,27,116,76,144,126,87,103
291,Mon-00291,Fire,28,29,20,111,66,51,60
292,Mon-00292,Electric,33,91,44,129,33,130,122
293,Mon-00293,Rock,84,116,103,72,82,77,123
294,Mon-00294,Normal,25,23,75,49,85,110,102
295,Mon-00295,Rock,28,77,96,128,102,80,54
296,Mon-00296,Ghost,96,28,76,31,75,63,32
297,Mon-00297,Ground,66,39,80,48,51,113,97
298,Mon-00298,Water,20,73,53,44,20,37,79
299,Mon-00299,Psychic,87,56,44,35,129,47,99
300,Mon-00300,Psychic,19,29,48,94,41,104,64
301,Mon-00301,Rock,17,108,108,53,58,120,36
302,Mon-00302,Fighting,45,42,128,146,37,52,120
303,Mon-00303,Electric,70,116,29,142,46,79,126
304,Mon-00304,Ground,19,39,79,46,26,73,104
305,Mon-00305,Fairy,76,77,72,129,57,100,22
306,Mon-00306,Psychic,16,100,82,29,125,75,109
307,Mon-00307,Rock,79,73,45,61,44,87,130
308,Mon-00308,Poison,10,66,20,108,127,94,65
309,Mon-00309,Ghost,47,103,42,50,90,112,75
310,Mon-00310,Electric,65,21,40,34,118,35,22
311,Mon-00311,Grass,27,111,25,44,88,93,86
312,Mon-00312,Fairy,62,96,59,107,129,40,104
313,Mon-00313,Fighting,69,104,95,52,81,21,42
314,Mon-00314,Grass,66,66,127,55,112,99,90
315,Mon-00315,Poison,40,62,92,50,24,63,48
316,Mon-00316,Psychic,78,83,39,136,123,99,35
317,Mon-00317,Fire,74,91,60,136,22,124,22
318,Mon-00318,Electric,33,122,53,126,41,34,104
319,Mon-00319,Psychic,74,115,43,27,101,70,43
320,Mon-00320,Fairy,92,25,129,56,48,30,36
321,Mon-00321,Fire,82,36,92,135,24,111,126
322,Mon-00322,Normal,74,125,73,94,115,130,102
323,Mon-00323,Normal,77,63,68,30,76,116,48
324,Mon-00324,Fire,81,84,55,56,73,130,99
325,Mon-00325,Electric,29,26,66,129,55,56,75
326,Mon-00326,Electric,73,31,90,135,99,50,20
327,Mon-00327,Normal,20,65,123,78,54,115,49
328,Mon-00328,Dark,36,99,75,44,82,92,106
329,Mon-00329,Dark,94,105,40,34,34,61,99
330,Mon-00330,Ground,29,119,126,53,53,43,65
331,Mon-00331,Dark,85,41,54,125,23,22,129
332,Mon-00332,Fairy,43,42,29,129,51,24,76
333,Mon-00333,Fire,21,80,80,57,62,97,21
334,Mon-00334,Psychic,10,80,107,148,103,49,127
335,Mon-00335,Poison,55,24,48,135,111,111,22
336,Mon-00336,Ground,46,69,50,149,79,113,122
337,Mon-00337,Water,52,119,52,119,122,70,28
338,Mon-00338,Electric,5,38,109,97,59,53,62
339,Mon-00339,Grass,27,111,126,148,74,39,26
340,Mon-00340,Fire,1,69,114,111,88,48,98
341,Mon-00341,Psychic,31,78,45,129,39,88,54
342,Mon-00342,Psychic,94,91,114,75,66,103,76
343,Mon-00343,Fairy,16,98,54,55,119,101,41
344,Mon-00344,Fairy,69,90,116,97,72,126,111
345,Mon-00345,Fighting,1,31,130,76,123,92,71
346,Mon-00346,Ghost,57,52,99,69,95,76,55
347,Mon-00347,Fighting,93,113,126,112,38,59,22
348,Mon-00348,Ground,35,24,35,101,70,57,72
349,Mon-00349,Fairy,20,99,92,64,60,60,100
350,Mon-00350,Water,58,77,25,55,125,117,32
351,Mon-00351,Ground,28,33,92,93,57,80,76
352,Mon-00352,Normal,90,33,57,66,73,44,122
353,Mon-00353,Electric,85,128,127,54,96,41,116
354,Mon-00354,Normal,66,23,74,52,126,23,119
355,Mon-00355,Rock,64,22,104,108,80,113,119
356,Mon-00356,Poison,61,21,53,77,114,44,50
357,Mon-00357,Electric,74,89,28,68,32,31,37
358,Mon-00358,Ground,47,122,102,39,118,52,84
359,Mon-00359,Ground,97,39,44,31,43,74,99
360,Mon-00360,Water,35,108,100,112,104,126,61
361,Mon-00361,Water,1,99,71,146,79,115,45
362,Mon-00362,Rock,70,45,127,65,87,38,37
363,Mon-00363,Grass,67,27,59,131,30,78,76
364,Mon-00364,Electric,99,74,64,100,79,111,24
365,Mon-00365,Ghost,40,29,102,63,29,104,95
366,Mon-00366,Ground,43,32,107,96,81,72,111
367,Mon-00367,Ground,57,71,33,41,65,46,112
368,Mon-00368,Fire,40,110,102,67,42,107,52
369,Mon-00369,Poison,79,130,74,117,74,69,31
370,Mon-00370,Fire,43,89,129,132,43,46,77
371,Mon-00371,Dark,79,50,90,52,29,99,102
372,Mon-00372,Fighting,43,56,105,139,23,117,120
373,Mon-00373,Poison,23,87,58,101,57,118,33
374,Mon-00374,Water,100,39,51,53,102,124,22
375,Mon-00375,Poison,53,77,107,123,83,91,35
376,Mon-00376,Fire,71,105,21,136,33,105,80
377,Mon-00377,Rock,60,113,84,59,69,46,38
378,Mon-00378,Rock,36,26,127,38,84,55,126
379,Mon-00379,Fairy,98,52,130,60,45,36,58
380,Mon-00380,Grass,38,48,99,120,35,29,109
381,Mon-00381,Fighting,100,81,75,32,47,113,56
382,Mon-00382,Fairy,44,40,110,61,27,70,44
383,Mon-00383,Normal,3,125,21,65,46,81,29
384,Mon-00384,Ghost,4,121,108,27,79,29,42
385,Mon-00385,Fairy,98,56,41,100,108,40,103
386,Mon-00386,Poison,53,65,101,126,116,28,104
387,Mon-00387,Fire,39,68,58,44,94,73,94
388,Mon-00388,Dark,82,24,103,136,59,84,28
389,Mon-00389,Dark,62,118,86,145,123,34,55
390,Mon-00390,Fairy,67,106,123,134,122,98,86
391,Mon-00391,Electric,69,56,107,116,59,31,124
392,Mon-00392,Grass,20,80,121,81,21,113,45
393,Mon-00393,Ground,9,62,36,50,68,122,40
394,Mon-00394,Ground,73,45,62,140,71,91,113
395,Mon-00395,Electric,3,53,68,91,95,80,71
396,Mon-00396,Grass,72,31,23,81,36,101,62
397,Mon-00397,Fire,13,109,22,74,80,47,62
398,Mon-00398,Grass,27,92,24,52,55,122,66
399,Mon-00399,Fighting,71,123,105,73,74,117,73
400,Mon-00400,Poison,63,20,69,125,22,97,108
401,Mon-00401,Fire,79,90,103,95,78,130,96
402,Mon-00402,Dark,62,82,112,74,23,53,29
403,Mon-00403,Water,5,89,24,38,114,118,34
404,Mon-00404,Fairy,84,129,114,77,99,23,86
405,Mon-00405,Psychic,22,63,45,52,122,102,113
406,Mon-00406,Dark,14,35,64,75,92,52,126
407,Mon-00407,Poison,88,21,126,43,128,126,119
408,Mon-00408,Grass,20,74,53,144,43,82,92
409,Mon-00409,Water,54,39,124,46,20,41,46
410,Mon-00410,Electric,49,35,76,40,120,54,29
411,Mon-00411,Fairy,77,36,21,107,93,117,101
412,Mon-00412,Ground,5,50,112,68,96,109,120
413,Mon-00413,Fighting,11,32,24,150,52,59,64
414,Mon-00414,Fairy,42,73,90,75,57,49,34
415,Mon-00415,Ground,48,92,70,107,95,23,101
416,Mon-00416,Rock,79,52,35,130,65,33,60
417,Mon-00417,Rock,61,35,77,149,28,23,90
418,Mon-00418,Ghost,15,83,60,127,52,56,40
419,Mon-00419,Fire,98,29,30,97,62,40,59
420,Mon-00420,Ground,46,101,81,127,112,22,100
421,Mon-00421,Grass,97,62,24,60,58,106,115
422,Mon-00422,Water,99,65,79,134,74,117,49
423,Mon-00423,Water,6,47,45,134,86,119,108
424,Mon-00424,Electric,51,51,112,73,35,112,48
425,Mon-00425,Fire,43,36,125,33,84,34,101
426,Mon-00426,Grass,50,81,123,111,42,38,65
427,Mon-00427,Normal,31,36,124,37,117,113,97
428,Mon-00428,Ground,56,95,31,27,52,21,51
429,Mon-00429,Fire,50,48,76,144,53,103,29
430,Mon-00430,Electric,19,82,44,96,64,33,107
431,Mon-00431,Rock,29,79,30,106,60,25,20
432,Mon-00432,Ground,15,90,63,135,85,106,78
433,Mon-00433,Dark,85,104,67,142,100,101,26
434,Mon-00434,Dark,68,82,52,145,127,29,81
435,Mon-00435,Psychic,39,114,32,41,118,24,32
436,Mon-00436,Ghost,40,48,65,65,49,118,37
437,Mon-00437,Water,8,103,37,121,87,49,129
438,Mon-00438,Poison,29,58,24,28,56,127,121
439,Mon-00439,Fighting,93,89,70,54,109,78,69
440,Mon-00440,Grass,4,74,27,89,22,128,58
441,Mon-00441,Dark,15,120,127,68,130,120,97
442,Mon-00442,Fire,85,50,113,46,61,88,61
443,Mon-00443,Dark,53,77,122,138,102,31,36
444,Mon-00444,Fighting,4,38,31,81,94,119,46
445,Mon-00445,Fire,49,90,71,76,60,58,88
446,Mon-00446,Ghost,75,24,111,107,126,47,126
447,Mon-00447,Fire,35,65,83,109,49,84,92
448,Mon-00448,Psychic,39,21,54,87,102,59,87
449,Mon-00449,Ground,64,56,112,136,123,102,107
450,Mon-00450,Fire,60,73,54,62,33,49,26
451,Mon-00451,Ghost,91,56,128,134,121,121,89
452,Mon-00452,Ground,25,62,31,134,118,31,41
453,Mon-00453,Electric,28,36,98,26,62,72,66
454,Mon-00454,Fire,16,99,21,120,113,126,73
455,Mon-00455,Rock,67,108,121,44,20,113,101
456,Mon-00456,Rock,54,70,59,86,40,111,40
457,Mon-00457,Normal,35,26,22,140,103,88,125
458,Mon-00458,Fairy,70,26,112,49,123,83,87
459,Mon-00459,Ground,38,94,127,95,33,42,58
460,Mon-00460,Rock,20,123,122,122,99,53,54
461,Mon-00461,Electric,54,115,73,85,31,84,31
462,Mon-00462,Ground,44,65,26,34,106,54,58
463,Mon-00463,Ground,41,75,45,33,119,54,32
464,Mon-00464,Rock,45,38,23,90,70,95,107
465,Mon-00465,Grass,92,27,24,28,31,98,108
466,Mon-00466,Psychic,22,105,37,26,42,75,78
467,Mon-00467,Psychic,28,67,82,145,76,51,127
468,Mon-00468,Fire,57,75,105,92,108,39,32
469,Mon-00469,Normal,5,58,84,84,77,49,117
470,Mon-00470,Fighting,15,54,42,37,72,56,61
471,Mon-00471,Fire,57,129,86,124,86,124,104
472,Mon-00472,Dark,51,110,45,89,127,55,119
473,Mon-00473,Fire,66,96,71,52,107,120,34
474,Mon-00474,Dark,12,63,118,119,37,79,113
475,Mon-00475,Ghost,86,100,34,54,41,70,130
476,Mon-00476,Grass,49,57,117,88,59,49,104
477,Mon-00477,Ground,16,77,50,95,50,104,36
478,Mon-00478,Water,32,36,94,60,101,113,113
479,Mon-00479,Psychic,23,98,49,135,130,129,50
480,Mon-00480,Water,46,26,38,113,83,111,30
481,Mon-00481,Ground,47,100,69,61,118,29,91
482,Mon-00482,Dark,44,87,62,44,68,117,33
483,Mon-00483,Fighting,47,27,76,66,96,87,83
484,Mon-00484,Ghost,91,76,46,83,97,76,22
485,Mon-00485,Rock,96,44,128,94,52,48,102
486,Mon-00486,Normal,49,72,94,75,101,76,33
487,Mon-00487,Fighting,97,21,113,30,79,108,94
488,Mon-00488,Poison,82,100,106,110,84,85,111
489,Mon-00489,Grass,82,76,100,72,47,31,30
490,Mon-00490,Normal,23,60,35,67,55,103,24
491,Mon-00491,Fire,44,117,85,95,115,107,117
492,Mon-00492,Electric,36,91,119,130,88,94,71
493,Mon-00493,Fighting,10,87,30,25,34,42,76
494,Mon-00494,Electric,8,36,71,146,80,52,47
495,Mon-00495,Fighting,63,75,40,105,88,70,72
496,Mon-00496,Rock,43,97,108,93,108,116,112
497,Mon-00497,Electric,83,122,123,31,114,110,113
498,Mon-00498,Fairy,67,87,25,114,92,30,109
499,Mon-00499,Rock,9,39,108,115,21,27,52
500,Mon-00500,Dark,84,95,60,95,75,25,105
501,Mon-00501,Psychic,50,28,126,126,42,123,69
502,Mon-00502,Ground,57,54,21,130,22,115,61
503,Mon-00503,Poison,97,121,41,130,122,44,56
504,Mon-00504,Dark,65,108,99,66,38,121,122
505,Mon-00505,Psychic,3,120,106,109,47,75,39
506,Mon-00506,Electric,18,59,28,32,57,54,119
507,Mon-00507,Ghost,43,95,37,95,71,101,121
508,Mon-00508,Fire,4,97,57,43,86,27,92
509,Mon-00509,Fairy,17,47,23,63,54,33,22
510,Mon-00510,Ground,80,124,106,110,107,48,87
511,Mon-00511,Ghost,15,127,94,78,37,87,32
512,Mon-00512,Fire,17,32,103,133,126,113,57
513,Mon-00513,Normal,51,104,72,35,115,77,28
514,Mon-00514,Ground,10,69,91,147,86,68,101
515,Mon-00515,Poison,26,94,83,114,25,85,73
516,Mon-00516,Electric,94,81,97,79,100,21,124
517,Mon-00517,Ghost,64,44,70,28,98,93,95
518,Mon-00518,Rock,97,30,92,30,88,109,55
519,Mon-00519,Electric,36,76,91,77,51,66,106
520,Mon-00520,Electric,62,112,91,97,67,91,51
521,Mon-00521,Electric,24,111,116,88,66,53,49
522,Mon-00522,Ground,38,50,58,62,87,123,49
523,Mon-00523,Dark,18,115,117,106,56,40,98
524,Mon-00524,Fighting,84,59,23,102,64,35,129
525,Mon-00525,Fighting,19,82,73,68,120,124,114
526,Mon-00526,Ground,21,56,69,66,70,76,79
527,Mon-00527,Fire,47,78,116,80,85,64,21
528,Mon-00528,Poison,43,78,25,118,121,110,127
529,Mon-00529,Grass,32,97,44,99,124,51,62
530,Mon-00530,Rock,36,72,72,41,82,52,88
531,Mon-00531,Psychic,30,78,110,141,49,25,66
532,Mon-00532,Fairy,92,92,71,50,31,77,52
533,Mon-00533,Fire,59,66,90,109,115,103,53
534,Mon-00534,Water,92,78,39,27,78,129,85
535,Mon-00535,Fighting,99,29,124,57,82,78,67
536,Mon-00536,Fairy,66,116,107,96,125,28,37
537,Mon-00537,Fairy,83,33,24,131,61,41,61
538,Mon-00538,Ground,12,116,98,95,31,51,69
539,Mon-00539,Fire,95,104,34,31,94,119,89
540,Mon-00540,Poison,49,125,82,145,127,84,69
541,Mon-00541,Poison,72,22,98,59,38,123,41
542,Mon-00542,Psychic,25,44,122,70,129,113,83
543,Mon-00543,Water,10,25,27,38,80,117,112
544,Mon-00544,Water,89,66,51,112,82,51,62
545,Mon-00545,Electric,45,120,96,81,126,82,90
546,Mon-00546,Psychic,14,105,49,52,56,26,70
547,Mon-00547,Fire,66,98,99,105,102,61,53
548,Mon-00548,Ghost,6,114,40,49,20,54,117
549,Mon-00549,Fire,46,20,38,91,94,37,126
550,Mon-00550,Psychic,71,107,80,108,21,26,40
551,Mon-00551,Grass,73,54,96,127,20,61,89
552,Mon-00552,Dark,46,96,42,112,63,27,122
553,Mon-00553,Grass,37,104,117,96,61,87,79
554,Mon-00554,Water,84,96,116,29,106,50,79
555,Mon-00555,Water,19,66,29,54,118,45,126
556,Mon-00556,Fighting,8,87,53,97,124,32,89
557,Mon-00557,Grass,16,72,81,92,89,71,114
558,Mon-00558,Ghost,81,89,74,92,37,38,31
559,Mon-00559,Psychic,47,70,48,117,94,83,85
560,Mon-00560,Rock,4,63,78,139,74,129,36
561,Mon-00561,Normal,17,42,126,88,78,101,42
562,Mon-00562,Fighting,3,63,54,41,75,32,101
563,Mon-00563,Ghost,82,100,44,80,118,30,116
564,Mon-00564,Fighting,47,116,101,56,62,117,119
565,Mon-00565,Fairy,7,31,83,91,127,116,104
566,Mon-00566,Ground,23,40,96,99,79,60,77
567,Mon-00567,Rock,62,76,91,94,96,70,68
568,Mon-00568,Dark,60,97,104,98,122,61,38
569,Mon-00569,Poison,82,38,100,64,110,84,107
570,Mon-00570,Fighting,3,56,87,47,68,43,108
571,Mon-00571,Poison,7,25,70,132,42,124,34
572,Mon-00572,Rock,4,25,71,75,35,64,121
573,Mon-00573,Grass,40,35,49,51,60,38,56
574,Mon-00574,Rock,73,100,69,150,93,53,94
575,Mon-00575,Water,67,116,87,29,108,118,34
576,Mon-00576,Poison,22,75,99,68,23,52,40
577,Mon-00577,Electric,66,39,105,118,71,109,87
578,Mon-00578,Water,66,122,61,76,124,105,65
579,Mon-00579,Electric,20,50,101,131,111,130,23
580,Mon-00580,Normal,75,37,68,70,124,36,124
581,Mon-00581,Psychic,43,35,59,105,126,63,118
582,Mon-00582,Ground,6,59,38,78,30,113,41
583,Mon-00583,Ghost,40,101,49,84,95,34,92
584,Mon-00584,Electric,77,64,95,87,81,23,38
585,Mon-00585,Grass,70,69,44,147,72,21,99
586,Mon-00586,Grass,27,57,28,120,108,29,97
587,Mon-00587,Fairy,76,124,50,71,123,107,102
588,Mon-00588,Ground,39,95,129,77,71,58,80
589,Mon-00589,Rock,47,93,36,76,92,35,22
590,Mon-00590,Poison,9,68,35,117,73,98,42
591,Mon-00591,Fire,100,78,64,99,90,53,129
592,Mon-00592,Fire,84,118,62,92,127,35,88
593,Mon-00593,Fighting,20,92,122,79,110,129,58
594,Mon-00594,Fire,57,110,46,75,45,84,123
595,Mon-00595,Grass,79,24,66,94,116,69,67
596,Mon-00596,Ghost,51,115,52,129,78,122,114
597,Mon-00597,Ground,22,125,47,146,84,45,109
598,Mon-00598,Normal,97,94,55,32,32,85,20
599,Mon-00599,Fire,27,126,48,54,69,103,123
600,Mon-00600,Fighting,34,83,99,111,53,20,117
601,Mon-00601,Fighting,38,50,107,43,29,50,130
602,Mon-00602,Fighting,90,87,39,101,114,30,89
603,Mon-00603,Poison,51,89,75,78,34,78,97
604,Mon-00604,Electric,72,36,49,49,99,95,49
605,Mon-00605,Ground,91,42,116,88,102,37,36
606,Mon-00606,Fairy,93,52,31,89,87,35,30
607,Mon-00607,Fighting,86,80,65,114,113,71,39
608,Mon-00608,Psychic,91,36,56,129,32,64,127
609,Mon-00609,Fighting,95,105,60,145,21,32,50
610,Mon-00610,Normal,100,32,124,80,114,95,23
611,Mon-00611,Normal,65,124,80,111,40,105,96
612,Mon-00612,Normal,14,95,62,124,53,67,40
613,Mon-00613,Fighting,12,57,109,149,96,60,76
614,Mon-00614,Dark,80,61,106,106,79,37,94
615,Mon-00615,Fire,32,96,36,56,42,55,83
616,Mon-00616,Fighting,81,29,71,68,45,76,104
617,Mon-00617,Rock,94,99,65,51,112,130,22
618,Mon-00618,Fairy,65,81,69,49,77,40,49
619,Mon-00619,Rock,77,44,58,63,122,112,65
620,Mon-00620,Ground,28,119,111,87,82,75,101
621,Mon-00621,Poison,44,89,130,124,93,81,80
622,Mon-00622,Fighting,97,38,22,61,57,53,104
623,Mon-00623,Rock,82,92,115,48,23,124,102
624,Mon-00624,Fighting,21,65,116,40,76,27,109
625,Mon-00625,Ghost,94,104,60,49,101,43,87
626,Mon-00626,Normal,50,74,73,79,65,55,103
627,Mon-00627,Normal,85,130,31,76,115,83,95
628,Mon-00628,Electric,53,122,58,75,97,66,23
629,Mon-00629,Electric,61,24,46,65,76,123,51
630,Mon-00630,Grass,17,65,120,82,80,40,119
631,Mon-00631,Fire,34,42,31,106,45,83,30
632,Mon-00632,Ghost,73,69,57,30,117,73,82
633,Mon-00633,Rock,85,36,73,137,26,54,105
634,Mon-00634,Water,9,79,128,63,25,22,67
635,Mon-00635,Ghost,8,37,110,42,107,110,39
636,Mon-00636,Psychic,70,89,123,47,22,42,22
637,Mon-00637,Electric,45,70,54,93,76,35,93
638,Mon-00638,Fairy,85,130,49,90,40,83,85
639,Mon-00639,Fairy,7,117,83,36,95,36,96
640,Mon-00640,Rock,35,86,57,87,33,90,38
641,Mon-00641,Fairy,4,69,21,52,49,101,71
642,Mon-00642,Dark,71,99,110,139,78,45,80
643,Mon-00643,Fairy,86,94,30,63,61,27,113
644,Mon-00644,Ghost,16,35,41,150,42,30,41
645,Mon-00645,Fairy,33,61,124,97,26,25,97
646,Mon-00646,Water,85,130,101,146,21,73,96
647,Mon-00647,Normal,5,55,91,94,41,62,85
648,Mon-00648,Electric,96,21,34,40,51,106,29
649,Mon-00649,Electric,89,112,47,106,33,64,33
650,Mon-00650,Fighting,16,123,42,85,76,92,86
651,Mon-00651,Ground,14,92,91,128,118,72,89
652,Mon-00652,Normal,70,90,75,74,99,67,91
653,Mon-00653,Poison,2,58,60,48,54,102,105
654,Mon-00654,Poison,51,59,102,39,68,76,63
655,Mon-00655,Rock,7,121,106,118,105,83,52
656,Mon-00656,Fighting,54,115,102,54,126,69,121
657,Mon-00657,Fairy,36,75,31,109,81,99,96
658,Mon-00658,Ghost,71,54,87,41,42,53,78
659,Mon-00659,Rock,89,40,43,35,116,25,81
660,Mon-00660,Ground,49,21,50,114,77,67,103
661,Mon-00661,Poison,65,73,128,68,23,55,54
662,Mon-00662,Rock,61,81,66,96,48,119,69
663,Mon-00663,Normal,99,94,107,28,79,127,24
664,Mon-00664,Water,24,109,47,48,109,44,107
665,Mon-00665,Fighting,24,60,127,36,114,67,75
666,Mon-00666,Psychic,38,38,50,60,40,67,119
667,Mon-00667,Rock,74,113,40,60,100,44,52
668,Mon-00668,Dark,87,104,55,72,126,21,65
669,Mon-00669,Normal,28,79,39,55,108,130,26
670,Mon-00670,Grass,11,24,86,82,99,92,127
671,Mon-00671,Electric,61,71,35,138,108,65,58
672,Mon-00672,Water,60,88,43,35,81,40,36
673,Mon-00673,Dark,38,115,97,137,87,73,87
674,Mon-00674,Grass,19,76,24,76,79,50,113
675,Mon-00675,Water,85,71,68,97,126,44,32
676,Mon-00676,Psychic,85,62,96,109,60,126,78
677,Mon-00677,Dark,75,65,69,117,106,92,72
678,Mon-00678,Rock,58,21,22,143,22,54,35
679,Mon-00679,Poison,27,31,37,150,66,43,50
680,Mon-00680,Poison,41,103,127,37,121,105,89
681,Mon-00681,Fire,7,60,105,76,47,87,129
682,Mon-00682,Ground,25,114,58,92,108,114,34
683,Mon-00683,Psychic,46,64,116,90,75,104,89
684,Mon-00684,Normal,44,130,20,149,34,64,118
685,Mon-00685,Fire,9,40,25,107,31,92,103
686,Mon-00686,Normal,96,40,118,75,33,62,110
687,Mon-00687,Dark,27,85,94,140,71,30,121
688,Mon-00688,Psychic,51,109,86,117,54,23,92
689,Mon-00689,Fire,47,35,58,125,119,28,24
690,Mon-00690,Rock,47,75,110,104,104,122,45
691,Mon-00691,Ground,85,44,87,33,35,113,65
692,Mon-00692,Dark,75,101,68,147,75,63,126
693,Mon-00693,Fire,87,82,62,114,104,120,43
694,Mon-00694,Ground,38,92,59,43,92,101,114
695,Mon-00695,Ground,27,49,83,56,21,35,90
696,Mon-00696,Water,43,52,92,67,20,45,99
697,Mon-00697,Fighting,57,91,109,57,84,61,31
698,Mon-00698,Ghost,34,59,65,103,122,109,60
699,Mon-00699,Psychic,47,96,48,93,25,92,71
700,Mon-00700,Ghost,16,37,81,51,38,63,73
701,Mon-00701,Fighting,59,53,84,112,40,112,117
702,Mon-00702,Ground,72,31,50,61,55,56,57
703,Mon-00703,Fighting,53,29,28,45,118,120,116
704,Mon-00704,Ground,88,49,56,145,125,100,114
705,Mon-00705,Ground,100,74,27,64,54,97,91
706,Mon-00706,Fire,91,36,29,54,101,29,54
707,Mon-00707,Electric,10,30,127,115,21,36,30
708,Mon-00708,Dark,89,117,106,121,76,129,46
709,Mon-00709,Psychic,34,77,23,44,89,105,87
710,Mon-00710,Grass,46,99,58,32,115,48,43
711,Mon-00711,Fire,42,100,48,132,111,115,120
712,Mon-00712,Rock,29,31,128,88,26,54,64
713,Mon-00713,Normal,88,88,68,82,65,58,51
714,Mon-00714,Water,64,115,48,77,28,53,89
715,Mon-00715,Water,97,69,90,98,21,74,37
716,Mon-00716,Fire,96,115,72,109,37,104,112
717,Mon-00717,Psychic,42,124,40,35,123,38,81
718,Mon-00718,Grass,73,80,53,58,49,127,122
719,Mon-00719,Psychic,51,31,34,145,102,53,114
720,Mon-00720,Rock,50,88,97,46,98,127,28
721,Mon-00721,Rock,74,117,127,139,116,116,119
722,Mon-00722,Normal,69,84,109,75,79,80,25
723,Mon-00723,Rock,92,108,61,48,128,29,108
724,Mon-00724,Dark,78,79,74,99,67,83,60
725,Mon-00725,Dark,63,66,26,108,107,104,58
726,Mon-00726,Poison,92,124,60,69,106,129,109
727,Mon-00727,Fighting,11,36,23,124,80,30,50
728,Mon-00728,Rock,77,69,102,33,55,102,120
729,Mon-00729,Rock,40,37,120,40,37,52,24
730,Mon-00730,Electric,44,92,41,103,29,103,38
731,Mon-00731,Psychic,79,122,94,97,75,84,59
732,Mon-00732,Fire,28,130,86,113,64,116,51
733,Mon-00733,Ground,89,45,66,132,43,20,116
734,Mon-00734,Fighting,50,100,101,142,105,76,120
735,Mon-00735,Fire,35,117,95,88,38,94,66
736,Mon-00736,Fighting,33,112,49,88,72,62,83
737,Mon-00737,Fire,43,75,108,141,67,55,57
738,Mon-00738,Dark,95,39,92,146,128,56,65
739,Mon-00739,Fire,11,71,54,31,31,103,57
740,Mon-00740,Rock,51,106,101,88,115,43,47
741,Mon-00741,Normal,84,88,91,140,95,128,97
742,Mon-00742,Dark,48,63,33,31,107,43,32
743,Mon-00743,Ghost,57,43,38,148,106,66,52
744,Mon-00744,Poison,35,92,55,119,105,130,32
745,Mon-00745,Fighting,14,67,24,44,68,23,70
746,Mon-00746,Water,64,72,65,105,84,57,94
747,Mon-00747,Normal,92,124,71,79,60,114,77
748,Mon-00748,Dark,53,21,106,67,120,55,99
749,Mon-00749,Fairy,44,46,39,103,45,50,83
750,Mon-00750,Dark,13,122,82,117,85,20,60
751,Mon-00751,Poison,95,122,93,137,43,36,121
752,Mon-00752,Fighting,87,53,69,77,61,41,87
753,Mon-00753,Dark,91,130,120,45,126,117,24
754,Mon-00754,Normal,36,43,55,133,41,80,37
755,Mon-00755,Electric,63,25,65,67,118,45,94
756,Mon-00756,Fighting,44,54,20,120,110,109,22
757,Mon-00757,Fairy,24,78,65,125,60,87,39
758,Mon-00758,Rock,21,20,22,32,61,55,31
759,Mon-00759,Fairy,39,39,129,76,20,48,109
760,Mon-00760,Fairy,56,107,46,35,107,44,31
761,Mon-00761,Water,13,89,110,101,93,99,42
762,Mon-00762,Ground,71,87,32,125,129,99,129
763,Mon-00763,Fire,46,129,50,95,52,92,33
764,Mon-00764,Fire,89,45,33,65,64,69,46
765,Mon-00765,Ground,28,119,60,147,96,76,110
766,Mon-00766,Psychic,6,59,86,35,57,119,34
767,Mon-00767,Ghost,32,122,66,42,55,81,45
768,Mon-00768,Dark,98,106,87,71,38,88,108
769,Mon-00769,Fairy,33,43,109,144,129,45,20
770,Mon-00770,Fire,71,43,24,137,72,70,60
771,Mon-00771,Dark,85,80,67,96,105,22,48
772,Mon-00772,Water,29,75,85,144,92,71,42
773,Mon-00773,Psychic,65,46,78,138,86,108,63
774,Mon-00774,Ground,21,48,36,98,54,94,44
775,Mon-00775,Ground,37,119,42,39,55,118,105
776,Mon-00776,Fairy,30,103,61,138,73,57,35
777,Mon-00777,Fighting,68,41,92,105,35,106,64
778,Mon-00778,Psychic,88,100,129,42,79,101,28
779,Mon-00779,Rock,26,37,60,130,30,98,31
780,Mon-00780,Fire,30,69,77,75,50,108,95
781,Mon-00781,Fairy,83,21,54,124,90,72,70
782,Mon-00782,Normal,47,92,23,57,22,57,68
783,Mon-00783,Ground,52,40,64,26,24,84,50
784,Mon-00784,Grass,71,46,58,82,43,62,36
785,Mon-00785,Dark,14,41,36,81,103,96,117
786,Mon-00786,Poison,88,40,94,133,109,116,107
787,Mon-00787,Ground,37,28,48,39,20,22,71
788,Mon-00788,Ghost,66,81,44,140,50,88,22
789,Mon-00789,Fire,44,116,63,44,26,67,119
790,Mon-00790,Electric,76,53,127,142,21,31,67
791,Mon-00791,Poison,62,106,90,113,124,44,41
792,Mon-00792,Poison,18,80,67,70,67,111,34
793,Mon-00793,Normal,19,48,111,145,108,60,130
794,Mon-00794,Fire,88,26,22,70,95,29,23
795,Mon-00795,Fire,52,106,57,104,69,103,61
796,Mon-00796,Rock,28,22,80,27,103,46,81
797,Mon-00797,Psychic,15,66,74,37,47,60,52
798,Mon-00798,Grass,13,23,95,69,65,41,37
799,Mon-00799,Normal,92,106,97,55,62,102,91
800,Mon-00800,Psychic,98,129,70,53,83,121,27
801,Mon-00801,Grass,40,55,123,72,43,127,128
802,Mon-00802,Fire,21,54,123,101,102,28,73
803,Mon-00803,Ghost,42,82,72,40,113,122,101
804,Mon-00804,Dark,14,75,120,119,118,90,113
805,Mon-00805,Fighting,55,62,91,131,119,111,107
806,Mon-00806,Ghost,63,60,35,130,91,28,73
807,Mon-00807,Electric,99,40,33,49,108,114,28
808,Mon-00808,Ground,32,47,28,135,96,56,28
809,Mon-00809,Ghost,20,85,43,41,125,63,59
810,Mon-00810,Fairy,14,101,54,38,30,119,53
811,Mon-00811,Ghost,38,103,27,116,42,101,118
812,Mon-00812,Grass,61,77,87,120,66,76,69
813,Mon-00813,Electric,7,103,65,40,88,94,130
814,Mon-00814,Rock,76,85,86,77,118,59,51
815,Mon-00815,Poison,47,59,75,76,30,129,127
816,Mon-00816,Dark,80,59,50,116,37,27,57
817,Mon-00817,Fighting,47,77,88,89,115,83,130
818,Mon-00818,Psychic,16,54,125,100,54,24,75
819,Mon-00819,Fire,3,104,55,35,21,67,22
820,Mon-00820,Ghost,56,40,54,148,95,76,124
821,Mon-00821,Ground,54,26,77,95,117,112,42
822,Mon-00822,Grass,82,74,109,109,120,124,109
823,Mon-00823,Poison,88,27,78,85,114,103,110
824,Mon-00824,Normal,17,41,112,56,26,127,42
825,Mon-00825,Electric,32,61,28,109,34,33,83
826,Mon-00826,Fighting,21,20,30,61,116,78,107
827,Mon-00827,Fighting,11,44,65,52,96,86,125
828,Mon-00828,Grass,1,80,45,94,44,28,63
829,Mon-00829,Fire,9,61,22,69,63,85,65
830,Mon-00830,Normal,53,119,43,137,115,24,110
831,Mon-00831,Ground,16,30,50,108,123,90,74
832,Mon-00832,Grass,20,99,122,72,118,44,88
833,Mon-00833,Normal,12,85,106,29,71,124,32
834,Mon-00834,Fire,73,91,58,67,106,56,95
835,Mon-00835,Normal,64,94,126,39,25,86,57
836,Mon-00836,Normal,97,25,112,52,122,87,60
837,Mon-00837,Fire,12,107,47,60,44,116,119
838,Mon-00838,Normal,21,56,73,107,126,57,99
839,Mon-00839,Poison,46,92,122,38,21,59,81
840,Mon-00840,Poison,65,52,70,45,122,95,82
841,Mon-00841,Grass,14,63,61,29,78,26,115
842,Mon-00842,Electric,22,97,120,140,76,81,88
843,Mon-00843,Electric,43,123,93,149,95,61,43
844,Mon-00844,Ghost,2,117,68,62,71,128,80
845,Mon-00845,Fire,40,100,116,82,125,79,89
846,Mon-00846,Poison,76,79,102,62,31,105,26
847,Mon-00847,Fighting,53,78,58,92,92,112,34
848,Mon-00848,Fighting,44,127,67,94,43,36,72
849,Mon-00849,Water,49,42,25,57,24,90,83
850,Mon-00850,Grass,95,125,31,106,92,95,25
851,Mon-00851,Poison,53,92,125,25,95,69,70
852,Mon-00852,Electric,54,88,25,106,34,42,38
853,Mon-00853,Normal,94,85,112,119,100,71,94
854,Mon-00854,Poison,16,110,43,31,124,25,72
855,Mon-00855,Grass,10,95,80,116,97,130,30
856,Mon-00856,Grass,45,30,100,117,45,29,65
857,Mon-00857,Grass,32,106,130,147,29,35,123
858,Mon-00858,Water,21,100,61,126,29,35,25
859,Mon-00859,Grass,12,121,122,27,88,42,64
860,Mon-00860,Fighting,88,123,70,35,46,40,35
861,Mon-00861,Psychic,62,125,116,42,61,89,120
862,Mon-00862,Ground,70,24,31,98,25,32,71
863,Mon-00863,Fighting,12,89,49,114,68,97,89
864,Mon-00864,Ground,35,123,89,107,38,65,127
865,Mon-00865,Electric,63,127,98,66,67,63,25
866,Mon-00866,Electric,53,80,109,50,85,76,73
867,Mon-00867,Poison,70,121,59,33,126,23,27
868,Mon-00868,Electric,67,117,89,72,52,75,105
869,Mon-00869,Grass,42,20,88,62,55,77,85
870,Mon-00870,Normal,79,118,129,63,108,103,69
871,Mon-00871,Fighting,26,90,33,36,125,36,52
872,Mon-00872,Ground,9,83,21,61,64,25,41
873,Mon-00873,Ground,92,39,83,130,58,26,121
874,Mon-00874,Fire,3,121,21,55,99,126,22
875,Mon-00875,Fighting,29,52,41,135,103,58,34
876,Mon-00876,Fighting,12,66,75,35,98,46,61
877,Mon-00877,Dark,24,53,49,105,91,35,63
878,Mon-00878,Fighting,40,127,49,38,35,48,122
879,Mon-00879,Fighting,13,73,58,73,49,68,54
880,Mon-00880,Ghost,47,32,96,145,26,127,56
881,Mon-00881,Grass,93,21,60,121,63,104,45
882,Mon-00882,Ghost,14,128,108,89,113,114,60
883,Mon-00883,Water,93,46,37,104,44,25,49
884,Mon-00884,Fire,42,105,31,108,97,83,96
885,Mon-00885,Fire,60,23,38,124,66,75,108
886,Mon-00886,Dark,45,119,121,99,39,41,101
887,Mon-00887,Rock,32,92,50,89,44,75,109
888,Mon-00888,Psychic,11,44,23,34,95,84,87
889,Mon-00889,Dark,60,118,54,145,107,20,96
890,Mon-00890,Psychic,92,53,96,96,56,128,57
891,Mon-00891,Normal,53,130,60,61,121,101,130
892,Mon-00892,Fire,60,86,62,41,26,122,124
893,Mon-00893,Poison,65,69,29,101,83,29,26
894,Mon-00894,Ghost,39,26,94,123,45,26,59
895,Mon-00895,Water,13,48,44,126,119,123,96
896,Mon-00896,Fighting,51,26,30,136,103,123,52
897,Mon-00897,Dark,87,114,99,137,26,90,76
898,Mon-00898,Grass,32,31,124,103,63,42,113
899,Mon-00899,Water,88,32,87,144,102,51,118
900,Mon-00900,Grass,86,33,124,34,80,108,123
901,Mon-00901,Electric,25,128,64,74,74,122,92
902,Mon-00902,Fire,58,127,77,85,35,94,126
903,Mon-00903,Dark,75,99,59,113,83,64,92
904,Mon-00904,Rock,50,28,76,62,30,111,79
905,Mon-00905,Ground,70,75,119,61,55,48,42
906,Mon-00906,Dark,92,125,90,138,46,34,116
907,Mon-00907,Psychic,63,30,22,106,92,62,48
908,Mon-00908,Rock,84,108,84,105,72,71,40
909,Mon-00909,Grass,81,22,61,48,67,87,104
910,Mon-00910,Grass,82,109,80,88,114,96,118
911,Mon-00911,Normal,86,80,81,78,63,100,128
912,Mon-00912,Grass,23,118,85,103,104,42,104
913,Mon-00913,Grass,2,65,116,140,118,93,126
914,Mon-00914,Water,16,107,115,60,37,24,64
915,Mon-00915,Poison,25,113,127,127,102,122,31
916,Mon-00916,Ghost,70,56,87,104,27,69,47
917,Mon-00917,Dark,51,91,51,87,91,126,37
918,Mon-00918,Ghost,47,71,41,144,45,116,104
919,Mon-00919,Water,1,67,114,43,48,41,66
920,Mon-00920,Fairy,69,108,121,110,114,32,67
921,Mon-00921,Fire,37,45,24,75,40,121,122
922,Mon-00922,Fighting,77,33,43,110,77,74,128
923,Mon-00923,Water,12,73,95,42,106,31,36
924,Mon-00924,Fairy,30,111,38,117,109,87,114
925,Mon-00925,Ground,6,38,25,33,42,126,90
926,Mon-00926,Psychic,29,57,130,68,61,86,107
927,Mon-00927,Ghost,93,94,30,139,82,48,125
928,Mon-00928,Psychic,50,72,43,104,85,57,57
929,Mon-00929,Fighting,44,87,129,86,38,49,109
930,Mon-00930,Electric,28,78,31,66,86,79,98
931,Mon-00931,Normal,27,109,108,36,20,66,93
932,Mon-00932,Poison,67,117,82,39,89,58,103
933,Mon-00933,Psychic,99,69,79,115,101,40,105
934,Mon-00934,Ghost,75,67,111,59,72,23,65
935,Mon-00935,Fire,74,50,22,34,47,111,122
936,Mon-00936,Electric,48,69,26,80,46,109,30
937,Mon-00937,Ground,10,112,41,74,96,33,40
938,Mon-00938,Psychic,73,75,74,145,67,45,101
939,Mon-00939,Electric,81,96,126,54,123,68,71
940,Mon-00940,Ghost,52,66,27,58,128,86,52
941,Mon-00941,Psychic,10,98,66,45,68,120,76
942,Mon-00942,Rock,72,99,67,48,50,97,34
943,Mon-00943,Dark,93,78,41,92,110,90,20
944,Mon-00944,Electric,23,123,58,53,100,102,24
945,Mon-00945,Normal,16,117,42,115,38,87,119
946,Mon-00946,Ghost,74,37,35,128,124,123,56
947,Mon-00947,Ground,34,45,77,86,42,130,120
948,Mon-00948,Water,72,125,123,55,82,70,76
949,Mon-00949,Fire,71,64,64,128,40,22,53
950,Mon-00950,Rock,27,54,90,146,74,130,24
951,Mon-00951,Rock,5,108,94,140,89,55,31
952,Mon-00952,Normal,56,86,113,140,33,49,82
953,Mon-00953,Ghost,41,34,111,126,48,33,88
954,Mon-00954,Poison,86,30,120,118,103,104,119
955,Mon-00955,Rock,36,109,110,145,126,40,41
956,Mon-00956,Fire,25,104,123,67,121,127,86
957,Mon-00957,Fire,87,59,127,142,103,43,29
958,Mon-00958,Ground,74,115,103,27,128,28,78
959,Mon-00959,Fire,62,33,74,129,38,89,39
960,Mon-00960,Ground,96,116,54,67,42,42,45
961,Mon-00961,Electric,79,28,83,61,65,50,66
962,Mon-00962,Fire,87,90,112,110,122,31,68
963,Mon-00963,Electric,80,113,103,46,108,93,32
964,Mon-00964,Psychic,41,88,77,150,61,44,86
965,Mon-00965,Ghost,7,106,28,116,21,101,64
966,Mon-00966,Fighting,61,58,50,27,88,48,116
967,Mon-00967,Psychic,77,51,84,131,54,64,87
968,Mon-00968,Ghost,100,49,62,38,44,74,117
969,Mon-00969,Normal,69,32,70,128,43,79,21
970,Mon-00970,Ground,57,50,53,127,47,111,70
971,Mon-00971,Ghost,58,47,28,106,55,34,113
972,Mon-00972,Fire,12,103,71,100,88,45,40
973,Mon-00973,Ghost,1,43,69,129,38,103,44
974,Mon-00974,Fighting,5,38,106,132,73,114,98
975,Mon-00975,Water,91,101,32,114,122,66,21
976,Mon-00976,Ground,80,79,73,46,127,20,125
977,Mon-00977,Psychic,27,43,114,108,112,112,124
978,Mon-00978,Psychic,43,98,49,50,49,87,126
979,Mon-00979,Fairy,49,43,55,30,36,78,106
980,Mon-00980,Poison,25,107,29,44,117,63,130
981,Mon-00981,Grass,43,23,83,83,64,97,128
982,Mon-00982,Electric,35,85,114,146,71,52,47
983,Mon-00983,Ghost,70,86,73,29,67,59,37
984,Mon-00984,Rock,76,61,66,34,34,105,112
985,Mon-00985,Rock,10,96,103,36,100,61,70
986,Mon-00986,Fire,47,62,69,49,46,125,25
987,Mon-00987,Water,100,92,64,93,45,68,69
988,Mon-00988,Fire,87,44,104,128,103,82,21
989,Mon-00989,Psychic,80,83,51,30,99,90,84
990,Mon-00990,Fairy,74,103,114,126,111,97,94
991,Mon-00991,Psychic,1,127,49,140,98,76,25
992,Mon-00992,Psychic,98,59,76,34,24,60,33
993,Mon-00993,Dark,74,72,47,81,66,109,120
994,Mon-00994,Psychic,89,72,90,127,65,99,63
995,Mon-00995,Normal,91,115,68,113,55,26,25
996,Mon-00996,Psychic,26,126,46,48,74,89,21
997,Mon-00997,Normal,2,91,102,43,75,119,64
998,Mon-00998,Normal,66,111,123,81,88,82,29
999,Mon-00999,Fairy,46,29,23,131,126,122,34
1000,Mon-01000,Electric,3,104,83,144,92,63,43
1001,Mon-01001,Fighting,28,109,99,85,123,47,97
1002,Mon-01002,Fairy,100,99,99,91,112,75,81
1003,Mon-01003,Psychic,37,84,44,95,101,31,106
1004,Mon-01004,Water,27,119,32,86,50,27,56
1005,Mon-01005,Ghost,66,92,77,106,84,83,28
1006,Mon-01006,Rock,67,113,90,59,32,23,82
1007,Mon-01007,Normal,34,40,52,93,122,27,127
1008,Mon-01008,Rock,85,93,60,102,40,70,92
1009,Mon-01009,Fairy,59,68,79,95,46,45,47
1010,Mon-01010,Ground,17,116,69,147,123,39,20
1011,Mon-01011,Rock,33,117,73,118,33,76,28
1012,Mon-01012,Fighting,85,113,95,117,80,56,114
1013,Mon-01013,Dark,9,43,129,126,83,88,52
1014,Mon-01014,Psychic,2,74,108,91,44,67,26
1015,Mon-01015,Poison,66,20,20,63,63,41,57
1016,Mon-01016,Fire,45,128,58,92,107,98,116
1017,Mon-01017,Poison,26,48,21,141,98,123,66
1018,Mon-01018,Poison,48,89,116,135,85,100,128
1019,Mon-01019,Rock,19,74,91,69,80,40,75
1020,Mon-01020,Dark,38,120,44,85,60,81,120
1021,Mon-01021,Rock,24,111,113,59,89,37,42
1022,Mon-01022,Electric,59,106,82,26,22,22,80
1023,Mon-01023,Fighting,68,91,25,64,27,38,72
1024,Mon-01024,Electric,92,33,36,37,106,109,105
1025,Mon-01025,Fairy,7,122,109,70,39,123,34
1026,Mon-01026,Rock,33,26,52,31,99,86,39
1027,Mon-01027,Fighting,27,70,78,64,21,117,44
1028,Mon-01028,Fairy,58,62,119,115,49,65,124
1029,Mon-01029,Rock,54,63,52,131,124,23,119
1030,Mon-01030,Grass,88,128,21,136,49,120,22
1031,Mon-01031,Fire,92,45,29,95,129,100,66
1032,Mon-01032,Grass,78,84,121,93,50,93,81
1033,Mon-01033,Grass,20,44,86,146,90,28,118
1034,Mon-01034,Poison,5,121,56,95,94,126,71
1035,Mon-01035,Fighting,90,101,28,35,90,28,105
1036,Mon-01036,Fighting,95,66,97,142,52,21,108
1037,Mon-01037,Grass,26,28,24,102,104,28,76
1038,Mon-01038,Fire,5,36,30,108,54,124,102
1039,Mon-01039,Electric,69,46,85,37,110,112,27
1040,Mon-01040,Psychic,59,65,91,84,61,32,56
1041,Mon-01041,Fairy,89,118,83,82,112,67,114
1042,Mon-01042,Rock,58,33,120,127,128,78,38
1043,Mon-01043,Water,77,84,49,73,103,81,76
1044,Mon-01044,Dark,79,58,81,68,71,42,108
1045,Mon-01045,Fairy,1,25,53,110,66,23,77
1046,Mon-01046,Grass,15,88,60,26,61,23,128
1047,Mon-01047,Dark,79,98,36,118,58,119,114
1048,Mon-01048,Poison,18,126,108,25,72,89,30
1049,Mon-01049,Grass,21,76,98,54,73,129,78
1050,Mon-01050,Ghost,76,56,99,87,99,115,101
1051,Mon-01051,Fighting,21,114,35,49,118,46,103
1052,Mon-01052,Dark,15,47,33,29,118,29,77
1053,Mon-01053,Poison,2,95,106,77,87,92,64
1054,Mon-01054,Ghost,47,124,93,114,129,44,54
1055,Mon-01055,Fairy,64,20,23,55,119,95,59
1056,Mon-01056,Dark,74,122,93,59,73,127,21
1057,Mon-01057,Fire,91,42,128,110,65,127,115
1058,Mon-01058,Electric,66,73,103,144,71,47,100
1059,Mon-01059,Psychic,76,48,50,90,22,73,51
1060,Mon-01060,Normal,22,36,55,95,56,98,34
1061,Mon-01061,Fire,35,97,103,129,62,46,78
1062,Mon-01062,Rock,31,73,64,33,106,82,114
1063,Mon-01063,Fairy,7,76,101,148,49,59,130
1064,Mon-01064,Rock,97,73,126,84,92,83,49
1065,Mon-01065,Ground,25,102,65,72,55,90,68
1066,Mon-01066,Grass,45,127,83,102,60,117,85
1067,Mon-01067,Ground,36,76,74,139,27,72,85
1068,Mon-01068,Ghost,5,37,76,143,77,51,51
1069,Mon-01069,Fighting,91,56,28,122,30,28,110
1070,Mon-01070,Ghost,22,75,129,85,42,97,97
1071,Mon-01071,Fairy,11,31,80,43,75,109,112
1072,Mon-01072,Fighting,35,45,45,48,97,65,33
1073,Mon-01073,Normal,15,42,83,130,64,115,94
1074,Mon-01074,Fire,100,127,64,40,47,72,58
1075,Mon-01075,Dark,19,64,111,85,119,73,104
1076,Mon-01076,Dark,31,117,104,76,58,25,76
1077,Mon-01077,Ghost,28,81,62,114,55,78,77
1078,Mon-01078,Ground,3,76,99,68,27,86,84
1079,Mon-01079,Normal,2,124,23,113,59,74,44
1080,Mon-01080,Fairy,52,96,127,89,44,79,84
1081,Mon-01081,Grass,24,46,76,136,59,78,117
1082,Mon-01082,Normal,9,51,92,48,41,97,28
1083,Mon-01083,Water,30,93,91,120,41,31,38
1084,Mon-01084,Dark,28,20,54,115,101,78,23
1085,Mon-01085,Rock,43,36,96,128,72,68,73
1086,Mon-01086,Rock,100,28,64,86,97,58,46
1087,Mon-01087,Water,31,99,95,65,84,69,85
1088,Mon-01088,Dark,71,68,29,90,79,95,24
1089,Mon-01089,Water,77,21,36,147,71,130,31
1090,Mon-01090,Ghost,6,102,122,49,62,44,44
1091,Mon-01091,Fighting,51,92,101,108,49,25,93
1092,Mon-01092,Poison,45,99,34,53,118,58,26
1093,Mon-01093,Ground,51,38,43,122,65,54,78
1094,Mon-01094,Ground,18,117,80,78,118,27,78
1095,Mon-01095,Psychic,47,40,20,133,105,75,55
1096,Mon-01096,Water,13,83,64,45,86,77,31
1097,Mon-01097,Fighting,95,82,56,40,113,114,99
1098,Mon-01098,Fighting,59,44,34,144,93,97,66
1099,Mon-01099,Ground,4,61,53,67,110,71,86
1100,Mon-01100,Normal,51,25,52,35,108,92,105
1101,Mon-01101,Fire,93,72,27,130,91,52,21
1102,Mon-01102,Rock,75,95,90,77,100,37,105
1103,Mon-01103,Ghost,28,54,50,141,110,79,29
1104,Mon-01104,Fighting,90,79,23,80,44,75,82
1105,Mon-01105,Ghost,19,125,22,120,117,52,30
1106,Mon-01106,Fairy,25,46,127,97,75,119,23
1107,Mon-01107,Fire,16,52,33,85,33,80,65
1108,Mon-01108,Fighting,93,33,120,86,36,82,79
1109,Mon-01109,Dark,72,80,38,56,103,96,54
1110,Mon-01110,Grass,52,42,29,117,109,52,48
1111,Mon-01111,Ghost,67,114,80,91,92,78,40
1112,Mon-01112,Rock,26,52,116,25,92,119,83
1113,Mon-01113,Rock,8,93,27,75,116,87,64
1114,Mon-01114,Poison,85,41,56,76,128,114,120
1115,Mon-01115,Fire,97,55,103,136,112,24,68
1116,Mon-01116,Electric,4,39,27,78,35,99,86
1117,Mon-01117,Water,6,81,38,96,109,93,126
1118,Mon-01118,Electric,56,23,53,35,76,119,124
1119,Mon-01119,Poison,5,29,109,74,108,127,75
1120,Mon-01120,Ground,73,75,109,60,100,35,43
1121,Mon-01121,Grass,95,80,98,87,95,74,63
1122,Mon-01122,Normal,28,56,93,138,116,123,49
1123,Mon-01123,Electric,30,67,22,142,36,109,74
1124,Mon-01124,Water,87,66,46,61,114,31,36
1125,Mon-01125,Electric,36,104,122,102,58,80,64
1126,Mon-01126,Water,25,69,99,145,42,58,28
1127,Mon-01127,Rock,9,114,46,53,99,98,128
1128,Mon-01128,Ground,84,44,98,80,129,76,21
1129,Mon-01129,Psychic,93,42,100,88,29,54,118
1130,Mon-01130,Dark,8,64,102,25,128,66,123
1131,Mon-01131,Rock,81,29,128,83,58,127,126
1132,Mon-01132,Grass,16,94,80,40,127,60,70
1133,Mon-01133,Fire,14,63,26,64,25,43,105
1134,Mon-01134,Electric,39,60,110,39,88,32,124
1135,Mon-01135,Electric,44,79,21,117,79,37,113
1136,Mon-01136,Fighting,86,29,91,130,112,25,115
1137,Mon-01137,Fighting,70,61,108,58,72,25,74
1138,Mon-01138,Poison,15,127,33,30,28,79,102
1139,Mon-01139,Normal,59,89,108,87,40,80,43
1140,Mon-01140,Psychic,88,83,109,39,48,108,121
1141,Mon-01141,Normal,67,76,92,80,116,88,72
1142,Mon-01142,Ghost,23,72,55,93,30,41,49
1143,Mon-01143,Normal,13,123,42,83,113,92,52
1144,Mon-01144,Fighting,46,123,98,90,76,69,115
1145,Mon-01145,Dark,48,65,37,96,82,39,41
1146,Mon-01146,Psychic,36,122,94,45,127,92,95
1147,Mon-01147,Grass,11,29,38,111,105,92,50
1148,Mon-01148,Dark,12,55,57,109,92,66,86
1149,Mon-01149,Fairy,53,53,76,43,111,38,79
1150,Mon-01150,Dark,95,97,37,79,71,23,88
1151,Mon-01151,Psychic,60,87,108,61,123,103,45
1152,Mon-01152,Poison,44,72,97,75,108,37,120
1153,Mon-01153,Fairy,94,48,21,122,128,50,118
1154,Mon-01154,Ground,70,76,114,100,81,94,123
1155,Mon-01155,Fighting,72,49,99,139,91,66,75
1156,Mon-01156,Fairy,58,75,113,96,70,111,39
1157,Mon-01157,Rock,77,57,86,30,122,60,81
1158,Mon-01158,Rock,51,118,89,114,89,119,28
1159,Mon-01159,Dark,63,102,62,34,37,60,98
1160,Mon-01160,Normal,62,39,45,68,76,29,50
1161,Mon-01161,Poison,76,124,46,142,34,100,41
1162,Mon-01162,Fairy,90,93,55,149,91,93,109
1163,Mon-01163,Rock,30,58,52,43,97,130,93
1164,Mon-01164,Ghost,70,78,103,149,109,31,30
1165,Mon-01165,Poison,4,41,78,148,37,78,116
1166,Mon-01166,Electric,54,25,65,135,71,98,93
1167,Mon-01167,Psychic,90,66,100,129,59,64,49
1168,Mon-01168,Fire,65,106,101,34,66,49,64
1169,Mon-01169,Poison,27,59,123,40,124,52,70
1170,Mon-01170,Fairy,61,62,54,102,82,21,121
1171,Mon-01171,Fairy,36,129,47,37,69,89,81
1172,Mon-01172,Psychic,44,129,20,56,120,106,111
1173,Mon-01173,Rock,23,71,37,148,79,70,23
1174,Mon-01174,Poison,63,24,86,139,66,24,76
1175,Mon-01175,Rock,20,95,109,57,79,105,29
1176,Mon-01176,Rock,45,99,86,92,114,120,62
1177,Mon-01177,Fire,94,121,130,92,70,87,81
1178,Mon-01178,Grass,76,125,89,58,88,29,112
1179,Mon-01179,Ghost,42,89,117,54,39,65,50
1180,Mon-01180,Ground,97,31,49,80,21,83,47
1181,Mon-01181,Poison,2,47,55,100,27,125,114
1182,Mon-01182,Normal,96,99,110,126,72,75,80
1183,Mon-01183,Normal,36,87,93,130,99,21,100
1184,Mon-01184,Ghost,83,68,74,27,43,98,123
1185,Mon-01185,Water,95,64,126,107,124,96,25
1186,Mon-01186,Grass,61,98,104,102,36,46,87
1187,Mon-01187,Fairy,62,66,52,30,97,65,28
1188,Mon-01188,Fairy,75,37,87,130,46,24,123
1189,Mon-01189,Water,24,128,63,99,26,33,68
1190,Mon-01190,Electric,18,58,66,115,99,54,69
1191,Mon-01191,Grass,35,50,109,108,77,30,41
1192,Mon-01192,Psychic,48,27,95,67,89,50,89
1193,Mon-01193,Ground,75,72,21,50,124,92,80
1194,Mon-01194,Normal,26,129,83,72,79,62,124
1195,Mon-01195,Ghost,57,37,91,121,113,36,20
1196,Mon-01196,Ghost,1,47,76,105,74,89,101
1197,Mon-01197,Electric,4,39,53,103,58,115,126
1198,Mon-01198,Fire,97,30,91,41,63,85,120
1199,Mon-01199,Psychic,86,86,125,26,58,54,89
1200,Mon-01200,Psychic,87,53,29,109,118,109,112
1201,Mon-01201,Grass,33,103,86,144,76,58,24
1202,Mon-01202,Ghost,52,64,121,70,123,21,28
1203,Mon-01203,Electric,68,90,64,81,47,93,97
1204,Mon-01204,Water,26,29,57,145,104,99,48
1205,Mon-01205,Dark,75,56,47,54,32,44,98
1206,Mon-01206,Rock,70,65,44,90,51,61,102
1207,Mon-01207,Normal,41,26,63,35,23,20,94
1208,Mon-01208,Dark,44,66,105,58,121,72,118
1209,Mon-01209,Ground,31,72,40,72,53,69,44
1210,Mon-01210,Fighting,81,64,45,111,110,48,109
1211,Mon-01211,Normal,99,75,130,63,67,78,108
1212,Mon-01212,Poison,100,108,130,83,33,95,54
1213,Mon-01213,Rock,78,105,45,62,58,69,42
1214,Mon-01214,Ground,35,21,66,42,57,108,88
1215,Mon-01215,Dark,79,91,64,124,76,70,118
1216,Mon-01216,Normal,25,120,52,109,56,65,93
1217,Mon-01217,Poison,90,116,36,106,95,93,33
1218,Mon-01218,Rock,27,55,26,98,101,39,68
1219,Mon-01219,Dark,41,106,88,41,37,113,63
1220,Mon-01220,Electric,10,108,24,89,78,87,85
1221,Mon-01221,Ground,9,60,88,114,84,60,84
1222,Mon-01222,Normal,40,116,30,87,49,46,129
1223,Mon-01223,Fighting,56,90,37,116,105,107,113
1224,Mon-01224,Ghost,2,103,20,66,45,21,80
1225,Mon-01225,Poison,85,102,64,89,116,26,35
1226,Mon-01226,Grass,12,106,56,72,70,87,41
1227,Mon-01227,Fire,100,126,56,150,60,73,39
1228,Mon-01228,Rock,28,115,54,47,93,39,75
1229,Mon-01229,Dark,38,66,124,60,88,61,37
1230,Mon-01230,Fighting,16,82,67,110,76,106,39
1231,Mon-01231,Ghost,83,91,109,32,96,71,36
1232,Mon-01232,Normal,74,115,45,89,48,78,96
1233,Mon-01233,Psychic,8,63,73,28,109,30,51
1234,Mon-01234,Ground,11,54,26,91,88,100,120
1235,Mon-01235,Normal,61,101,48,65,43,35,74
1236,Mon-01236,Ghost,87,125,27,48,130,45,95
1237,Mon-01237,Ground,11,121,22,87,116,52,78
1238,Mon-01238,Fire,23,36,40,66,39,67,117
1239,Mon-01239,Ground,55,122,37,34,107,50,34
1240,Mon-01240,Water,11,107,55,92,78,110,100
1241,Mon-01241,Electric,31,37,102,96,105,62,84
1242,Mon-01242,Fighting,2,20,36,108,61,23,68
1243,Mon-01243,Dark,50,42,87,138,47,70,97
1244,Mon-01244,Ground,72,123,60,113,44,33,79
1245,Mon-01245,Dark,42,103,64,125,27,44,89
1246,Mon-01246,Normal,26,83,122,106,117,85,79
1247,Mon-01247,Fairy,43,90,71,109,54,88,33
1248,Mon-01248,Grass,51,65,49,124,126,93,63
1249,Mon-01249,Fire,17,120,46,108,45,61,127
1250,Mon-01250,Electric,12,37,38,88,58,113,30
1251,Mon-01251,Grass,19,54,109,117,117,26,45
1252,Mon-01252,Rock,99,42,93,146,58,62,97
1253,Mon-01253,Fighting,73,114,49,87,104,47,36
1254,Mon-01254,Ground,13,79,74,53,30,24,25
1255,Mon-01255,Rock,31,95,76,75,125,82,104
1256,Mon-01256,Poison,42,122,25,26,88,26,42
1257,Mon-01257,Ground,19,41,120,63,103,87,44
1258,Mon-01258,Poison,86,127,107,136,22,114,70
1259,Mon-01259,Rock,95,34,79,37,127,108,113
1260,Mon-01260,Fairy,25,103,99,136,75,95,129
1261,Mon-01261,Ground,2,98,32,95,43,47,49
1262,Mon-01262,Electric,27,111,128,65,36,92,54
1263,Mon-01263,Ghost,59,37,91,84,29,82,77
1264,Mon-01264,Grass,81,126,124,135,94,74,108
1265,Mon-01265,Fighting,34,108,115,39,43,72,27
1266,Mon-01266,Normal,28,32,84,96,123,35,66
1267,Mon-01267,Fire,25,81,52,58,45,114,31
1268,Mon-01268,Water,1,110,96,93,29,112,44
1269,Mon-01269,Psychic,2,72,76,124,114,101,89
1270,Mon-01270,Psychic,43,62,65,141,106,80,22
1271,Mon-01271,Fighting,62,50,98,57,77,34,115
1272,Mon-01272,Electric,2,77,118,108,112,90,29
1273,Mon-01273,Ground,21,129,39,78,100,126,111
1274,Mon-01274,Ghost,91,87,81,88,39,34,66
1275,Mon-01275,Fighting,100,100,106,45,66,59,82
1276,Mon-01276,Electric,65,106,56,132,122,120,64
1277,Mon-01277,Grass,53,106,57,46,95,125,60
1278,Mon-01278,Grass,59,64,21,30,88,69,89
1279,Mon-01279,Fairy,38,105,55,120,39,51,55
1280,Mon-01280,Ground,21,56,85,76,79,51,26
1281,Mon-01281,Grass,38,84,127,33,38,72,21
1282,Mon-01282,Fairy,70,53,78,110,94,55,51
1283,Mon-01283,Fire,67,124,52,60,44,81,44
1284,Mon-01284,Ground,68,101,110,147,51,28,22
1285,Mon-01285,Normal,61,84,40,148,83,27,31
1286,Mon-01286,Dark,7,70,40,94,22,20,116
1287,Mon-01287,Dark,63,77,77,84,97,99,75
1288,Mon-01288,Normal,89,106,110,81,69,122,64
1289,Mon-01289,Fighting,65,50,43,101,76,31,121
1290,Mon-01290,Grass,58,111,21,139,102,121,84
1291,Mon-01291,Poison,23,51,100,105,105,38,34
1292,Mon-01292,Dark,80,35,85,37,121,25,98
1293,Mon-01293,Dark,46,101,96,49,39,52,98
1294,Mon-01294,Ghost,27,98,64,104,67,52,49
1295,Mon-01295,Fighting,49,57,33,71,30,126,94
1296,Mon-01296,Fairy,13,92,56,85,49,32,34
1297,Mon-01297,Grass,93,100,72,75,81,128,129
1298,Mon-01298,Poison,71,107,68,100,34,115,84
1299,Mon-01299,Electric,33,125,118,54,69,74,51
1300,Mon-01300,Fire,80,114,44,34,123,94,120
1301,Mon-01301,Normal,6,68,54,54,27,79,76
1302,Mon-01302,Electric,39,45,40,109,45,121,119
1303,Mon-01303,Poison,66,30,83,101,51,43,30
1304,Mon-01304,Ghost,3,83,109,126,121,126,54
1305,Mon-01305,Grass,71,93,118,38,101,66,67
1306,Mon-01306,Ground,82,96,45,42,40,123,49
1307,Mon-01307,Rock,60,21,67,41,97,129,77
1308,Mon-01308,Electric,21,97,101,95,22,114,59
1309,Mon-01309,Normal,75,107,25,97,108,107,118
1310,Mon-01310,Rock,34,100,98,45,44,68,47
1311,Mon-01311,Grass,74,78,34,81,99,97,41
1312,Mon-01312,Dark,63,21,23,31,74,47,127
1313,Mon-01313,Ghost,10,74,32,102,101,50,99
1314,Mon-01314,Dark,10,91,117,96,58,102,23
1315,Mon-01315,Poison,2,83,95,28,78,104,114
1316,Mon-01316,Psychic,8,83,107,36,120,49,41
1317,Mon-01317,Normal,30,77,96,113,109,127,95
1318,Mon-01318,Electric,3,81,108,138,80,95,23
1319,Mon-01319,Electric,94,55,75,132,122,129,48
1320,Mon-01320,Ghost,92,87,109,96,33,73,114
1321,Mon-01321,Poison,18,51,26,91,97,86,22
1322,Mon-01322,Rock,32,74,84,126,89,92,72
1323,Mon-01323,Fairy,75,66,103,130,48,37,64
1324,Mon-01324,Fighting,67,99,130,139,63,51,45
1325,Mon-01325,Poison,59,119,59,75,65,127,33
1326,Mon-01326,Poison,99,90,39,84,95,94,63
1327,Mon-01327,Electric,63,35,99,34,89,80,60
1328,Mon-01328,Dark,67,94,28,47,107,20,31
1329,Mon-01329,Psychic,51,56,106,72,92,24,99
1330,Mon-01330,Ghost,53,25,98,127,129,81,31
1331,Mon-01331,Ghost,30,41,96,81,112,29,62
1332,Mon-01332,Fire,53,130,52,99,84,35,125
1333,Mon-01333,Electric,92,67,33,134,22,84,61
1334,Mon-01334,Psychic,38,42,87,84,60,126,97
1335,Mon-01335,Poison,14,34,60,67,34,112,71
1336,Mon-01336,Poison,60,92,63,117,68,71,90
1337,Mon-01337,Water,79,104,40,64,130,124,106
1338,Mon-01338,Normal,96,59,57,73,64,87,72
1339,Mon-01339,Fire,55,31,112,136,110,124,92
1340,Mon-01340,Normal,79,59,119,80,70,46,74
1341,Mon-01341,Fairy,26,93,58,56,84,84,54
1342,Mon-01342,Ghost,43,32,35,130,23,122,105
1343,Mon-01343,Dark,42,49,23,105,96,128,63
1344,Mon-01344,Ghost,34,20,40,121,47,115,25
1345,Mon-01345,Fighting,72,72,21,66,71,36,50
1346,Mon-01346,Rock,89,38,94,123,129,88,94
1347,Mon-01347,Ground,33,42,91,144,44,30,93
1348,Mon-01348,Normal,14,32,106,45,123,62,81
1349,Mon-01349,Electric,83,101,56,48,112,23,69
1350,Mon-01350,Fighting,85,74,112,96,25,104,54
1351,Mon-01351,Ghost,94,125,38,116,60,105,25
1352,Mon-01352,Rock,26,63,45,25,128,30,43
1353,Mon-01353,Fire,72,44,121,94,70,121,130
1354,Mon-01354,Fire,72,42,117,41,107,113,115
1355,Mon-01355,Psychic,80,125,86,148,121,113,28
1356,Mon-01356,Water,81,85,87,116,20,69,123
1357,Mon-01357,Ground,96,56,97,150,101,124,105
1358,Mon-01358,Poison,48,92,111,52,121,129,30
1359,Mon-01359,Dark,8,81,45,125,84,80,66
1360,Mon-01360,Dark,20,32,27,73,126,62,38
1361,Mon-01361,Psychic,89,97,40,38,97,104,99
1362,Mon-01362,Grass,85,33,59,85,89,24,94
1363,Mon-01363,Ghost,2,42,46,84,33,57,44
1364,Mon-01364,Rock,37,99,78,88,107,20,105
1365,Mon-01365,Poison,25,69,35,132,114,105,52
1366,Mon-01366,Water,33,44,84,60,56,24,74
1367,Mon-01367,Rock,64,27,98,105,37,103,32
1368,Mon-01368,Fairy,52,85,30,50,83,82,122
1369,Mon-01369,Fire,49,97,51,135,124,68,40
1370,Mon-01370,Fire,44,42,79,82,101,90,116
1371,Mon-01371,Fairy,65,66,27,125,109,24,113
1372,Mon-01372,Fire,69,58,93,58,82,110,34
1373,Mon-01373,Grass,5,118,103,64,66,49,32
1374,Mon-01374,Fairy,14,107,60,148,53,113,35
1375,Mon-01375,Water,35,50,21,49,109,118,113
1376,Mon-01376,Psychic,44,77,75,95,92,81,29
1377,Mon-01377,Grass,100,122,116,65,103,85,87
1378,Mon-01378,Electric,90,58,52,74,113,122,117
1379,Mon-01379,Ghost,65,35,114,112,128,64,52
1380,Mon-01380,Ground,4,53,116,123,112,64,81
1381,Mon-01381,Normal,11,87,51,85,69,125,28
1382,Mon-01382,Poison,46,130,86,105,34,64,124
1383,Mon-01383,Fairy,59,54,24,30,82,60,86
1384,Mon-01384,Ghost,67,26,81,54,69,20,100
1385,Mon-01385,Ghost,15,40,117,118,123,56,47
1386,Mon-01386,Poison,89,65,124,108,24,47,101
1387,Mon-01387,Ground,50,30,42,30,115,105,89
1388,Mon-01388,Ground,60,23,93,137,90,75,33
1389,Mon-01389,Dark,4,92,27,76,27,59,83
1390,Mon-01390,Rock,83,111,51,63,46,123,32
1391,Mon-01391,Psychic,55,45,112,83,26,69,94
1392,Mon-01392,Ground,23,78,91,74,123,66,123
1393,Mon-01393,Electric,32,83,63,88,91,100,115
1394,Mon-01394,Fairy,36,94,126,45,88,48,73
1395,Mon-01395,Poison,3,128,104,42,77,67,118
1396,Mon-01396,Ghost,95,118,22,149,64,98,130
1397,Mon-01397,Electric,81,55,28,119,39,55,70
1398,Mon-01398,Psychic,89,128,89,70,101,67,55
1399,Mon-01399,Fairy,36,23,117,132,34,21,40
1400,Mon-01400,Poison,56,126,37,125,43,108,88
1401,Mon-01401,Poison,46,35,79,112,128,115,62
1402,Mon-01402,Electric,48,32,110,115,30,94,83
1403,Mon-01403,Rock,59,33,115,144,125,78,125
1404,Mon-01404,Ground,46,33,91,130,29,119,27
1405,Mon-01405,Dark,78,71,130,57,74,114,52
1406,Mon-01406,Water,6,91,124,116,84,72,77
1407,Mon-01407,Psychic,20,102,112,45,32,88,100
1408,Mon-01408,Normal,90,21,94,88,118,124,122
1409,Mon-01409,Normal,89,52,129,33,126,42,116
1410,Mon-01410,Grass,82,34,21,46,44,106,70
1411,Mon-01411,Electric,37,36,29,115,44,60,81
1412,Mon-01412,Poison,46,102,76,71,104,30,72
1413,Mon-01413,Electric,3,91,94,45,61,66,31
1414,Mon-01414,Electric,28,43,120,148,24,77,97
1415,Mon-01415,Fairy,73,53,95,143,103,102,111
1416,Mon-01416,Water,35,122,45,53,59,36,106
1417,Mon-01417,Water,49,83,120,100,65,80,59
1418,Mon-01418,Fairy,13,46,29,62,92,93,111
1419,Mon-01419,Poison,50,123,30,126,84,90,44
1420,Mon-01420,Grass,73,42,99,111,111,112,70
1421,Mon-01421,Electric,58,52,126,79,108,103,47
1422,Mon-01422,Grass,56,96,75,142,124,71,69
1423,Mon-01423,Psychic,92,76,34,117,121,50,122
1424,Mon-01424,Electric,24,27,25,44,90,117,72
1425,Mon-01425,Fighting,30,109,128,80,81,117,103
1426,Mon-01426,Psychic,63,45,51,129,71,34,127
1427,Mon-01427,Fighting,49,96,90,92,93,70,37
1428,Mon-01428,Normal,98,57,56,37,26,103,123
1429,Mon-01429,Ghost,6,103,43,122,64,93,32
1430,Mon-01430,Poison,13,119,94,85,50,117,89
1431,Mon-01431,Rock,35,105,102,55,81,44,70
1432,Mon-01432,Ground,46,122,72,127,122,124,51
1433,Mon-01433,Ground,90,79,76,136,73,45,90
1434,Mon-01434,Psychic,50,27,74,99,84,30,119
1435,Mon-01435,Normal,44,79,85,115,64,101,27
1436,Mon-01436,Electric,17,71,109,55,58,123,38
1437,Mon-01437,Fighting,44,99,98,119,95,58,76
1438,Mon-01438,Normal,54,47,50,138,47,37,31
1439,Mon-01439,Poison,59,97,47,55,117,117,55
1440,Mon-01440,Electric,61,69,94,143,32,30,66
1441,Mon-01441,Fighting,43,94,91,36,44,93,67
1442,Mon-01442,Rock,16,66,60,81,103,34,96
1443,Mon-01443,Water,16,62,113,34,29,93,71
1444,Mon-01444,Water,16,43,66,81,65,32,25
1445,Mon-01445,Psychic,62,111,57,106,61,62,91
1446,Mon-01446,Fairy,86,27,81,134,123,71,54
1447,Mon-01447,Fire,89,46,41,43,37,120,21
1448,Mon-01448,Ghost,32,67,97,136,70,98,107
1449,Mon-01449,Normal,8,37,119,150,71,124,67
1450,Mon-01450,Fairy,64,121,124,33,110,79,93
1451,Mon-01451,Ground,4,58,69,146,80,48,92
1452,Mon-01452,Fighting,63,46,49,139,34,67,29
1453,Mon-01453,Rock,39,48,73,28,116,77,112
1454,Mon-01454,Ground,84,41,31,32,36,82,42
1455,Mon-01455,Ghost,63,93,94,116,97,120,103
1456,Mon-01456,Fire,74,73,67,77,50,119,100
1457,Mon-01457,Grass,41,45,33,57,33,31,33
1458,Mon-01458,Ground,85,116,80,75,41,108,32
1459,Mon-01459,Ground,53,92,99,67,124,53,114
1460,Mon-01460,Dark,63,64,45,147,128,85,21
1461,Mon-01461,Fire,37,76,64,55,86,125,44
1462,Mon-01462,Electric,45,92,118,36,109,117,130
1463,Mon-01463,Grass,85,36,98,129,120,73,32
1464,Mon-01464,Grass,40,109,108,130,58,25,88
1465,Mon-01465,Electric,3,48,69,137,104,125,60
1466,Mon-01466,Psychic,38,23,74,147,77,120,67
1467,Mon-01467,Grass,40,77,75,30,39,62,34
1468,Mon-01468,Ground,42,117,69,121,79,35,86
1469,Mon-01469,Ghost,8,101,36,59,25,78,57
1470,Mon-01470,Electric,13,54,24,78,87,108,94
1471,Mon-01471,Rock,33,64,112,81,48,70,107
1472,Mon-01472,Fighting,43,86,79,149,31,22,75
1473,Mon-01473,Fairy,3,45,79,90,98,70,22
1474,Mon-01474,Grass,39,111,86,53,58,77,93
1475,Mon-01475,Grass,33,52,65,36,69,121,75
1476,Mon-01476,Poison,4,44,118,99,29,109,98
1477,Mon-01477,Fire,26,30,72,129,28,97,107
1478,Mon-01478,Normal,28,96,75,114,122,64,39
1479,Mon-01479,Fairy,15,22,78,142,86,124,32
1480,Mon-01480,Fighting,76,109,37,30,64,45,67
1481,Mon-01481,Grass,8,128,39,75,93,56,120
1482,Mon-01482,Poison,58,32,39,102,100,113,53
1483,Mon-01483,Dark,67,30,48,133,32,130,67
1484,Mon-01484,Ghost,81,123,37,64,122,110,108
1485,Mon-01485,Water,55,33,44,110,92,98,109
1486,Mon-01486,Ground,55,65,124,51,54,124,105
1487,Mon-01487,Electric,77,116,60,99,49,34,124
1488,Mon-01488,Rock,86,35,108,122,29,94,109
1489,Mon-01489,Ghost,22,93,63,128,48,65,37
1490,Mon-01490,Water,80,62,111,81,57,86,68
1491,Mon-01491,Ghost,47,68,103,84,43,47,106
1492,Mon-01492,Fire,10,123,113,136,94,74,83
1493,Mon-01493,Grass,62,92,52,94,48,46,36
1494,Mon-01494,Electric,98,55,30,69,75,91,98
1495,Mon-01495,Fire,15,123,54,59,82,123,39
1496,Mon-01496,Ghost,2,84,97,114,28,26,55
1497,Mon-01497,Poison,92,31,92,114,38,126,128
1498,Mon-01498,Water,60,63,98,92,27,93,128
1499,Mon-01499,Grass,22,47,130,45,96,21,22
1500,Mon-01500,Fire,80,91,44,45,97,84,62
1501,Mon-01501,Rock,40,115,69,55,34,35,55
1502,Mon-01502,Electric,34,24,74,26,101,109,79
1503,Mon-01503,Rock,29,106,36,85,110,50,112
1504,Mon-01504,Grass,60,121,93,77,32,26,111
1505,Mon-01505,Fairy,14,130,25,73,32,114,35
1506,Mon-01506,Ghost,37,93,119,142,108,79,102
1507,Mon-01507,Ghost,31,54,29,55,54,87,23
1508,Mon-01508,Psychic,7,36,32,126,58,112,75
1509,Mon-01509,Fighting,77,124,39,49,85,82,82
1510,Mon-01510,Rock,1,65,119,102,27,108,65
1511,Mon-01511,Fighting,96,58,115,133,68,86,117
1512,Mon-01512,Rock,10,101,122,130,57,23,90
1513,Mon-01513,Electric,36,99,112,99,111,125,128
1514,Mon-01514,Water,10,109,122,51,101,126,68
1515,Mon-01515,Fairy,37,117,72,72,51,50,64
1516,Mon-01516,Psychic,62,117,20,78,92,92,85
1517,Mon-01517,Electric,9,38,68,131,64,33,46
1518,Mon-01518,Poison,53,38,44,72,73,51,108
1519,Mon-01519,Rock,78,42,47,128,101,87,53
1520,Mon-01520,Poison,46,89,96,144,51,58,33
1521,Mon-01521,Normal,12,84,38,38,84,127,72
1522,Mon-01522,Fairy,70,115,55,142,66,28,97
1523,Mon-01523,Water,19,113,63,96,92,98,79
1524,Mon-01524,Dark,2,110,26,100,62,88,25
1525,Mon-01525,Fairy,44,28,97,63,123,119,21
1526,Mon-01526,Electric,28,97,104,67,63,109,101
1527,Mon-01527,Ground,3,114,81,93,32,119,130
1528,Mon-01528,Rock,78,129,23,50,74,108,43
1529,Mon-01529,Grass,60,58,107,115,46,44,127
1530,Mon-01530,Rock,91,106,69,109,70,67,74
1531,Mon-01531,Ghost,49,65,49,26,122,96,35
1532,Mon-01532,Poison,44,37,125,51,31,130,49
1533,Mon-01533,Dark,85,57,115,89,24,115,127
1534,Mon-01534,Water,9,47,68,118,52,92,55
1535,Mon-01535,Fire,37,121,69,61,68,31,113
1536,Mon-01536,Psychic,80,39,121,136,34,66,89
1537,Mon-01537,Grass,30,34,41,92,97,92,109
1538,Mon-01538,Fairy,89,84,65,92,86,105,67
1539,Mon-01539,Fire,29,83,83,38,97,50,32
1540,Mon-01540,Grass,42,82,58,104,66,71,74
1541,Mon-01541,Poison,90,36,55,128,123,111,124
1542,Mon-01542,Fire,25,75,31,51,94,112,130
1543,Mon-01543,Grass,97,123,49,93,122,44,65
1544,Mon-01544,Ground,5,29,59,25,29,48,33
1545,Mon-01545,Water,27,108,112,51,94,61,43
1546,Mon-01546,Fighting,60,33,57,33,58,91,62
1547,Mon-01547,Grass,60,45,37,121,41,95,128
1548,Mon-01548,Fire,91,119,113,150,40,104,78
1549,Mon-01549,Fire,96,53,59,29,41,81,75
1550,Mon-01550,Dark,68,77,122,113,30,121,110
1551,Mon-01551,Normal,66,62,32,99,70,33,39
1552,Mon-01552,Rock,32,88,22,113,105,78,51
1553,Mon-01553,Electric,81,65,122,88,71,45,103
1554,Mon-01554,Fire,65,69,30,149,34,79,63
1555,Mon-01555,Psychic,3,110,20,29,98,118,85
1556,Mon-01556,Water,84,81,91,43,39,118,111
1557,Mon-01557,Psychic,36,82,55,56,116,129,102
1558,Mon-01558,Normal,48,109,73,123,60,74,78
1559,Mon-01559,Poison,49,67,65,34,20,97,27
1560,Mon-01560,Rock,82,111,52,40,52,72,115
1561,Mon-01561,Grass,27,99,73,117,112,21,29
1562,Mon-01562,Electric,40,118,48,77,122,51,27
1563,Mon-01563,Poison,4,70,44,113,66,102,43
1564,Mon-01564,Rock,35,82,44,71,129,25,51
1565,Mon-01565,Normal,9,34,33,36,45,91,108
1566,Mon-01566,Ghost,59,32,78,100,66,70,81
1567,Mon-01567,Water,90,31,80,38,70,65,122
1568,Mon-01568,Poison,47,90,21,85,42,101,33
1569,Mon-01569,Fighting,92,56,71,135,62,45,128
1570,Mon-01570,Ground,98,52,102,48,75,48,73
1571,Mon-01571,Poison,6,86,20,50,97,38,86
1572,Mon-01572,Electric,52,64,53,144,75,32,21
1573,Mon-01573,Electric,53,34,126,63,31,29,100
1574,Mon-01574,Electric,39,81,67,71,71,31,76
1575,Mon-01575,Poison,84,81,21,111,114,90,103
1576,Mon-01576,Psychic,40,35,78,41,22,53,122
1577,Mon-01577,Ghost,6,49,65,32,130,57,44
1578,Mon-01578,Ground,55,46,43,131,34,103,125
1579,Mon-01579,Psychic,21,97,28,144,21,77,73
1580,Mon-01580,Poison,36,47,118,149,35,28,55
1581,Mon-01581,Ground,51,23,110,27,47,78,98
1582,Mon-01582,Fire,73,49,95,91,59,93,20
1583,Mon-01583,Fairy,28,72,21,131,112,87,95
1584,Mon-01584,Dark,39,105,116,131,84,116,121
1585,Mon-01585,Fighting,7,25,72,70,90,85,43
1586,Mon-01586,Fire,39,117,72,86,117,110,82
1587,Mon-01587,Fairy,59,56,117,43,34,77,107
1588,Mon-01588,Psychic,62,58,68,42,44,90,84
1589,Mon-01589,Fighting,30,21,46,72,127,37,122
1590,Mon-01590,Fire,7,50,46,54,105,130,110
1591,Mon-01591,Psychic,58,72,122,147,26,23,50
1592,Mon-01592,Electric,66,89,80,35,45,127,63
1593,Mon-01593,Water,9,105,84,91,61,83,94
1594,Mon-01594,Rock,51,78,85,95,23,57,66
1595,Mon-01595,Ghost,10,31,44,32,84,66,63
1596,Mon-01596,Normal,46,63,66,80,92,28,114
1597,Mon-01597,Fairy,65,101,125,143,57,65,32
1598,Mon-01598,Fighting,72,90,36,38,43,27,74
1599,Mon-01599,Fire,72,84,125,43,67,67,62
1600,Mon-01600,Poison,76,76,50,45,122,35,101
1601,Mon-01601,Grass,25,76,52,31,99,32,129
1602,Mon-01602,Dark,85,130,21,136,123,99,120
1603,Mon-01603,Fairy,35,86,93,30,81,39,59
1604,Mon-01604,Fairy,38,86,55,60,31,57,63
1605,Mon-01605,Grass,79,57,70,129,26,93,33
1606,Mon-01606,Dark,33,74,84,150,41,76,118
1607,Mon-01607,Water,8,98,90,44,77,77,53
1608,Mon-01608,Normal,72,115,126,70,43,69,56
1609,Mon-01609,Dark,67,106,81,47,55,87,61
1610,Mon-01610,Fighting,59,93,39,49,121,92,123
1611,Mon-01611,Dark,15,106,98,143,24,34,130
1612,Mon-01612,Electric,64,23,26,67,28,126,53
1613,Mon-01613,Dark,20,49,113,102,63,110,91
1614,Mon-01614,Fighting,56,46,52,44,103,67,45
1615,Mon-01615,Fairy,51,92,100,60,111,61,71
1616,Mon-01616,Fire,78,103,37,70,51,100,100
1617,Mon-01617,Poison,98,36,65,98,52,88,75
1618,Mon-01618,Fire,20,41,97,138,84,109,122
1619,Mon-01619,Psychic,12,74,88,55,116,71,76
1620,Mon-01620,Electric,56,127,20,106,39,68,105
1621,Mon-01621,Fire,96,20,23,87,119,71,71
1622,Mon-01622,Fighting,16,117,128,125,109,52,102
1623,Mon-01623,Fire,49,41,78,67,49,106,111
1624,Mon-01624,Normal,41,49,114,78,94,108,128
1625,Mon-01625,Dark,32,90,28,103,89,32,57
1626,Mon-01626,Grass,67,100,74,80,22,30,81
1627,Mon-01627,Water,30,117,83,120,64,28,98
1628,Mon-01628,Fighting,50,20,122,26,46,56,118
1629,Mon-01629,Rock,85,25,98,68,27,31,31
1630,Mon-01630,Fire,38,73,89,46,71,83,24
1631,Mon-01631,Ground,3,81,52,43,97,130,29
1632,Mon-01632,Electric,89,48,130,31,78,98,34
1633,Mon-01633,Grass,28,90,56,69,29,122,50
1634,Mon-01634,Ground,78,49,50,52,111,36,50
1635,Mon-01635,Grass,77,123,100,120,27,97,31
1636,Mon-01636,Psychic,53,39,130,88,62,100,125
1637,Mon-01637,Ground,9,92,115,124,83,69,110
1638,Mon-01638,Psychic,96,78,40,136,122,102,41
1639,Mon-01639,Psychic,69,31,110,123,103,29,64
1640,Mon-01640,Ghost,43,87,59,78,41,88,62
1641,Mon-01641,Fire,86,36,44,147,67,111,114
1642,Mon-01642,Psychic,79,79,123,73,115,63,23
1643,Mon-01643,Poison,77,90,125,128,47,41,115
1644,Mon-01644,Fire,17,28,61,46,120,21,28
1645,Mon-01645,Poison,64,43,22,147,79,50,78
1646,Mon-01646,Ghost,29,52,43,63,89,111,84
1647,Mon-01647,Rock,8,123,80,103,93,113,43
1648,Mon-01648,Water,34,44,26,69,127,88,30
1649,Mon-01649,Normal,11,122,45,53,96,48,67
1650,Mon-01650,Water,11,79,36,66,65,48,119
1651,Mon-01651,Electric,73,125,125,101,85,113,82
1652,Mon-01652,Dark,51,112,59,39,97,84,118
1653,Mon-01653,Grass,40,52,62,49,86,107,58
1654,Mon-01654,Ghost,20,82,66,140,21,61,89
1655,Mon-01655,Psychic,78,99,21,35,120,112,116
1656,Mon-01656,Fire,64,28,80,116,50,72,63
1657,Mon-01657,Electric,59,93,121,62,92,94,129
1658,Mon-01658,Fairy,20,71,110,65,82,114,118
1659,Mon-01659,Normal,13,23,47,70,33,59,86
1660,Mon-01660,Ground,13,116,21,73,117,107,74
1661,Mon-01661,Fighting,3,49,105,114,29,92,38
1662,Mon-01662,Water,97,117,113,126,125,75,41
1663,Mon-01663,Grass,37,42,122,70,122,112,117
1664,Mon-01664,Grass,66,80,84,46,84,68,58
1665,Mon-01665,Psychic,99,61,72,25,125,103,122
1666,Mon-01666,Water,94,119,103,116,115,28,60
1667,Mon-01667,Electric,33,125,96,140,119,115,48
1668,Mon-01668,Poison,49,105,104,29,108,127,84
1669,Mon-01669,Poison,47,113,51,99,123,129,53
1670,Mon-01670,Fighting,4,105,120,52,105,113,64
1671,Mon-01671,Electric,77,52,24,51,117,96,71
1672,Mon-01672,Normal,58,122,30,129,32,102,110
1673,Mon-01673,Psychic,38,78,92,56,67,123,112
1674,Mon-01674,Water,56,58,83,63,73,101,89
1675,Mon-01675,Psychic,74,41,81,40,120,50,124
1676,Mon-01676,Rock,2,98,120,138,73,37,47
1677,Mon-01677,Ghost,65,50,116,139,68,128,92
1678,Mon-01678,Dark,87,92,99,140,107,35,64
1679,Mon-01679,Normal,73,27,38,54,92,121,66
1680,Mon-01680,Rock,62,90,30,48,85,123,100
1681,Mon-01681,Dark,10,91,35,143,121,24,57
1682,Mon-01682,Dark,75,78,88,102,111,109,46
1683,Mon-01683,Psychic,76,92,99,58,98,85,73
1684,Mon-01684,Electric,50,130,108,30,126,63,30
1685,Mon-01685,Dark,59,113,31,125,25,75,82
1686,Mon-01686,Dark,62,68,50,126,81,67,98
1687,Mon-01687,Ground,13,116,57,26,23,110,37
1688,Mon-01688,Fire,26,125,90,85,107,65,65
1689,Mon-01689,Ghost,80,37,25,85,34,34,50
1690,Mon-01690,Ground,98,59,113,83,82,64,33
1691,Mon-01691,Rock,28,102,28,71,106,78,34
1692,Mon-01692,Ground,41,77,78,66,89,69,73
1693,Mon-01693,Grass,92,34,123,67,26,75,80
1694,Mon-01694,Grass,17,72,41,140,72,129,82
1695,Mon-01695,Fighting,27,61,96,150,106,63,27
1696,Mon-01696,Fairy,6,102,81,39,126,110,22
1697,Mon-01697,Rock,24,77,111,115,119,130,33
1698,Mon-01698,Ghost,64,35,85,97,110,112,107
1699,Mon-01699,Ghost,35,25,114,57,54,79,91
1700,Mon-01700,Ground,99,51,64,48,103,129,74
1701,Mon-01701,Fire,90,37,38,119,38,65,23
1702,Mon-01702,Fighting,90,117,95,70,56,51,22
1703,Mon-01703,Poison,73,50,127,41,51,115,63
1704,Mon-01704,Normal,71,90,68,147,73,121,115
1705,Mon-01705,Ghost,51,34,111,141,117,35,32
1706,Mon-01706,Water,100,69,117,77,115,55,84
1707,Mon-01707,Normal,10,123,91,78,119,51,83
1708,Mon-01708,Rock,73,91,107,77,123,111,126
1709,Mon-01709,Fire,15,52,82,49,23,50,53
1710,Mon-01710,Fairy,34,102,109,38,130,93,51
1711,Mon-01711,Ground,26,75,57,59,117,123,86
1712,Mon-01712,Electric,61,46,78,73,101,121,65
1713,Mon-01713,Water,79,130,28,44,28,117,39
1714,Mon-01714,Normal,8,124,41,29,101,78,93
1715,Mon-01715,Water,61,82,84,142,94,87,126
1716,Mon-01716,Poison,23,23,100,135,30,100,121
1717,Mon-01717,Poison,8,65,23,63,42,55,31
1718,Mon-01718,Ground,42,77,27,102,103,75,107
1719,Mon-01719,Poison,59,123,20,42,38,71,97
1720,Mon-01720,Electric,21,101,77,141,58,108,91
1721,Mon-01721,Water,39,44,57,127,87,83,71
1722,Mon-01722,Fairy,96,76,25,47,115,69,108
1723,Mon-01723,Rock,35,39,108,51,51,79,83
1724,Mon-01724,Poison,100,72,78,66,21,39,30
1725,Mon-01725,Dark,84,79,21,36,114,48,34
1726,Mon-01726,Normal,38,76,96,68,123,108,100
1727,Mon-01727,Poison,58,67,121,109,114,34,65
1728,Mon-01728,Normal,71,68,66,116,73,95,84
1729,Mon-01729,Fairy,47,108,125,25,99,120,109
1730,Mon-01730,Ghost,41,76,66,69,34,95,50
1731,Mon-01731,Rock,33,24,28,129,90,91,119
1732,Mon-01732,Fire,14,102,33,134,86,99,46
1733,Mon-01733,Dark,3,88,27,95,90,36,69
1734,Mon-01734,Normal,34,97,53,117,96,35,51
1735,Mon-01735,Dark,80,98,62,56,118,129,97
1736,Mon-01736,Rock,24,39,69,134,106,67,33
1737,Mon-01737,Fighting,18,127,73,84,24,65,57
1738,Mon-01738,Ground,33,129,115,112,97,37,50
1739,Mon-01739,Psychic,60,36,21,58,100,101,100
1740,Mon-01740,Ghost,22,44,119,46,81,23,27
1741,Mon-01741,Fire,23,47,46,92,89,39,91
1742,Mon-01742,Fighting,12,127,125,90,29,44,94
1743,Mon-01743,Poison,34,123,35,97,49,123,100
1744,Mon-01744,Dark,22,49,31,126,115,125,76
1745,Mon-01745,Poison,84,89,33,122,20,28,91
1746,Mon-01746,Poison,91,47,52,63,129,35,34
1747,Mon-01747,Fighting,38,24,124,83,44,126,81
1748,Mon-01748,Rock,9,45,71,35,106,90,97
1749,Mon-01749,Fire,9,28,38,124,44,100,47
1750,Mon-01750,Grass,33,114,91,42,23,83,39
1751,Mon-01751,Water,47,107,76,33,87,45,53
1752,Mon-01752,Ghost,53,40,98,90,103,101,74
1753,Mon-01753,Dark,31,82,102,141,29,40,25
1754,Mon-01754,Ghost,36,42,107,72,49,23,122
1755,Mon-01755,Grass,29,82,36,48,53,112,92
1756,Mon-01756,Water,52,119,75,48,126,62,104
1757,Mon-01757,Ground,70,117,90,130,54,24,114
1758,Mon-01758,Ground,5,112,81,108,27,68,84
1759,Mon-01759,Fairy,48,46,127,87,129,32,105
1760,Mon-01760,Fighting,65,41,126,141,30,72,84
1761,Mon-01761,Dark,68,37,110,38,74,94,105
1762,Mon-01762,Ground,57,34,46,102,40,57,27
1763,Mon-01763,Poison,53,88,78,70,48,28,111
1764,Mon-01764,Normal,69,93,109,54,103,118,67
1765,Mon-01765,Ghost,38,117,49,140,35,80,72
1766,Mon-01766,Normal,57,30,99,145,92,22,54
1767,Mon-01767,Fairy,32,49,47,130,82,83,64
1768,Mon-01768,Fairy,44,100,35,43,100,122,72
1769,Mon-01769,Psychic,13,95,46,116,37,21,61
1770,Mon-01770,Psychic,36,67,122,70,59,107,125
1771,Mon-01771,Psychic,15,36,130,72,20,61,76
1772,Mon-01772,Ghost,23,73,114,49,117,98,107
1773,Mon-01773,Ghost,42,39,50,99,129,23,126
1774,Mon-01774,Grass,51,79,106,133,69,120,87
1775,Mon-01775,Psychic,95,120,44,54,78,127,57
1776,Mon-01776,Psychic,3,41,34,92,34,81,98
1777,Mon-01777,Ground,90,33,48,106,117,43,21
1778,Mon-01778,Rock,33,101,35,104,105,36,101
1779,Mon-01779,Rock,73,22,91,57,32,96,20
1780,Mon-01780,Grass,68,129,95,28,78,108,70
1781,Mon-01781,Water,98,106,23,129,39,94,50
1782,Mon-01782,Fairy,11,64,31,100,85,74,116
1783,Mon-01783,Fairy,97,60,73,113,92,105,91
1784,Mon-01784,Fairy,7,62,32,92,62,101,88
1785,Mon-01785,Ghost,88,64,111,73,69,57,92
1786,Mon-01786,Dark,66,113,64,56,98,106,101
1787,Mon-01787,Fire,49,108,65,108,37,40,37
1788,Mon-01788,Fairy,40,42,20,129,23,111,21
1789,Mon-01789,Water,10,39,97,65,66,78,123
1790,Mon-01790,Fairy,81,80,100,28,74,102,79
1791,Mon-01791,Normal,73,92,103,44,51,97,94
1792,Mon-01792,Grass,94,100,79,97,67,30,60
1793,Mon-01793,Fairy,74,54,49,54,31,103,114
1794,Mon-01794,Grass,96,73,28,127,102,107,26
1795,Mon-01795,Ground,89,31,55,59,105,25,68
1796,Mon-01796,Dark,43,70,80,87,49,45,91
1797,Mon-01797,Electric,71,96,32,53,92,103,71
1798,Mon-01798,Water,27,53,26,82,45,60,123
1799,Mon-01799,Fire,80,55,44,110,63,32,20
1800,Mon-01800,Rock,61,71,27,125,55,114,101
1801,Mon-01801,Dark,45,116,21,118,127,78,117
1802,Mon-01802,Psychic,63,87,73,88,73,63,28
1803,Mon-01803,Poison,28,122,102,82,90,81,91
1804,Mon-01804,Fairy,63,26,75,66,43,64,26
1805,Mon-01805,Electric,48,114,30,149,122,34,89
1806,Mon-01806,Rock,33,24,57,117,95,82,58
1807,Mon-01807,Water,98,55,23,137,31,127,112
1808,Mon-01808,Ground,7,67,89,118,56,125,46
1809,Mon-01809,Water,76,46,45,35,76,90,61
1810,Mon-01810,Rock,22,129,62,58,66,38,23
1811,Mon-01811,Rock,23,119,120,83,108,44,101
1812,Mon-01812,Grass,16,83,85,64,81,55,24
1813,Mon-01813,Rock,11,70,104,139,81,25,94
1814,Mon-01814,Ghost,13,104,58,86,61,35,58
1815,Mon-01815,Electric,84,98,123,52,113,106,124
1816,Mon-01816,Fire,93,73,99,100,97,67,34
1817,Mon-01817,Grass,59,111,77,72,98,113,90
1818,Mon-01818,Grass,2,41,84,41,92,26,41
1819,Mon-01819,Rock,87,50,89,144,93,30,24
1820,Mon-01820,Fire,61,21,37,144,104,96,116
1821,Mon-01821,Ground,53,33,47,122,45,48,117
1822,Mon-01822,Electric,95,42,96,64,78,45,130
1823,Mon-01823,Normal,41,89,68,129,34,91,40
1824,Mon-01824,Normal,37,114,107,61,60,121,109
1825,Mon-01825,Rock,78,85,78,135,52,66,74
1826,Mon-01826,Poison,53,69,27,136,42,104,45
1827,Mon-01827,Fire,72,49,93,46,80,58,63
1828,Mon-01828,Electric,70,31,87,64,68,113,39
1829,Mon-01829,Electric,84,84,60,113,70,67,88
1830,Mon-01830,Fire,32,35,107,54,116,36,84
1831,Mon-01831,Electric,8,107,58,126,60,76,39
1832,Mon-01832,Fairy,48,65,32,110,33,52,107
1833,Mon-01833,Dark,65,58,33,53,107,40,82
1834,Mon-01834,Electric,82,22,120,122,43,40,92
1835,Mon-01835,Poison,27,46,61,30,128,63,34
1836,Mon-01836,Fighting,75,21,66,73,93,21,109
1837,Mon-01837,Poison,84,100,53,47,48,27,60
1838,Mon-01838,Fire,81,74,101,25,83,85,74
1839,Mon-01839,Ground,81,107,87,118,123,20,37
1840,Mon-01840,Psychic,99,82,119,44,121,105,129
1841,Mon-01841,Ground,67,125,119,112,64,128,77
1842,Mon-01842,Fairy,38,107,129,34,23,40,107
1843,Mon-01843,Ground,44,36,56,137,28,26,87
1844,Mon-01844,Psychic,75,32,84,148,117,43,25
1845,Mon-01845,Grass,24,118,58,64,93,24,97
1846,Mon-01846,Ghost,61,49,98,86,100,49,60
1847,Mon-01847,Fire,58,104,103,103,100,118,86
1848,Mon-01848,Ground,67,89,47,99,106,110,82
1849,Mon-01849,Electric,43,97,115,28,76,128,107
1850,Mon-01850,Water,74,49,52,148,62,110,44
1851,Mon-01851,Psychic,8,54,129,142,46,113,127
1852,Mon-01852,Ghost,75,81,114,86,54,85,64
1853,Mon-01853,Fire,82,22,22,94,103,35,99
1854,Mon-01854,Fighting,89,54,64,46,21,105,89
1855,Mon-01855,Fighting,93,76,63,119,36,90,82
1856,Mon-01856,Dark,35,42,111,89,107,126,81
1857,Mon-01857,Normal,5,51,100,60,91,97,87
1858,Mon-01858,Ghost,66,129,25,63,37,80,115
1859,Mon-01859,Psychic,10,52,113,35,24,105,50
1860,Mon-01860,Rock,29,120,44,124,45,92,49
1861,Mon-01861,Water,71,122,61,32,33,32,129
1862,Mon-01862,Fire,60,94,38,95,50,87,122
1863,Mon-01863,Electric,61,36,37,127,112,63,63
1864,Mon-01864,Ghost,76,42,78,31,116,38,55
1865,Mon-01865,Water,17,123,29,44,51,50,102
1866,Mon-01866,Fire,80,20,28,121,51,112,122
1867,Mon-01867,Poison,59,75,107,128,111,92,125
1868,Mon-01868,Fairy,43,86,58,35,67,26,47
1869,Mon-01869,Psychic,47,113,91,58,43,58,43
1870,Mon-01870,Rock,51,119,129,101,102,96,76
1871,Mon-01871,Dark,56,51,25,93,74,76,39
1872,Mon-01872,Dark,34,75,108,90,119,106,123
1873,Mon-01873,Electric,23,90,32,58,117,89,59
1874,Mon-01874,Poison,17,127,104,92,107,24,50
1875,Mon-01875,Fairy,35,81,53,31,127,116,127
1876,Mon-01876,Fighting,27,33,34,134,79,83,114
1877,Mon-01877,Ghost,52,122,45,93,80,122,124
1878,Mon-01878,Fire,92,76,60,71,20,44,75
1879,Mon-01879,Dark,11,39,101,71,38,96,107
1880,Mon-01880,Grass,31,41,95,71,37,23,66
1881,Mon-01881,Fighting,5,42,100,79,122,37,27
1882,Mon-01882,Grass,98,100,22,49,48,117,93
1883,Mon-01883,Water,71,125,128,100,89,118,28
1884,Mon-01884,Psychic,25,68,68,48,65,125,42
1885,Mon-01885,Ground,42,30,32,64,104,42,52
1886,Mon-01886,Ghost,73,118,123,134,60,119,93
1887,Mon-01887,Fire,96,90,107,96,124,25,106
1888,Mon-01888,Electric,58,83,29,138,77,64,39
1889,Mon-01889,Poison,28,26,68,107,47,68,101
1890,Mon-01890,Dark,70,127,120,123,65,107,98
1891,Mon-01891,Fire,69,28,95,36,60,95,86
1892,Mon-01892,Ghost,65,87,41,88,100,59,87
1893,Mon-01893,Electric,5,86,97,69,55,36,64
1894,Mon-01894,Water,71,77,40,27,25,60,35
1895,Mon-01895,Poison,2,81,59,36,107,53,34
1896,Mon-01896,Normal,91,64,41,48,130,94,31
1897,Mon-01897,Water,89,83,96,25,47,28,73
1898,Mon-01898,Normal,57,60,123,80,113,65,87
1899,Mon-01899,Ghost,65,72,24,31,24,88,35
1900,Mon-01900,Grass,7,95,87,128,57,91,33
1901,Mon-01901,Ghost,88,102,47,99,21,98,97
1902,Mon-01902,Water,28,37,103,146,64,51,89
1903,Mon-01903,Electric,27,130,35,35,87,77,123
1904,Mon-01904,Poison,71,30,60,35,126,30,130
1905,Mon-01905,Dark,94,50,42,134,113,69,129
1906,Mon-01906,Fire,50,58,116,74,123,129,33
1907,Mon-01907,Poison,51,55,29,120,92,114,60
1908,Mon-01908,Psychic,55,59,84,48,63,89,72
1909,Mon-01909,Poison,30,55,33,26,120,66,102
1910,Mon-01910,Dark,60,68,86,87,26,119,122
1911,Mon-01911,Fairy,97,104,105,97,110,69,112
1912,Mon-01912,Rock,39,111,103,39,129,104,124
1913,Mon-01913,Rock,78,58,23,26,22,84,22
1914,Mon-01914,Dark,78,48,105,51,92,22,23
1915,Mon-01915,Electric,86,95,52,38,117,98,65
1916,Mon-01916,Fairy,73,26,95,150,96,119,109
1917,Mon-01917,Electric,93,69,126,149,128,106,56
1918,Mon-01918,Electric,72,44,33,26,50,88,46
1919,Mon-01919,Water,98,87,60,82,90,24,46
1920,Mon-01920,Grass,72,28,116,73,110,22,102
1921,Mon-01921,Ground,84,112,35,28,27,114,107
1922,Mon-01922,Grass,90,49,48,108,81,72,59
1923,Mon-01923,Poison,99,77,80,132,126,70,26
1924,Mon-01924,Grass,60,83,130,102,72,91,44
1925,Mon-01925,Fighting,72,72,52,140,110,120,52
1926,Mon-01926,Fairy,97,69,62,105,102,68,72
1927,Mon-01927,Rock,39,49,108,94,49,79,62
1928,Mon-01928,Electric,12,105,33,144,61,82,39
1929,Mon-01929,Rock,89,77,56,113,74,72,129
1930,Mon-01930,Ghost,64,43,55,121,67,92,67
1931,Mon-01931,Rock,43,49,64,123,86,41,44
1932,Mon-01932,Ghost,72,68,83,29,92,61,63
1933,Mon-01933,Rock,4,113,44,117,65,72,102
1934,Mon-01934,Fighting,48,126,63,119,90,77,126
1935,Mon-01935,Ghost,27,63,121,87,93,74,69
1936,Mon-01936,Fairy,29,63,111,96,127,66,80
1937,Mon-01937,Fire,97,34,126,129,110,119,53
1938,Mon-01938,Fairy,56,80,95,42,82,108,97
1939,Mon-01939,Fire,15,46,84,91,39,118,96
1940,Mon-01940,Water,37,110,43,122,55,86,39
1941,Mon-01941,Ground,25,79,37,57,56,73,80
1942,Mon-01942,Fire,91,44,79,58,51,67,130
1943,Mon-01943,Rock,30,121,64,25,125,116,45
1944,Mon-01944,Fighting,36,110,107,64,79,93,75
1945,Mon-01945,Ground,34,53,21,70,129,114,94
1946,Mon-01946,Fire,18,33,118,145,33,114,28
1947,Mon-01947,Water,79,49,38,35,99,125,77
1948,Mon-01948,Fairy,58,61,63,106,85,80,87
1949,Mon-01949,Psychic,44,65,59,32,104,60,80
1950,Mon-01950,Ground,40,111,122,125,63,120,55
1951,Mon-01951,Water,67,127,99,84,77,43,109
1952,Mon-01952,Water,10,102,23,78,59,55,52
1953,Mon-01953,Electric,94,113,114,143,97,124,76
1954,Mon-01954,Poison,57,33,95,119,41,99,55
1955,Mon-01955,Grass,23,36,27,38,93,84,114
1956,Mon-01956,Fairy,54,120,106,58,74,78,69
1957,Mon-01957,Fire,86,88,23,59,108,71,62
1958,Mon-01958,Water,18,46,67,101,24,119,51
1959,Mon-01959,Poison,53,107,37,129,40,65,79
1960,Mon-01960,Grass,60,39,21,105,87,73,106
1961,Mon-01961,Fairy,82,105,82,75,61,29,89
1962,Mon-01962,Poison,57,118,96,119,51,32,39
1963,Mon-01963,Psychic,74,74,73,120,123,42,22
1964,Mon-01964,Grass,78,92,58,35,120,53,35
1965,Mon-01965,Rock,90,101,76,93,30,52,118
1966,Mon-01966,Ground,37,117,36,114,78,94,31
1967,Mon-01967,Ghost,71,84,25,101,94,81,39
1968,Mon-01968,Rock,25,52,37,55,106,20,65
1969,Mon-01969,Rock,85,42,26,45,42,77,40
1970,Mon-01970,Normal,96,59,105,61,114,29,32
1971,Mon-01971,Water,30,26,87,69,92,80,40
1972,Mon-01972,Fighting,57,97,40,141,117,25,22
1973,Mon-01973,Ground,83,61,83,103,95,28,77
1974,Mon-01974,Fire,3,98,73,130,116,111,52
1975,Mon-01975,Fighting,71,26,32,28,23,21,52
1976,Mon-01976,Fighting,83,55,127,123,45,127,128
1977,Mon-01977,Dark,88,63,124,48,79,71,121
1978,Mon-01978,Fairy,20,29,104,96,53,111,21
1979,Mon-01979,Rock,76,112,109,73,41,41,120
1980,Mon-01980,Fighting,79,86,80,133,98,71,27
1981,Mon-01981,Fire,1,113,109,109,130,118,85
1982,Mon-01982,Fighting,71,109,78,82,79,28,84
1983,Mon-01983,Poison,63,23,38,89,87,67,88
1984,Mon-01984,Normal,97,116,38,114,87,33,75
1985,Mon-01985,Fairy,5,27,114,115,66,59,94
1986,Mon-01986,Psychic,97,116,69,97,95,127,31
1987,Mon-01987,Grass,58,94,100,116,109,80,69
1988,Mon-01988,Ground,28,110,36,124,32,57,119
1989,Mon-01989,Fairy,39,75,69,28,50,89,82
1990,Mon-01990,Grass,77,37,29,71,38,51,94
1991,Mon-01991,Fighting,100,36,44,138,107,29,27
1992,Mon-01992,Normal,32,33,32,65,90,82,74
1993,Mon-01993,Normal,99,109,43,128,94,102,31
1994,Mon-01994,Grass,63,79,87,94,89,39,80
1995,Mon-01995,Dark,20,44,20,59,79,35,58
1996,Mon-01996,Normal,60,33,41,69,110,86,108
1997,Mon-01997,Fighting,81,28,96,86,37,62,107
1998,Mon-01998,Fighting,6,48,36,40,97,123,30
1999,Mon-01999,Water,8,103,81,63,112,59,61
2000,Mon-02000,Water,1,119,116,110,43,63,123
2001,Mon-02001,Ground,58,87,106,139,98,83,21
2002,Mon-02002,Rock,6,130,33,144,27,128,32
2003,Mon-02003,Ghost,94,63,36,73,38,96,123
2004,Mon-02004,Electric,13,56,98,125,63,93,70
2005,Mon-02005,Normal,8,96,58,74,130,108,88
2006,Mon-02006,Dark,26,34,66,126,61,110,47
2007,Mon-02007,Grass,77,121,72,139,67,78,66
2008,Mon-02008,Psychic,91,106,84,81,105,51,93
2009,Mon-02009,Ground,26,23,69,100,108,37,54
2010,Mon-02010,Electric,52,40,22,134,94,82,113
2011,Mon-02011,Electric,78,89,30,42,23,97,122
2012,Mon-02012,Poison,80,101,20,56,116,60,88
2013,Mon-02013,Grass,16,44,49,103,48,73,49
2014,Mon-02014,Ghost,84,102,110,47,75,69,44
2015,Mon-02015,Ghost,87,72,127,125,101,85,22
2016,Mon-02016,Fighting,74,94,72,58,52,110,106
2017,Mon-02017,Fire,53,67,23,67,96,69,119
2018,Mon-02018,Ghost,40,70,27,127,75,77,124
2019,Mon-02019,Fire,89,63,110,91,37,66,128
2020,Mon-02020,Fighting,87,37,58,124,43,53,37
2021,Mon-02021,Normal,52,41,117,103,104,97,97
2022,Mon-02022,Rock,75,38,76,89,26,88,48
2023,Mon-02023,Ghost,40,109,117,89,62,78,39
2024,Mon-02024,Fire,75,66,35,126,75,52,78
2025,Mon-02025,Poison,9,62,115,150,62,116,95
2026,Mon-02026,Normal,91,114,80,28,65,109,102
2027,Mon-02027,Fairy,52,118,68,88,127,102,74
2028,Mon-02028,Ghost,60,45,78,123,23,110,34
2029,Mon-02029,Dark,19,59,56,106,128,72,27
2030,Mon-02030,Dark,53,65,86,85,100,89,25
2031,Mon-02031,Ghost,1,113,105,124,121,43,105
2032,Mon-02032,Electric,90,94,109,83,91,106,82
2033,Mon-02033,Normal,75,80,128,42,124,21,57
2034,Mon-02034,Normal,46,46,65,59,28,76,108
2035,Mon-02035,Psychic,84,62,105,30,99,42,59
2036,Mon-02036,Grass,82,23,118,113,98,86,53
2037,Mon-02037,Rock,12,98,21,147,123,51,109
2038,Mon-02038,Psychic,6,121,72,72,29,127,84
2039,Mon-02039,Ground,26,107,97,117,76,33,95
2040,Mon-02040,Rock,1,54,70,148,77,111,109
2041,Mon-02041,Fairy,58,73,31,74,30,94,54
2042,Mon-02042,Psychic,53,126,92,136,89,130,23
2043,Mon-02043,Water,54,67,65,27,73,56,93
2044,Mon-02044,Fire,8,113,88,110,75,98,57
2045,Mon-02045,Normal,92,84,20,45,95,23,127
2046,Mon-02046,Ground,98,75,21,123,102,95,53
2047,Mon-02047,Fighting,60,84,86,26,93,68,108
2048,Mon-02048,Psychic,1,44,129,129,62,100,100
2049,Mon-02049,Grass,40,67,90,74,126,107,98
2050,Mon-02050,Ground,72,53,124,54,43,74,93
2051,Mon-02051,Ghost,75,104,114,94,57,57,28
2052,Mon-02052,Electric,25,87,51,149,73,99,111
2053,Mon-02053,Poison,83,64,31,45,54,120,49
2054,Mon-02054,Dark,97,111,82,64,57,59,80
2055,Mon-02055,Dark,51,70,88,105,122,114,48
2056,Mon-02056,Electric,39,125,105,36,36,69,45
2057,Mon-02057,Ground,53,87,77,145,76,118,62
2058,Mon-02058,Ghost,3,118,122,90,72,92,68
2059,Mon-02059,Rock,53,129,113,149,29,94,120
2060,Mon-02060,Dark,3,56,85,77,42,96,63
2061,Mon-02061,Normal,4,48,81,129,50,109,125
2062,Mon-02062,Water,56,112,22,66,72,115,94
2063,Mon-02063,Electric,52,45,106,80,66,63,90
2064,Mon-02064,Fairy,99,103,95,68,85,102,125
2065,Mon-02065,Ground,51,39,119,93,61,96,130
2066,Mon-02066,Dark,98,116,30,53,106,85,70
2067,Mon-02067,Fairy,81,96,36,88,60,44,64
2068,Mon-02068,Dark,34,77,94,130,114,71,90
2069,Mon-02069,Dark,93,69,74,44,130,42,42
2070,Mon-02070,Ghost,49,90,85,124,94,35,39
2071,Mon-02071,Ghost,60,63,68,132,31,124,54
2072,Mon-02072,Poison,11,64,91,29,119,100,83
2073,Mon-02073,Psychic,22,42,93,110,110,80,130
2074,Mon-02074,Fire,53,37,41,86,81,69,100
2075,Mon-02075,Dark,28,118,104,105,57,27,54
2076,Mon-02076,Psychic,60,103,74,62,98,58,104
2077,Mon-02077,Rock,8,69,83,52,88,41,77
2078,Mon-02078,Dark,26,112,88,61,105,79,128
2079,Mon-02079,Poison,67,87,102,44,91,71,88
2080,Mon-02080,Fairy,62,86,53,76,111,126,129
2081,Mon-02081,Ghost,99,32,20,135,127,113,106
2082,Mon-02082,Water,90,79,40,123,103,86,77
2083,Mon-02083,Normal,82,31,127,47,55,119,106
2084,Mon-02084,Ghost,1,95,44,95,120,56,115
2085,Mon-02085,Fairy,61,27,47,34,111,32,43
2086,Mon-02086,Dark,23,77,115,32,72,82,101
2087,Mon-02087,Ghost,27,60,46,103,26,26,130
2088,Mon-02088,Rock,21,34,71,63,125,124,78
2089,Mon-02089,Ghost,46,72,61,113,79,33,70
2090,Mon-02090,Electric,13,42,93,44,64,115,23
2091,Mon-02091,Fire,54,47,85,40,87,94,102
2092,Mon-02092,Fighting,17,118,77,115,27,47,128
2093,Mon-02093,Fire,51,58,75,51,111,79,88
2094,Mon-02094,Fairy,63,64,112,32,40,80,127
2095,Mon-02095,Normal,18,20,84,124,48,101,35
2096,Mon-02096,Fire,11,53,76,113,81,67,77
2097,Mon-02097,Normal,81,58,118,142,93,85,106
2098,Mon-02098,Dark,74,99,30,100,21,66,58
2099,Mon-02099,Normal,27,33,112,85,84,30,112
2100,Mon-02100,Electric,89,123,41,109,37,98,32
2101,Mon-02101,Grass,23,34,56,124,125,48,115
2102,Mon-02102,Poison,93,92,21,104,61,50,26
2103,Mon-02103,Fairy,12,20,83,65,74,56,30
2104,Mon-02104,Fighting,67,110,112,137,89,82,109
2105,Mon-02105,Water,2,97,62,113,37,98,127
2106,Mon-02106,Water,20,112,93,135,38,110,65
2107,Mon-02107,Fighting,41,123,63,95,126,86,44
2108,Mon-02108,Ground,9,112,104,81,83,64,82
2109,Mon-02109,Poison,46,88,130,131,45,125,51
2110,Mon-02110,Dark,24,113,99,102,93,72,53
2111,Mon-02111,Electric,10,30,57,122,119,36,20
2112,Mon-02112,Poison,97,91,111,137,104,108,88
2113,Mon-02113,Normal,99,129,24,60,64,124,37
2114,Mon-02114,Water,97,61,129,49,93,52,104
2115,Mon-02115,Fire,16,128,113,43,119,44,43
2116,Mon-02116,Poison,39,76,92,100,47,59,119
2117,Mon-02117,Electric,33,71,88,126,107,58,95
2118,Mon-02118,Dark,33,53,48,148,130,41,75
2119,Mon-02119,Fire,42,31,67,29,58,23,66
2120,Mon-02120,Electric,52,117,31,25,118,40,53
2121,Mon-02121,Electric,49,100,57,110,22,52,27
2122,Mon-02122,Electric,30,64,85,58,61,40,28
2123,Mon-02123,Normal,98,126,60,84,50,42,83
2124,Mon-02124,Poison,98,40,105,34,23,124,114
2125,Mon-02125,Poison,34,106,114,34,86,44,96
2126,Mon-02126,Dark,23,70,82,91,78,111,114
2127,Mon-02127,Water,54,89,57,111,62,83,102
2128,Mon-02128,Ground,37,24,53,136,116,68,59
2129,Mon-02129,Psychic,99,87,80,85,47,106,123
2130,Mon-02130,Psychic,43,95,99,106,111,21,43
2131,Mon-02131,Dark,4,128,34,133,90,102,50
2132,Mon-02132,Dark,13,58,69,79,119,66,94
2133,Mon-02133,Ground,8,28,68,51,20,112,24
2134,Mon-02134,Psychic,39,26,51,129,127,126,103
2135,Mon-02135,Psychic,32,36,46,25,20,101,53
2136,Mon-02136,Dark,86,53,113,59,99,32,100
2137,Mon-02137,Electric,90,112,68,41,103,128,102
2138,Mon-02138,Fairy,15,41,83,106,38,104,27
2139,Mon-02139,Normal,95,36,24,58,23,22,56
2140,Mon-02140,Grass,59,23,51,68,24,41,129
2141,Mon-02141,Fairy,31,62,44,107,34,129,123
2142,Mon-02142,Dark,41,86,56,62,36,112,80
2143,Mon-02143,Ground,45,51,113,70,127,65,67
2144,Mon-02144,Rock,18,74,83,87,42,126,87
2145,Mon-02145,Ghost,87,47,120,39,109,73,101
2146,Mon-02146,Ghost,2,108,66,142,26,116,25
2147,Mon-02147,Normal,7,22,105,148,92,84,55
2148,Mon-02148,Psychic,28,42,37,114,70,93,21
2149,Mon-02149,Grass,15,82,110,38,79,20,76
2150,Mon-02150,Psychic,7,113,87,84,107,127,34
2151,Mon-02151,Ghost,39,64,24,69,43,40,119
2152,Mon-02152,Dark,38,27,96,45,20,43,63
2153,Mon-02153,Poison,13,81,73,135,44,69,118
2154,Mon-02154,Ground,82,50,20,77,109,103,124
2155,Mon-02155,Psychic,89,53,114,107,85,105,50
2156,Mon-02156,Fairy,72,122,79,112,122,89,100
2157,Mon-02157,Ghost,53,124,87,65,112,116,25
2158,Mon-02158,Water,95,48,84,68,36,96,130
2159,Mon-02159,Ground,36,85,30,147,26,36,103
2160,Mon-02160,Poison,43,80,56,128,22,106,95
2161,Mon-02161,Poison,2,126,97,88,40,49,84
2162,Mon-02162,Fairy,71,125,57,92,73,77,31
2163,Mon-02163,Fairy,10,58,118,26,21,87,49
2164,Mon-02164,Poison,67,22,55,50,116,63,97
2165,Mon-02165,Psychic,79,20,71,25,73,60,43
2166,Mon-02166,Dark,22,20,69,126,101,49,91
2167,Mon-02167,Rock,62,106,22,143,116,53,112
2168,Mon-02168,Ghost,31,102,110,45,23,129,118
2169,Mon-02169,Normal,40,111,35,60,68,62,27
2170,Mon-02170,Fighting,53,35,72,69,94,72,80
2171,Mon-02171,Fairy,25,26,120,127,130,97,34
2172,Mon-02172,Fighting,80,38,130,76,110,47,47
2173,Mon-02173,Electric,40,89,45,30,44,42,117
2174,Mon-02174,Ghost,47,20,61,98,50,43,101
2175,Mon-02175,Poison,82,93,82,43,108,26,94
2176,Mon-02176,Ground,23,118,97,106,92,70,103
2177,Mon-02177,Ground,46,36,47,132,47,20,33
2178,Mon-02178,Fairy,100,102,80,33,74,62,77
2179,Mon-02179,Fighting,40,81,112,150,123,78,45
2180,Mon-02180,Ground,12,124,104,108,42,48,30
2181,Mon-02181,Ground,29,46,111,31,56,47,121
2182,Mon-02182,Grass,96,45,118,52,120,86,65
2183,Mon-02183,Dark,76,21,115,46,94,82,42
2184,Mon-02184,Ground,81,98,76,136,44,107,113
2185,Mon-02185,Dark,26,116,128,116,51,117,98
2186,Mon-02186,Electric,84,22,74,71,113,47,53
2187,Mon-02187,Dark,40,74,98,91,51,52,110
2188,Mon-02188,Fire,80,100,124,68,97,78,101
2189,Mon-02189,Rock,89,106,24,76,75,40,49
2190,Mon-02190,Normal,21,123,123,105,44,100,48
2191,Mon-02191,Ghost,94,100,111,49,60,20,39
2192,Mon-02192,Dark,64,122,130,120,98,60,56
2193,Mon-02193,Electric,74,130,105,144,109,128,51
2194,Mon-02194,Psychic,76,122,37,147,22,101,57
2195,Mon-02195,Normal,17,68,53,46,120,77,42
2196,Mon-02196,Normal,75,65,20,76,46,20,35
2197,Mon-02197,Electric,22,67,87,58,92,109,98
2198,Mon-02198,Electric,28,125,68,105,51,69,58
2199,Mon-02199,Electric,12,51,72,65,49,115,31
2200,Mon-02200,Rock,19,103,101,74,118,106,100
2201,Mon-02201,Psychic,98,89,111,42,97,130,45
2202,Mon-02202,Fairy,33,26,28,95,121,33,64
2203,Mon-02203,Ghost,39,73,121,92,22,115,113
2204,Mon-02204,Electric,48,41,61,94,50,98,53
2205,Mon-02205,Water,72,100,103,68,25,52,40
2206,Mon-02206,Normal,58,69,84,120,72,113,97
2207,Mon-02207,Fighting,54,59,69,101,71,82,28
2208,Mon-02208,Electric,84,27,43,47,128,93,77
2209,Mon-02209,Poison,50,34,41,71,45,126,110
2210,Mon-02210,Psychic,77,104,101,108,93,83,68
2211,Mon-02211,Water,92,115,55,39,130,90,37
2212,Mon-02212,Fairy,68,52,45,69,27,116,108
2213,Mon-02213,Grass,4,111,20,134,69,105,100
2214,Mon-02214,Grass,27,81,113,80,63,91,62
2215,Mon-02215,Fairy,62,58,63,89,22,120,36
2216,Mon-02216,Ghost,48,70,58,110,66,121,80
2217,Mon-02217,Fighting,29,96,61,65,48,88,106
2218,Mon-02218,Fire,34,120,86,129,54,30,23
2219,Mon-02219,Fighting,8,74,73,27,43,96,74
2220,Mon-02220,Electric,24,58,80,84,77,56,57
2221,Mon-02221,Fire,79,104,50,100,64,85,60
2222,Mon-02222,Dark,2,78,52,55,101,61,46
2223,Mon-02223,Fighting,84,63,115,123,59,57,92
2224,Mon-02224,Psychic,34,71,68,35,96,128,118
2225,Mon-02225,Fire,81,79,127,106,78,47,30
2226,Mon-02226,Fire,26,35,113,104,59,37,22
2227,Mon-02227,Ghost,83,26,98,124,111,90,63
2228,Mon-02228,Ghost,58,93,80,51,101,91,97
2229,Mon-02229,Ground,86,39,112,44,78,128,28
2230,Mon-02230,Electric,7,79,26,98,79,26,103
2231,Mon-02231,Water,80,106,75,147,104,121,100
2232,Mon-02232,Ground,28,43,99,123,105,113,56
2233,Mon-02233,Water,36,62,32,51,99,43,56
2234,Mon-02234,Grass,5,128,40,76,32,110,48
2235,Mon-02235,Ghost,96,23,27,58,45,113,98
2236,Mon-02236,Ghost,65,103,73,123,64,32,38
2237,Mon-02237,Normal,99,38,80,89,83,22,57
2238,Mon-02238,Poison,57,120,72,80,63,93,50
2239,Mon-02239,Ground,16,65,26,25,111,85,61
2240,Mon-02240,Electric,34,20,74,104,59,115,121
2241,Mon-02241,Ground,44,99,118,80,80,123,22
2242,Mon-02242,Normal,15,36,23,29,97,31,24
2243,Mon-02243,Grass,94,60,106,49,61,126,65
2244,Mon-02244,Ground,96,75,50,116,81,114,70
2245,Mon-02245,Fire,57,102,28,119,100,86,130
2246,Mon-02246,Psychic,59,66,25,87,62,60,49
2247,Mon-02247,Fighting,71,115,21,120,127,90,82
2248,Mon-02248,Electric,68,73,66,118,79,82,97
2249,Mon-02249,Electric,7,57,75,102,107,63,97
2250,Mon-02250,Rock,54,57,88,51,98,28,57
2251,Mon-02251,Poison,78,108,29,78,110,100,114
2252,Mon-02252,Water,81,93,92,127,94,53,58
2253,Mon-02253,Normal,60,34,102,64,79,47,68
2254,Mon-02254,Ghost,90,103,27,108,104,61,26
2255,Mon-02255,Fire,59,66,94,129,71,23,130
2256,Mon-02256,Dark,39,58,33,92,114,63,121
2257,Mon-02257,Fighting,45,30,68,88,75,112,47
2258,Mon-02258,Psychic,70,130,93,48,102,101,77
2259,Mon-02259,Water,89,25,116,87,42,26,112
2260,Mon-02260,Water,23,130,78,30,39,56,27
2261,Mon-02261,Ghost,30,27,68,39,82,93,94
2262,Mon-02262,Rock,66,76,112,93,113,123,103
2263,Mon-02263,Psychic,77,31,43,52,101,68,91
2264,Mon-02264,Electric,40,74,42,68,56,129,106
2265,Mon-02265,Rock,65,112,71,70,115,24,44
2266,Mon-02266,Electric,1,85,33,84,93,121,71
2267,Mon-02267,Normal,30,80,22,113,81,37,90
2268,Mon-02268,Fighting,96,33,60,81,129,100,128
2269,Mon-02269,Normal,58,125,36,131,106,31,26
2270,Mon-02270,Grass,87,61,90,85,52,129,45
2271,Mon-02271,Ground,22,79,80,150,27,43,56
2272,Mon-02272,Grass,30,119,73,150,49,60,113
2273,Mon-02273,Ground,98,89,75,78,39,90,104
2274,Mon-02274,Grass,100,101,30,121,40,25,113
2275,Mon-02275,Rock,88,40,64,82,78,83,91
2276,Mon-02276,Fire,32,71,27,135,129,52,77
2277,Mon-02277,Fire,81,80,59,121,92,68,64
2278,Mon-02278,Normal,46,39,95,67,67,56,79
2279,Mon-02279,Dark,85,62,129,65,47,113,31
2280,Mon-02280,Fire,86,112,52,135,107,70,32
2281,Mon-02281,Ground,44,123,49,93,80,103,27
2282,Mon-02282,Fairy,31,111,94,112,25,24,34
2283,Mon-02283,Fairy,98,123,121,110,71,95,56
2284,Mon-02284,Electric,46,130,52,45,40,62,66
2285,Mon-02285,Ghost,44,42,113,54,75,86,129
2286,Mon-02286,Water,67,114,54,138,27,113,121
2287,Mon-02287,Ghost,94,88,90,60,43,97,105
2288,Mon-02288,Water,14,115,43,134,110,59,43
2289,Mon-02289,Grass,99,90,49,69,38,45,78
2290,Mon-02290,Fairy,43,33,129,131,31,118,72
2291,Mon-02291,Normal,3,82,63,97,44,48,89
2292,Mon-02292,Dark,31,104,21,37,122,23,27
2293,Mon-02293,Fairy,47,33,105,59,125,53,26
2294,Mon-02294,Fairy,68,76,34,145,93,21,53
2295,Mon-02295,Fighting,57,92,32,51,106,102,28
2296,Mon-02296,Normal,14,71,112,53,120,118,61
2297,Mon-02297,Fighting,49,108,58,43,52,67,63
2298,Mon-02298,Poison,24,34,35,101,65,88,126
2299,Mon-02299,Fighting,27,58,128,126,23,126,94
2300,Mon-02300,Ground,72,125,51,142,78,122,41
2301,Mon-02301,Ghost,81,77,90,136,122,24,85
2302,Mon-02302,Ghost,16,40,49,136,23,27,31
2303,Mon-02303,Fairy,61,32,84,138,98,62,128
2304,Mon-02304,Electric,43,85,97,96,71,50,25
2305,Mon-02305,Dark,34,123,104,128,127,37,44
2306,Mon-02306,Dark,72,25,65,104,85,36,77
2307,Mon-02307,Fighting,25,32,88,42,64,110,96
2308,Mon-02308,Water,77,61,113,28,31,41,77
2309,Mon-02309,Rock,41,43,113,37,82,73,124
2310,Mon-02310,Water,10,33,102,68,128,24,41
2311,Mon-02311,Poison,80,53,64,87,21,88,130
2312,Mon-02312,Electric,86,91,78,105,20,102,47
2313,Mon-02313,Fire,57,111,127,90,118,86,101
2314,Mon-02314,Psychic,73,54,47,71,49,51,55
2315,Mon-02315,Poison,15,97,96,117,87,28,95
2316,Mon-02316,Poison,34,111,107,133,88,64,21
2317,Mon-02317,Fire,35,20,73,53,73,106,99
2318,Mon-02318,Fairy,77,114,116,57,75,33,110
2319,Mon-02319,Fire,36,40,67,142,96,111,57
2320,Mon-02320,Fairy,73,96,112,147,46,121,105
2321,Mon-02321,Rock,31,103,91,64,39,87,79
2322,Mon-02322,Electric,61,113,25,89,129,113,55
2323,Mon-02323,Grass,21,64,111,97,20,51,84
2324,Mon-02324,Rock,56,93,97,104,40,88,83
2325,Mon-02325,Grass,9,22,44,133,100,100,57
2326,Mon-02326,Water,74,69,98,38,83,99,56
2327,Mon-02327,Grass,3,126,76,90,55,97,69
2328,Mon-02328,Fire,100,37,124,52,32,41,22
2329,Mon-02329,Ghost,84,36,53,119,60,121,83
2330,Mon-02330,Poison,58,97,49,100,26,95,85
2331,Mon-02331,Fighting,91,76,26,119,81,33,79
2332,Mon-02332,Fire,81,70,107,139,74,90,100
2333,Mon-02333,Grass,15,47,129,124,122,120,74
2334,Mon-02334,Fairy,75,39,96,132,109,22,57
2335,Mon-02335,Normal,38,101,60,127,72,118,109
2336,Mon-02336,Dark,86,59,117,103,78,56,46
2337,Mon-02337,Fighting,87,106,48,74,96,53,21
2338,Mon-02338,Fairy,96,69,96,67,52,74,49
2339,Mon-02339,Water,46,64,86,70,86,99,99
2340,Mon-02340,Grass,20,45,114,101,21,31,58
2341,Mon-02341,Fire,13,93,127,126,124,49,38
2342,Mon-02342,Grass,17,51,59,71,124,109,71
2343,Mon-02343,Poison,100,120,30,98,118,46,41
2344,Mon-02344,Electric,59,65,37,77,43,58,103
2345,Mon-02345,Fighting,36,110,102,101,107,91,31
2346,Mon-02346,Psychic,45,72,60,128,83,47,42
2347,Mon-02347,Psychic,18,66,35,76,129,25,106
2348,Mon-02348,Ghost,58,70,110,75,21,78,98
2349,Mon-02349,Fighting,43,69,92,50,64,30,47
2350,Mon-02350,Grass,80,73,34,87,30,62,127
2351,Mon-02351,Fire,3,118,99,82,125,93,27
2352,Mon-02352,Ghost,94,98,90,45,38,102,40
2353,Mon-02353,Ghost,7,23,129,147,24,125,45
2354,Mon-02354,Psychic,42,26,129,133,32,116,76
2355,Mon-02355,Dark,35,22,128,61,127,23,76
2356,Mon-02356,Psychic,72,96,119,143,78,74,60
2357,Mon-02357,Electric,66,42,108,59,31,22,45
2358,Mon-02358,Fairy,20,62,94,77,64,108,86
2359,Mon-02359,Dark,50,111,80,41,67,28,64
2360,Mon-02360,Water,54,34,107,102,108,106,117
2361,Mon-02361,Rock,47,37,127,85,44,20,28
2362,Mon-02362,Psychic,3,28,32,58,32,32,118
2363,Mon-02363,Dark,18,51,35,61,103,123,110
2364,Mon-02364,Dark,51,29,75,142,67,40,69
2365,Mon-02365,Rock,27,89,52,111,33,72,97
2366,Mon-02366,Fairy,55,101,79,44,67,77,104
2367,Mon-02367,Fairy,17,40,54,42,67,96,118
2368,Mon-02368,Ghost,74,78,106,33,45,123,76
2369,Mon-02369,Water,19,53,119,56,42,66,29
2370,Mon-02370,Normal,65,28,51,118,30,86,105
2371,Mon-02371,Water,84,71,105,32,113,130,37
2372,Mon-02372,Normal,36,97,31,56,21,32,118
2373,Mon-02373,Dark,14,45,108,30,76,73,111
2374,Mon-02374,Ground,1,107,97,106,22,53,99
2375,Mon-02375,Fire,37,130,98,127,109,124,58
2376,Mon-02376,Dark,12,26,74,91,64,88,26
2377,Mon-02377,Fire,89,38,31,139,128,92,67
2378,Mon-02378,Fairy,98,52,113,111,26,40,47
2379,Mon-02379,Water,99,114,32,121,56,125,127
2380,Mon-02380,Water,93,35,73,64,63,27,107
2381,Mon-02381,Water,59,72,39,134,27,74,40
2382,Mon-02382,Grass,33,79,113,104,68,97,22
2383,Mon-02383,Fighting,45,34,83,35,70,117,122
2384,Mon-02384,Grass,26,24,76,35,69,50,77
2385,Mon-02385,Ghost,85,33,55,138,79,57,100
2386,Mon-02386,Dark,44,26,106,59,41,24,87
2387,Mon-02387,Ground,39,75,43,83,46,93,54
2388,Mon-02388,Poison,69,123,100,120,75,41,111
2389,Mon-02389,Fire,38,59,127,121,91,88,44
2390,Mon-02390,Ground,36,48,49,28,63,29,109
2391,Mon-02391,Normal,23,46,96,102,70,74,127
2392,Mon-02392,Water,7,128,54,140,129,73,28
2393,Mon-02393,Ghost,4,126,123,69,91,75,106
2394,Mon-02394,Poison,41,91,119,93,25,54,95
2395,Mon-02395,Ghost,100,71,54,58,60,38,105
2396,Mon-02396,Water,27,37,45,115,25,106,107
2397,Mon-02397,Poison,65,123,29,39,117,120,123
2398,Mon-02398,Ground,33,20,97,90,111,50,31
2399,Mon-02399,Ground,31,38,122,76,71,70,53
2400,Mon-02400,Ground,17,95,36,105,49,32,73
2401,Mon-02401,Poison,57,40,110,87,99,36,118
2402,Mon-02402,Ghost,66,32,103,148,40,59,92
2403,Mon-02403,Water,36,86,72,148,105,98,87
2404,Mon-02404,Normal,53,22,44,60,117,94,58
2405,Mon-02405,Water,48,49,92,29,39,100,33
2406,Mon-02406,Rock,28,91,85,87,79,29,61
2407,Mon-02407,Normal,70,40,110,99,37,25,72
2408,Mon-02408,Ground,56,104,82,119,88,50,31
2409,Mon-02409,Electric,7,30,25,91,94,56,37
2410,Mon-02410,Electric,50,88,42,98,20,77,105
2411,Mon-02411,Dark,39,28,62,27,124,84,47
2412,Mon-02412,Grass,80,101,74,121,48,40,46
2413,Mon-02413,Psychic,31,103,58,66,71,111,31
2414,Mon-02414,Dark,96,108,117,73,48,102,68
2415,Mon-02415,Psychic,62,51,51,78,120,54,24
2416,Mon-02416,Fairy,14,46,95,34,104,91,77
2417,Mon-02417,Fighting,41,128,60,87,129,53,28
2418,Mon-02418,Fairy,89,100,130,73,62,26,29
2419,Mon-02419,Dark,26,40,121,54,82,101,128
2420,Mon-02420,Rock,71,23,107,55,84,29,67
2421,Mon-02421,Grass,79,59,104,29,45,44,52
2422,Mon-02422,Rock,70,93,91,136,123,53,36
2423,Mon-02423,Grass,10,61,85,62,115,119,69
2424,Mon-02424,Ground,38,109,82,135,129,85,45
2425,Mon-02425,Psychic,35,75,22,130,70,107,44
2426,Mon-02426,Fairy,35,130,124,82,34,120,59
2427,Mon-02427,Rock,88,116,128,126,37,119,34
2428,Mon-02428,Normal,1,72,78,51,81,87,74
2429,Mon-02429,Electric,54,112,116,47,110,59,65
2430,Mon-02430,Electric,99,69,64,138,97,64,68
2431,Mon-02431,Ghost,88,21,32,106,101,38,106
2432,Mon-02432,Electric,61,54,112,111,106,85,27
2433,Mon-02433,Dark,100,65,76,141,113,84,49
2434,Mon-02434,Fire,41,128,124,26,122,127,58
2435,Mon-02435,Fighting,62,111,43,46,60,41,62
2436,Mon-02436,Fairy,55,36,73,146,100,104,24
2437,Mon-02437,Psychic,5,20,94,41,50,49,48
2438,Mon-02438,Water,5,78,35,81,96,28,47
2439,Mon-02439,Ghost,90,79,130,27,26,64,121
2440,Mon-02440,Dark,18,101,87,66,26,126,29
2441,Mon-02441,Electric,36,48,39,46,42,71,75
2442,Mon-02442,Fire,63,110,102,57,80,40,38
2443,Mon-02443,Rock,58,65,117,127,121,55,128
2444,Mon-02444,Water,52,57,61,59,86,97,75
2445,Mon-02445,Fairy,98,66,87,127,82,51,56
2446,Mon-02446,Ghost,79,124,103,137,97,45,122
2447,Mon-02447,Psychic,95,63,36,93,118,47,91
2448,Mon-02448,Normal,66,82,78,92,84,29,41
2449,Mon-02449,Normal,98,119,82,67,101,96,99
2450,Mon-02450,Fighting,61,22,53,109,65,55,101
2451,Mon-02451,Grass,55,79,53,126,130,53,76
2452,Mon-02452,Fairy,82,98,89,133,74,56,24
2453,Mon-02453,Grass,87,120,103,49,119,97,102
2454,Mon-02454,Grass,7,26,63,111,127,117,57
2455,Mon-02455,Water,92,100,36,42,117,102,31
2456,Mon-02456,Psychic,70,109,107,86,56,83,64
2457,Mon-02457,Poison,90,58,39,36,61,99,74
2458,Mon-02458,Fighting,72,102,20,94,107,45,32
2459,Mon-02459,Normal,93,74,55,132,123,121,44
2460,Mon-02460,Fighting,28,93,110,127,87,87,90
2461,Mon-02461,Water,19,63,103,115,106,125,94
2462,Mon-02462,Fighting,20,39,54,97,69,49,36
2463,Mon-02463,Poison,26,111,77,103,115,36,47
2464,Mon-02464,Fire,22,44,126,37,65,99,108
2465,Mon-02465,Rock,45,40,99,116,89,55,29
2466,Mon-02466,Fighting,20,118,104,110,79,43,85
2467,Mon-02467,Rock,16,123,29,43,112,107,66
2468,Mon-02468,Fighting,53,87,46,104,108,79,102
2469,Mon-02469,Ground,80,84,31,73,113,106,23
2470,Mon-02470,Rock,14,60,128,89,33,47,38
2471,Mon-02471,Grass,52,87,57,127,47,27,111
2472,Mon-02472,Fairy,66,87,75,65,121,65,55
2473,Mon-02473,Water,71,77,81,140,34,126,61
2474,Mon-02474,Rock,11,92,78,77,105,85,98
2475,Mon-02475,Psychic,74,81,25,89,90,115,72
2476,Mon-02476,Rock,3,117,120,28,58,113,70
2477,Mon-02477,Water,24,94,62,40,24,119,26
2478,Mon-02478,Electric,32,62,121,60,21,70,90
2479,Mon-02479,Normal,86,92,104,148,119,42,35
2480,Mon-02480,Grass,20,45,97,57,31,119,65
2481,Mon-02481,Water,79,43,98,74,102,75,58
2482,Mon-02482,Poison,99,111,128,132,36,55,94
2483,Mon-02483,Fire,96,84,53,65,64,68,95
2484,Mon-02484,Ghost,31,25,56,127,31,106,91
2485,Mon-02485,Water,10,59,94,40,90,59,88
2486,Mon-02486,Fire,23,129,45,41,31,112,53
2487,Mon-02487,Ghost,77,90,109,26,89,45,58
2488,Mon-02488,Rock,20,116,23,40,126,55,117
2489,Mon-02489,Water,65,80,119,101,102,35,98
2490,Mon-02490,Fire,38,24,58,36,93,116,101
2491,Mon-02491,Fire,77,39,20,102,120,116,116
2492,Mon-02492,Normal,61,30,86,100,111,42,27
2493,Mon-02493,Poison,59,101,50,54,101,78,20
2494,Mon-02494,Water,79,103,53,29,82,107,24
2495,Mon-02495,Fairy,96,70,73,45,63,86,75
2496,Mon-02496,Fairy,37,100,84,43,88,91,99
2497,Mon-02497,Fairy,53,81,35,91,31,49,125
2498,Mon-02498,Electric,63,102,25,142,117,23,90
2499,Mon-02499,Grass,83,94,71,79,118,123,101
2500,Mon-02500,Rock,49,70,59,104,49,121,122
2501,Mon-02501,Fairy,38,92,84,63,104,123,38
2502,Mon-02502,Fairy,85,55,103,36,97,24,94
2503,Mon-02503,Electric,96,103,88,52,114,94,93
2504,Mon-02504,Ground,57,121,31,85,119,47,43
2505,Mon-02505,Psychic,11,42,130,133,102,55,71
2506,Mon-02506,Ghost,29,94,99,56,123,65,24
2507,Mon-02507,Water,47,32,25,148,56,45,73
2508,Mon-02508,Fighting,71,61,104,105,69,86,79
2509,Mon-02509,Poison,67,94,117,69,36,86,61
2510,Mon-02510,Grass,83,50,83,103,115,123,75
2511,Mon-02511,Ground,3,46,112,112,50,112,90
2512,Mon-02512,Dark,47,62,118,111,75,97,124
2513,Mon-02513,Fire,71,32,127,134,38,127,63
2514,Mon-02514,Dark,99,89,125,108,48,67,98
2515,Mon-02515,Fire,15,34,41,28,94,27,68
2516,Mon-02516,Grass,88,56,23,72,47,117,119
2517,Mon-02517,Fire,1,54,92,139,77,57,82
2518,Mon-02518,Ghost,20,127,95,51,70,69,103
2519,Mon-02519,Normal,85,130,83,87,88,63,52
2520,Mon-02520,Ghost,79,28,46,88,48,121,93
2521,Mon-02521,Fire,98,37,125,95,73,60,48
2522,Mon-02522,Water,61,101,65,134,23,95,82
2523,Mon-02523,Poison,62,53,102,93,77,94,41
2524,Mon-02524,Ground,54,91,89,25,31,81,84
2525,Mon-02525,Dark,52,122,119,55,100,80,39
2526,Mon-02526,Fire,52,38,99,104,114,28,76
2527,Mon-02527,Fighting,30,126,90,123,64,118,73
2528,Mon-02528,Normal,86,25,113,106,117,57,113
2529,Mon-02529,Rock,36,45,26,117,63,44,31
2530,Mon-02530,Fire,62,76,98,55,116,44,46
2531,Mon-02531,Ground,67,117,85,37,77,64,98
2532,Mon-02532,Ghost,54,81,106,144,81,89,121
2533,Mon-02533,Grass,62,35,44,95,65,80,109
2534,Mon-02534,Water,5,47,86,118,123,112,82
2535,Mon-02535,Ghost,32,104,51,145,98,110,49
2536,Mon-02536,Grass,45,82,32,47,75,57,68
2537,Mon-02537,Fairy,40,21,83,134,108,111,115
2538,Mon-02538,Rock,91,75,22,71,71,95,43
2539,Mon-02539,Ground,90,65,30,103,117,115,129
2540,Mon-02540,Fire,72,20,78,73,72,20,50
2541,Mon-02541,Psychic,36,47,119,50,109,77,73
2542,Mon-02542,Poison,6,123,99,135,48,89,84
2543,Mon-02543,Fighting,76,98,21,68,82,46,52
2544,Mon-02544,Ground,89,27,32,28,88,92,36
2545,Mon-02545,Water,49,21,67,43,78,100,54
2546,Mon-02546,Fighting,83,58,67,146,69,35,20
2547,Mon-02547,Ground,94,71,24,128,20,125,90
2548,Mon-02548,Fairy,55,70,48,108,128,124,48
2549,Mon-02549,Rock,21,97,34,123,43,51,69
2550,Mon-02550,Rock,3,39,82,106,39,42,53
2551,Mon-02551,Rock,76,25,93,139,110,42,42
2552,Mon-02552,Electric,57,94,63,37,28,24,124
2553,Mon-02553,Ground,16,119,83,32,104,22,57
2554,Mon-02554,Ground,6,38,42,112,58,54,84
2555,Mon-02555,Fairy,97,60,114,146,99,93,57
2556,Mon-02556,Fighting,33,89,20,98,43,95,65
2557,Mon-02557,Ghost,33,38,75,146,98,80,47
2558,Mon-02558,Fighting,63,115,55,75,130,92,129
2559,Mon-02559,Psychic,37,45,70,109,75,34,86
2560,Mon-02560,Rock,92,79,77,89,82,130,60
2561,Mon-02561,Fire,69,57,91,136,88,42,81
2562,Mon-02562,Normal,36,94,123,106,59,60,126
2563,Mon-02563,Fairy,27,42,82,80,81,93,88
2564,Mon-02564,Water,87,30,45,55,91,34,124
2565,Mon-02565,Water,60,76,78,64,22,68,93
2566,Mon-02566,Ground,92,116,76,34,70,123,96
2567,Mon-02567,Fire,35,90,115,44,78,45,61
2568,Mon-02568,Fighting,3,103,82,89,43,88,78
2569,Mon-02569,Poison,90,68,116,28,72,87,87
2570,Mon-02570,Grass,24,35,92,84,63,28,111
2571,Mon-02571,Psychic,85,67,83,30,81,25,102
2572,Mon-02572,Psychic,71,129,56,45,51,36,55
2573,Mon-02573,Fairy,24,106,48,112,119,21,67
2574,Mon-02574,Normal,76,98,31,28,90,79,60
2575,Mon-02575,Ghost,9,53,80,67,89,48,129
2576,Mon-02576,Ghost,40,86,122,48,110,86,42
2577,Mon-02577,Ghost,36,89,21,31,22,52,84
2578,Mon-02578,Fighting,66,92,125,51,49,58,48
2579,Mon-02579,Normal,54,119,115,39,40,31,34
2580,Mon-02580,Fairy,62,95,68,35,88,108,35
2581,Mon-02581,Ground,48,44,54,108,57,32,22
2582,Mon-02582,Fighting,74,44,84,40,98,121,114
2583,Mon-02583,Ground,17,88,114,143,124,38,112
2584,Mon-02584,Dark,72,116,23,86,61,129,20
2585,Mon-02585,Ghost,6,125,69,76,56,100,49
2586,Mon-02586,Fighting,9,87,25,135,74,111,67
2587,Mon-02587,Fairy,73,78,91,122,74,109,37
2588,Mon-02588,Electric,16,110,28,77,59,69,60
2589,Mon-02589,Ghost,78,128,55,147,58,40,122
2590,Mon-02590,Ground,14,23,102,91,61,95,63
2591,Mon-02591,Psychic,15,54,103,114,74,92,76
2592,Mon-02592,Fairy,94,57,45,147,69,109,113
2593,Mon-02593,Rock,18,82,76,116,70,45,20
2594,Mon-02594,Electric,92,52,40,99,52,110,111
2595,Mon-02595,Normal,35,54,85,102,90,117,70
2596,Mon-02596,Fairy,80,22,20,107,74,101,93
2597,Mon-02597,Psychic,94,20,110,148,45,49,126
2598,Mon-02598,Fairy,12,69,22,113,103,47,96
2599,Mon-02599,Fairy,34,130,87,62,117,34,53
2600,Mon-02600,Ground,58,52,64,27,63,112,109
2601,Mon-02601,Fairy,87,46,44,123,78,68,46
2602,Mon-02602,Grass,19,49,80,86,124,54,62
2603,Mon-02603,Fairy,19,128,35,77,55,37,91
2604,Mon-02604,Rock,37,93,84,142,44,74,70
2605,Mon-02605,Fire,21,92,91,44,58,42,114
2606,Mon-02606,Electric,27,41,70,29,69,112,47
2607,Mon-02607,Water,13,120,60,118,69,57,91
2608,Mon-02608,Rock,83,41,71,141,86,69,46
2609,Mon-02609,Dark,80,127,126,129,50,93,85
2610,Mon-02610,Ground,15,125,103,134,80,97,123
2611,Mon-02611,Ghost,54,83,20,133,31,32,127
2612,Mon-02612,Poison,65,116,52,111,125,28,104
2613,Mon-02613,Water,63,130,22,141,52,51,90
2614,Mon-02614,Fighting,99,84,46,68,56,102,70
2615,Mon-02615,Psychic,65,105,106,118,37,115,54
2616,Mon-02616,Dark,69,85,114,36,61,127,24
2617,Mon-02617,Dark,4,78,70,91,128,50,76
2618,Mon-02618,Rock,8,57,96,61,86,104,102
2619,Mon-02619,Electric,62,92,61,143,94,38,112
2620,Mon-02620,Rock,91,49,72,79,86,41,125
2621,Mon-02621,Fighting,40,41,112,51,57,79,40
2622,Mon-02622,Ground,65,50,50,96,107,30,122
2623,Mon-02623,Ground,22,21,55,34,58,23,50
2624,Mon-02624,Water,46,123,35,40,108,130,99
2625,Mon-02625,Psychic,76,48,44,79,129,109,102
2626,Mon-02626,Fire,66,108,24,104,21,95,91
2627,Mon-02627,Normal,12,68,110,98,38,44,66
2628,Mon-02628,Ground,88,57,114,31,104,28,33
2629,Mon-02629,Grass,93,45,66,110,33,34,75
2630,Mon-02630,Normal,48,111,85,32,99,66,29
2631,Mon-02631,Ground,35,77,47,127,47,109,89
2632,Mon-02632,Poison,54,69,25,29,85,85,49
2633,Mon-02633,Ghost,81,93,77,28,92,113,41
2634,Mon-02634,Fire,46,109,37,90,55,120,82
2635,Mon-02635,Ground,4,92,114,126,115,101,47
2636,Mon-02636,Poison,8,71,51,121,120,31,121
2637,Mon-02637,Psychic,82,119,101,100,44,46,31
2638,Mon-02638,Ground,79,119,49,47,101,57,116
2639,Mon-02639,Grass,78,127,34,145,94,78,105
2640,Mon-02640,Normal,13,30,80,27,48,108,53
2641,Mon-02641,Grass,18,118,40,68,110,127,83
2642,Mon-02642,Ground,40,41,64,120,53,129,60
2643,Mon-02643,Normal,24,88,52,102,48,73,46
2644,Mon-02644,Poison,39,93,117,124,98,130,54
2645,Mon-02645,Psychic,56,42,75,121,33,125,57
2646,Mon-02646,Fire,29,20,99,143,121,38,78
2647,Mon-02647,Grass,13,124,85,90,62,95,84
2648,Mon-02648,Fairy,41,118,121,128,74,68,109
2649,Mon-02649,Dark,73,39,68,44,95,113,83
2650,Mon-02650,Fire,62,86,115,46,117,116,106
2651,Mon-02651,Poison,33,36,119,31,105,41,122
2652,Mon-02652,Electric,32,82,122,50,62,87,118
2653,Mon-02653,Rock,59,55,97,39,103,122,65
2654,Mon-02654,Water,18,103,128,128,63,94,77
2655,Mon-02655,Rock,84,83,102,87,77,114,109
2656,Mon-02656,Ghost,87,75,54,80,96,100,93
2657,Mon-02657,Grass,3,95,37,105,81,107,34
2658,Mon-02658,Psychic,98,72,43,70,25,114,125
2659,Mon-02659,Fighting,3,21,83,96,24,124,105
2660,Mon-02660,Ground,46,86,38,25,35,41,94
2661,Mon-02661,Fairy,67,106,46,114,29,107,129
2662,Mon-02662,Poison,33,74,89,134,100,62,38
2663,Mon-02663,Poison,21,39,56,29,41,84,118
2664,Mon-02664,Ground,5,20,95,35,46,92,56
2665,Mon-02665,Fairy,73,52,130,42,54,92,110
2666,Mon-02666,Poison,4,105,29,101,39,41,28
2667,Mon-02667,Psychic,49,55,91,120,116,111,81
2668,Mon-02668,Grass,40,126,111,128,29,99,32
2669,Mon-02669,Electric,97,56,35,123,41,103,125
2670,Mon-02670,Normal,94,67,106,97,44,88,74
2671,Mon-02671,Water,82,104,76,113,29,85,114
2672,Mon-02672,Ghost,74,88,89,60,47,50,101
2673,Mon-02673,Fighting,55,24,25,118,40,86,73
2674,Mon-02674,Fire,35,28,68,48,57,51,40
2675,Mon-02675,Rock,17,41,60,146,37,117,71
2676,Mon-02676,Water,97,116,37,30,124,25,55
2677,Mon-02677,Rock,39,22,104,143,107,21,48
2678,Mon-02678,Electric,43,27,76,83,91,100,57
2679,Mon-02679,Ground,15,106,117,106,85,99,45
2680,Mon-02680,Grass,28,89,37,45,96,82,113
2681,Mon-02681,Ground,64,129,101,65,124,82,120
2682,Mon-02682,Fighting,43,44,87,133,34,23,40
2683,Mon-02683,Poison,59,93,92,26,78,113,43
2684,Mon-02684,Poison,22,34,54,49,41,114,23
2685,Mon-02685,Water,9,85,96,104,70,42,66
2686,Mon-02686,Ground,89,31,47,126,119,21,89
2687,Mon-02687,Psychic,44,120,104,79,90,78,49
2688,Mon-02688,Ground,37,66,68,36,90,48,78
2689,Mon-02689,Poison,29,48,73,43,30,34,57
2690,Mon-02690,Psychic,66,129,84,137,109,32,20
2691,Mon-02691,Fairy,57,27,29,52,99,93,46
2692,Mon-02692,Fire,39,108,60,97,59,59,104
2693,Mon-02693,Fire,94,76,42,143,57,104,117
2694,Mon-02694,Ghost,91,96,126,72,84,54,67
2695,Mon-02695,Fighting,20,48,66,33,104,89,84
2696,Mon-02696,Rock,65,117,20,127,75,50,80
2697,Mon-02697,Rock,97,70,22,124,115,81,53
2698,Mon-02698,Electric,49,66,121,107,42,97,94
2699,Mon-02699,Psychic,4,70,37,138,96,58,65
2700,Mon-02700,Normal,14,52,20,122,111,118,25
2701,Mon-02701,Ground,67,55,43,111,98,91,62
2702,Mon-02702,Dark,91,35,44,67,57,42,39
2703,Mon-02703,Psychic,13,73,28,32,71,119,73
2704,Mon-02704,Poison,55,72,130,116,71,75,71
2705,Mon-02705,Ghost,50,62,26,131,54,100,71
2706,Mon-02706,Ground,29,129,100,112,34,58,39
2707,Mon-02707,Fairy,64,32,112,107,40,22,125
2708,Mon-02708,Fire,88,121,91,115,90,82,32
2709,Mon-02709,Ghost,24,116,34,59,44,76,52
2710,Mon-02710,Fire,6,22,100,39,107,100,56
2711,Mon-02711,Fire,36,97,56,104,107,101,70
2712,Mon-02712,Poison,32,43,65,143,65,96,67
2713,Mon-02713,Fighting,73,24,47,42,60,75,129
2714,Mon-02714,Water,54,115,107,33,128,20,114
2715,Mon-02715,Fighting,2,32,84,114,21,85,26
2716,Mon-02716,Grass,34,53,37,78,48,125,86
2717,Mon-02717,Electric,74,30,65,138,96,121,77
2718,Mon-02718,Dark,48,35,108,84,116,29,123
2719,Mon-02719,Electric,57,26,124,90,70,117,57
2720,Mon-02720,Dark,27,113,124,32,100,36,70
2721,Mon-02721,Poison,32,26,34,144,44,29,123
2722,Mon-02722,Grass,14,104,115,66,122,22,72
2723,Mon-02723,Grass,9,37,82,80,84,76,87
2724,Mon-02724,Ground,4,121,102,104,102,39,54
2725,Mon-02725,Rock,63,114,62,133,39,89,106
2726,Mon-02726,Rock,16,89,92,125,74,71,29
2727,Mon-02727,Rock,58,111,48,122,100,114,128
2728,Mon-02728,Ghost,96,53,77,38,65,43,39
2729,Mon-02729,Normal,70,106,45,36,126,49,83
2730,Mon-02730,Psychic,58,44,63,129,112,77,27
2731,Mon-02731,Water,12,88,65,139,34,35,30
2732,Mon-02732,Normal,49,122,116,103,113,70,98
2733,Mon-02733,Normal,90,100,89,139,62,86,107
2734,Mon-02734,Fire,39,49,91,65,85,88,58
2735,Mon-02735,Fairy,83,101,51,69,65,71,26
2736,Mon-02736,Fighting,71,118,68,46,97,31,23
2737,Mon-02737,Normal,27,118,72,124,67,48,123
2738,Mon-02738,Fire,15,102,107,109,71,27,103
2739,Mon-02739,Grass,2,101,40,53,84,124,62
2740,Mon-02740,Psychic,28,107,26,150,44,84,48
2741,Mon-02741,Rock,34,101,76,28,67,55,97
2742,Mon-02742,Ground,66,34,110,122,25,53,119
2743,Mon-02743,Rock,58,109,101,51,26,26,93
2744,Mon-02744,Ground,48,39,109,123,92,72,111
2745,Mon-02745,Water,73,81,63,85,50,26,114
2746,Mon-02746,Ghost,78,57,45,54,94,97,53
2747,Mon-02747,Fire,72,43,93,32,104,42,101
2748,Mon-02748,Psychic,90,51,24,103,93,31,46
2749,Mon-02749,Water,36,29,119,45,66,32,44
2750,Mon-02750,Rock,83,68,99,81,82,23,130
2751,Mon-02751,Fairy,43,66,75,144,106,63,56
2752,Mon-02752,Water,19,64,42,136,58,26,110
2753,Mon-02753,Fire,15,30,47,87,66,28,58
2754,Mon-02754,Rock,10,87,130,117,46,44,122
2755,Mon-02755,Ground,96,38,21,128,42,82,50
2756,Mon-02756,Water,17,115,21,101,27,44,21
2757,Mon-02757,Ghost,84,22,58,51,27,65,71
2758,Mon-02758,Water,79,26,45,127,36,67,86
2759,Mon-02759,Fighting,44,53,95,36,105,86,62
2760,Mon-02760,Ghost,92,65,24,90,89,25,49
2761,Mon-02761,Ground,91,127,107,123,29,129,111
2762,Mon-02762,Electric,93,78,106,96,105,30,61
2763,Mon-02763,Fire,50,62,45,68,103,130,97
2764,Mon-02764,Psychic,30,112,84,77,120,51,30
2765,Mon-02765,Normal,5,46,94,82,127,66,117
2766,Mon-02766,Ground,85,119,114,118,29,27,103
2767,Mon-02767,Poison,88,64,101,150,78,60,38
2768,Mon-02768,Poison,54,54,126,123,110,119,78
2769,Mon-02769,Normal,8,53,32,64,46,95,103
2770,Mon-02770,Fairy,83,21,87,39,86,89,107
2771,Mon-02771,Ghost,30,94,105,84,30,60,66
2772,Mon-02772,Fire,55,84,45,133,53,122,32
2773,Mon-02773,Ghost,66,90,44,104,128,106,26
2774,Mon-02774,Fairy,15,92,30,65,100,47,130
2775,Mon-02775,Grass,7,23,129,36,48,86,32
2776,Mon-02776,Water,8,117,116,56,129,64,58
2777,Mon-02777,Rock,96,76,33,115,42,42,115
2778,Mon-02778,Fairy,96,96,47,109,62,92,125
2779,Mon-02779,Ground,43,24,70,81,69,66,72
2780,Mon-02780,Rock,43,104,119,67,89,30,95
2781,Mon-02781,Ground,41,95,111,47,49,115,76
2782,Mon-02782,Normal,36,60,117,147,48,87,32
2783,Mon-02783,Grass,55,123,111,79,94,81,74
2784,Mon-02784,Water,36,92,89,121,42,130,106
2785,Mon-02785,Dark,62,120,52,83,35,98,89
2786,Mon-02786,Psychic,38,111,87,96,36,128,82
2787,Mon-02787,Electric,63,42,74,105,56,98,112
2788,Mon-02788,Rock,95,130,125,69,23,38,40
2789,Mon-02789,Poison,21,102,69,143,23,73,82
2790,Mon-02790,Ghost,7,41,103,82,100,76,40
2791,Mon-02791,Grass,53,108,39,121,80,52,26
2792,Mon-02792,Fairy,12,67,95,140,36,54,125
2793,Mon-02793,Ground,24,115,70,73,48,86,106
2794,Mon-02794,Dark,79,39,68,54,95,65,130
2795,Mon-02795,Fighting,42,48,103,147,109,32,70
2796,Mon-02796,Poison,55,58,73,124,116,84,83
2797,Mon-02797,Fire,78,70,26,124,44,86,26
2798,Mon-02798,Electric,13,90,63,144,113,110,40
2799,Mon-02799,Grass,48,44,126,28,67,31,29
2800,Mon-02800,Grass,4,98,125,144,53,70,57
2801,Mon-02801,Fighting,50,22,88,39,84,120,65
2802,Mon-02802,Ground,23,56,90,43,33,49,43
2803,Mon-02803,Water,92,93,49,52,71,102,106
2804,Mon-02804,Dark,27,49,106,39,69,58,87
2805,Mon-02805,Rock,21,67,86,35,86,40,68
2806,Mon-02806,Grass,2,87,24,40,40,98,64
2807,Mon-02807,Poison,14,47,125,86,26,107,82
2808,Mon-02808,Poison,22,127,114,71,61,121,61
2809,Mon-02809,Psychic,23,114,29,67,129,100,105
2810,Mon-02810,Dark,74,127,66,46,83,54,108
2811,Mon-02811,Ghost,89,75,102,147,80,100,40
2812,Mon-02812,Fighting,86,58,101,66,91,23,126
2813,Mon-02813,Ghost,96,130,38,84,76,57,70
2814,Mon-02814,Ground,90,100,24,42,44,43,41
2815,Mon-02815,Grass,46,108,129,51,129,78,114
2816,Mon-02816,Water,39,40,119,54,45,96,66
2817,Mon-02817,Ground,65,116,101,147,91,85,36
2818,Mon-02818,Electric,32,78,93,47,116,40,79
2819,Mon-02819,Fairy,61,105,96,89,93,61,65
2820,Mon-02820,Fighting,100,111,70,93,124,30,47
2821,Mon-02821,Water,20,31,95,34,39,82,100
2822,Mon-02822,Rock,77,30,53,69,91,102,64
2823,Mon-02823,Electric,94,27,29,35,30,47,78
2824,Mon-02824,Water,54,91,54,47,81,78,26
2825,Mon-02825,Ground,36,121,52,110,40,117,60
2826,Mon-02826,Water,26,23,53,96,93,32,24
2827,Mon-02827,Fire,17,35,72,87,56,126,51
2828,Mon-02828,Normal,33,73,34,51,34,56,107
2829,Mon-02829,Poison,75,63,65,103,116,56,122
2830,Mon-02830,Fire,52,31,71,138,119,99,57
2831,Mon-02831,Dark,23,87,40,132,38,58,97
2832,Mon-02832,Psychic,55,120,70,46,43,65,98
2833,Mon-02833,Fighting,81,43,94,110,24,43,106
2834,Mon-02834,Fire,2,20,65,55,94,34,29
2835,Mon-02835,Ground,3,45,20,133,119,115,53
2836,Mon-02836,Normal,96,40,98,84,44,30,94
2837,Mon-02837,Fighting,75,71,84,118,70,38,52
2838,Mon-02838,Fairy,58,31,66,92,98,111,92
2839,Mon-02839,Ground,91,60,22,109,69,108,119
2840,Mon-02840,Normal,59,33,29,142,103,43,111
2841,Mon-02841,Fire,53,95,28,41,103,112,74
2842,Mon-02842,Poison,22,72,114,138,102,100,42
2843,Mon-02843,Fighting,82,28,54,85,99,55,55
2844,Mon-02844,Electric,77,24,67,42,67,28,81
2845,Mon-02845,Psychic,30,74,97,79,63,106,102
2846,Mon-02846,Ghost,74,85,92,32,87,95,120
2847,Mon-02847,Psychic,73,39,27,93,31,70,113
2848,Mon-02848,Ground,10,55,123,84,86,50,44
2849,Mon-02849,Poison,17,87,49,74,23,58,32
2850,Mon-02850,Water,60,72,105,80,99,50,33
2851,Mon-02851,Ground,63,32,112,103,87,119,44
2852,Mon-02852,Ghost,66,63,79,129,75,42,58
2853,Mon-02853,Dark,38,41,37,74,53,70,24
2854,Mon-02854,Dark,84,122,80,27,76,91,127
2855,Mon-02855,Rock,45,109,47,95,90,26,58
2856,Mon-02856,Ghost,21,54,114,144,95,75,37
2857,Mon-02857,Ghost,12,46,103,74,122,90,79
2858,Mon-02858,Poison,88,34,111,40,38,78,33
2859,Mon-02859,Ghost,71,101,111,138,24,93,114
2860,Mon-02860,Electric,47,121,39,77,92,74,130
2861,Mon-02861,Fairy,21,50,23,72,38,90,121
2862,Mon-02862,Water,10,91,89,62,36,128,63
2863,Mon-02863,Ghost,16,46,88,117,50,59,90
2864,Mon-02864,Fire,11,121,116,43,100,59,36
2865,Mon-02865,Fire,53,53,90,102,26,95,25
2866,Mon-02866,Dark,20,30,109,68,63,29,82
2867,Mon-02867,Fire,13,117,58,73,31,52,102
2868,Mon-02868,Psychic,29,124,33,52,113,38,21
2869,Mon-02869,Fighting,70,64,24,126,104,71,130
2870,Mon-02870,Dark,50,120,68,82,29,33,67
2871,Mon-02871,Ghost,16,47,20,141,50,44,88
2872,Mon-02872,Water,75,50,77,129,71,67,24
2873,Mon-02873,Ground,49,79,64,120,70,88,118
2874,Mon-02874,Fighting,19,86,48,81,38,67,82
2875,Mon-02875,Psychic,70,62,85,144,71,109,73
2876,Mon-02876,Fire,100,108,95,98,116,108,89
2877,Mon-02877,Grass,55,107,24,79,44,30,112
2878,Mon-02878,Fairy,17,33,72,68,33,97,20
2879,Mon-02879,Water,31,129,124,140,62,22,25
2880,Mon-02880,Poison,60,37,53,57,73,39,76
2881,Mon-02881,Water,100,78,106,135,51,104,106
2882,Mon-02882,Electric,93,66,57,53,31,84,124
2883,Mon-02883,Ground,94,70,50,121,29,55,30
2884,Mon-02884,Fighting,84,34,115,60,108,37,64
2885,Mon-02885,Water,58,58,59,130,34,55,106
2886,Mon-02886,Fairy,65,23,116,130,51,106,125
2887,Mon-02887,Rock,74,128,92,116,104,82,48
2888,Mon-02888,Normal,72,35,110,150,85,34,126
2889,Mon-02889,Ground,64,73,110,89,22,74,109
2890,Mon-02890,Poison,14,43,121,130,38,42,46
2891,Mon-02891,Ground,88,39,81,94,72,33,110
2892,Mon-02892,Grass,1,63,125,29,59,29,84
2893,Mon-02893,Electric,43,127,26,77,129,104,113
2894,Mon-02894,Psychic,44,73,74,29,32,37,112
2895,Mon-02895,Grass,100,126,64,108,22,39,42
2896,Mon-02896,Fairy,9,111,30,44,81,116,98
2897,Mon-02897,Fire,48,68,116,65,126,111,70
2898,Mon-02898,Ground,36,120,108,134,20,75,104
2899,Mon-02899,Grass,10,58,103,118,112,104,35
2900,Mon-02900,Fire,23,75,90,67,130,22,48
2901,Mon-02901,Water,43,95,86,88,66,38,45
2902,Mon-02902,Fire,92,85,62,98,66,59,121
2903,Mon-02903,Psychic,39,112,95,69,130,104,60
2904,Mon-02904,Fairy,89,38,128,119,89,30,46
2905,Mon-02905,Poison,74,75,47,43,80,93,101
2906,Mon-02906,Electric,82,93,57,78,51,27,91
2907,Mon-02907,Rock,86,56,32,57,123,128,90
2908,Mon-02908,Normal,72,116,120,110,48,43,118
2909,Mon-02909,Normal,74,53,78,105,63,99,120
2910,Mon-02910,Fighting,16,53,85,126,113,89,59
2911,Mon-02911,Water,72,56,49,71,76,63,126
2912,Mon-02912,Rock,5,95,24,54,104,104,81
2913,Mon-02913,Fighting,74,33,109,29,130,88,118
2914,Mon-02914,Poison,66,35,115,133,91,69,96
2915,Mon-02915,Normal,76,106,57,66,38,93,28
2916,Mon-02916,Normal,65,43,104,120,103,51,123
2917,Mon-02917,Poison,37,31,83,71,86,102,84
2918,Mon-02918,Normal,37,49,91,66,39,97,69
2919,Mon-02919,Ground,60,64,39,54,32,72,57
2920,Mon-02920,Fire,48,23,88,123,123,93,86
2921,Mon-02921,Fairy,35,112,37,61,31,111,122
2922,Mon-02922,Fire,49,33,44,62,70,91,35
2923,Mon-02923,Fire,54,64,59,113,129,51,44
2924,Mon-02924,Rock,24,42,43,90,116,50,27
2925,Mon-02925,Water,64,52,120,119,113,126,41
2926,Mon-02926,Ghost,32,25,23,38,101,109,22
2927,Mon-02927,Ghost,27,125,120,145,72,54,43
2928,Mon-02928,Normal,42,124,37,54,51,99,72
2929,Mon-02929,Ground,11,34,116,39,119,24,111
2930,Mon-02930,Poison,61,41,57,38,83,96,80
2931,Mon-02931,Fairy,74,118,122,64,63,42,45
2932,Mon-02932,Fairy,96,66,80,78,127,54,29
2933,Mon-02933,Fighting,29,26,74,34,61,122,118
2934,Mon-02934,Fire,54,35,34,103,24,35,40
2935,Mon-02935,Psychic,51,65,68,102,86,107,105
2936,Mon-02936,Ghost,74,81,81,122,67,64,49
2937,Mon-02937,Water,63,90,129,27,89,68,89
2938,Mon-02938,Normal,81,37,49,37,88,71,118
2939,Mon-02939,Fairy,86,61,29,50,89,120,121
2940,Mon-02940,Water,12,48,48,80,57,75,31
2941,Mon-02941,Normal,36,79,46,98,47,47,76
2942,Mon-02942,Water,66,55,125,50,55,20,74
2943,Mon-02943,Normal,55,42,36,70,127,45,117
2944,Mon-02944,Water,49,110,130,89,103,37,107
2945,Mon-02945,Ghost,18,83,32,93,63,34,36
2946,Mon-02946,Fighting,58,72,110,91,121,130,116
2947,Mon-02947,Water,75,34,66,105,104,69,60
2948,Mon-02948,Dark,4,27,26,120,79,130,96
2949,Mon-02949,Dark,60,108,88,130,108,77,39
2950,Mon-02950,Poison,91,127,100,146,125,44,49
2951,Mon-02951,Water,58,84,113,74,83,36,27
2952,Mon-02952,Dark,96,24,39,66,31,104,33
2953,Mon-02953,Ground,36,73,88,60,67,32,123
2954,Mon-02954,Dark,1,51,83,69,45,25,37
2955,Mon-02955,Water,69,26,69,92,97,63,89
2956,Mon-02956,Fighting,22,35,119,101,29,55,105
2957,Mon-02957,Fire,1,75,66,33,71,45,28
2958,Mon-02958,Psychic,19,67,62,150,68,77,52
2959,Mon-02959,Rock,94,82,78,30,62,83,73
2960,Mon-02960,Rock,79,96,123,75,89,68,57
2961,Mon-02961,Rock,28,49,116,81,80,78,117
2962,Mon-02962,Grass,60,51,98,68,42,94,39
2963,Mon-02963,Rock,34,95,28,52,108,38,100
2964,Mon-02964,Ground,18,41,53,91,69,61,68
2965,Mon-02965,Ghost,99,28,21,25,37,21,63
2966,Mon-02966,Electric,82,114,30,118,95,127,57
2967,Mon-02967,Ground,37,43,112,110,63,91,95
2968,Mon-02968,Fire,36,33,110,122,90,109,59
2969,Mon-02969,Rock,82,101,31,127,103,105,89
2970,Mon-02970,Rock,47,79,70,136,89,20,23
2971,Mon-02971,Rock,38,36,50,43,124,74,50
2972,Mon-02972,Poison,39,114,28,130,87,116,71
2973,Mon-02973,Ghost,45,47,62,96,62,83,44
2974,Mon-02974,Ground,53,95,31,40,129,86,32
2975,Mon-02975,Grass,5,92,101,148,77,126,44
2976,Mon-02976,Dark,49,112,127,127,99,103,79
2977,Mon-02977,Psychic,44,100,66,58,56,105,126
2978,Mon-02978,Electric,28,98,46,137,120,108,94
2979,Mon-02979,Water,36,25,75,117,124,57,120
2980,Mon-02980,Dark,43,124,127,81,125,128,80
2981,Mon-02981,Normal,37,34,37,45,63,114,23
2982,Mon-02982,Psychic,91,48,95,117,115,23,36
2983,Mon-02983,Grass,53,69,30,142,94,80,104
2984,Mon-02984,Psychic,51,52,53,49,30,47,88
2985,Mon-02985,Ground,27,85,68,25,121,77,113
2986,Mon-02986,Grass,92,25,62,53,78,109,65
2987,Mon-02987,Rock,3,70,39,62,79,96,123
2988,Mon-02988,Rock,56,58,106,72,62,108,59
2989,Mon-02989,Poison,17,91,94,148,114,67,113
2990,Mon-02990,Electric,77,77,68,146,30,28,36
2991,Mon-02991,Rock,38,103,66,109,62,117,70
2992,Mon-02992,Dark,30,38,28,52,82,28,130
2993,Mon-02993,Grass,6,125,93,51,41,38,108
2994,Mon-02994,Fighting,80,63,45,35,43,100,63
2995,Mon-02995,Fighting,40,58,53,124,88,66,119
2996,Mon-02996,Dark,27,80,115,52,84,72,70
2997,Mon-02997,Normal,85,38,91,138,110,27,124
2998,Mon-02998,Dark,2,110,97,100,110,38,30
2999,Mon-02999,Fighting,47,49,49,86,22,98,111
3000,Mon-03000,Poison,17,122,75,142,63,82,94
3001,Mon-03001,Ghost,13,36,21,44,114,50,39
3002,Mon-03002,Ghost,3,115,47,83,125,64,51
3003,Mon-03003,Normal,19,63,108,57,30,67,110
3004,Mon-03004,Water,95,87,72,47,105,122,102
3005,Mon-03005,Poison,45,116,90,143,45,118,41
3006,Mon-03006,Fighting,100,34,107,101,109,73,27
3007,Mon-03007,Normal,27,58,123,45,69,40,55
3008,Mon-03008,Electric,77,125,29,38,32,83,52
3009,Mon-03009,Fairy,9,36,84,64,42,20,89
3010,Mon-03010,Ghost,11,31,130,130,124,91,102
3011,Mon-03011,Normal,2,78,42,43,105,84,50
3012,Mon-03012,Fighting,90,22,115,118,23,119,63
3013,Mon-03013,Normal,68,130,84,38,125,68,40
3014,Mon-03014,Ground,75,120,55,67,113,82,23
3015,Mon-03015,Ground,93,40,106,90,80,26,121
3016,Mon-03016,Dark,34,39,116,41,23,111,107
3017,Mon-03017,Fairy,73,106,35,74,68,52,107
3018,Mon-03018,Psychic,51,77,95,58,38,104,127
3019,Mon-03019,Ghost,55,111,123,30,60,46,24
3020,Mon-03020,Normal,67,127,93,25,55,58,61
3021,Mon-03021,Fighting,47,64,80,43,99,48,102
3022,Mon-03022,Fairy,3,48,35,119,101,119,88
3023,Mon-03023,Rock,8,88,69,29,39,107,107
3024,Mon-03024,Grass,51,90,120,88,119,98,61
3025,Mon-03025,Dark,57,67,108,28,94,53,30
3026,Mon-03026,Rock,74,53,69,52,93,101,81
3027,Mon-03027,Ghost,58,49,54,47,106,74,102
3028,Mon-03028,Rock,19,77,109,67,100,99,101
3029,Mon-03029,Water,37,67,127,118,107,49,39
3030,Mon-03030,Psychic,45,70,53,78,52,79,90
3031,Mon-03031,Dark,99,30,110,26,96,125,90
3032,Mon-03032,Fairy,54,117,54,43,128,28,54
3033,Mon-03033,Fire,64,98,111,63,103,105,48
3034,Mon-03034,Ghost,74,122,127,60,65,97,41
3035,Mon-03035,Water,37,112,93,96,90,66,32
3036,Mon-03036,Fairy,97,88,75,69,121,120,80
3037,Mon-03037,Normal,68,54,54,118,92,100,54
3038,Mon-03038,Fire,85,92,26,56,106,78,93
3039,Mon-03039,Dark,75,82,25,110,118,54,85
3040,Mon-03040,Water,63,122,112,37,60,96,83
3041,Mon-03041,Poison,4,45,93,149,57,29,126
3042,Mon-03042,Dark,59,22,45,149,58,48,34
3043,Mon-03043,Electric,13,34,81,59,60,67,24
3044,Mon-03044,Psychic,61,39,117,54,95,44,59
3045,Mon-03045,Fire,71,93,91,25,73,82,22
3046,Mon-03046,Fire,55,36,121,147,124,116,102
3047,Mon-03047,Ground,31,34,33,29,96,58,61
3048,Mon-03048,Fighting,6,64,28,25,94,65,36
3049,Mon-03049,Water,68,106,93,37,125,64,29
3050,Mon-03050,Electric,70,67,84,62,115,100,118
3051,Mon-03051,Water,48,50,96,147,23,99,61
3052,Mon-03052,Ghost,72,51,128,45,127,46,71
3053,Mon-03053,Electric,78,110,32,96,117,119,38
3054,Mon-03054,Fairy,52,68,123,106,56,91,107
3055,Mon-03055,Rock,5,60,26,125,46,119,101
3056,Mon-03056,Water,88,105,78,113,79,117,57
3057,Mon-03057,Poison,47,60,112,149,130,83,114
3058,Mon-03058,Dark,68,59,95,108,87,98,59
3059,Mon-03059,Dark,92,103,44,131,84,89,120
3060,Mon-03060,Water,37,56,87,65,44,87,127
3061,Mon-03061,Dark,63,76,120,76,119,79,71
3062,Mon-03062,Fighting,2,93,42,117,108,45,82
3063,Mon-03063,Water,89,42,124,135,26,61,113
3064,Mon-03064,Dark,6,34,92,25,49,98,31
3065,Mon-03065,Fairy,55,114,29,79,117,101,72
3066,Mon-03066,Fighting,36,52,56,126,98,71,126
3067,Mon-03067,Rock,4,57,115,39,64,32,42
3068,Mon-03068,Fighting,47,85,57,69,78,34,61
3069,Mon-03069,Fire,94,31,125,94,33,119,114
3070,Mon-03070,Ghost,17,25,66,35,112,33,98
3071,Mon-03071,Electric,30,66,58,140,90,51,74
3072,Mon-03072,Electric,19,127,114,71,76,26,34
3073,Mon-03073,Fairy,13,83,107,123,87,44,40
3074,Mon-03074,Fairy,24,84,46,78,85,113,114
3075,Mon-03075,Fire,58,87,106,75,68,50,76
3076,Mon-03076,Dark,79,115,47,146,40,112,126
3077,Mon-03077,Psychic,70,112,119,132,73,110,31
3078,Mon-03078,Fighting,78,22,20,89,109,97,62
3079,Mon-03079,Dark,72,80,93,83,25,49,30
3080,Mon-03080,Fire,39,80,37,123,64,130,36
3081,Mon-03081,Grass,91,44,95,111,111,87,21
3082,Mon-03082,Ghost,18,128,128,148,84,105,81
3083,Mon-03083,Rock,70,49,94,66,22,58,46
3084,Mon-03084,Electric,12,112,68,39,113,93,37
3085,Mon-03085,Fighting,77,31,111,49,25,92,117
3086,Mon-03086,Psychic,9,86,41,91,73,86,69
3087,Mon-03087,Dark,22,101,80,64,32,85,80
3088,Mon-03088,Fire,40,75,127,126,50,98,89
3089,Mon-03089,Fighting,70,31,59,135,63,130,68
3090,Mon-03090,Water,5,33,23,48,49,116,35
3091,Mon-03091,Ghost,26,87,69,149,117,54,74
3092,Mon-03092,Ghost,34,115,73,104,82,118,125
3093,Mon-03093,Fighting,74,86,110,58,60,58,96
3094,Mon-03094,Electric,97,31,109,50,52,47,98
3095,Mon-03095,Electric,62,107,57,45,75,42,83
3096,Mon-03096,Fairy,51,70,105,84,57,98,60
3097,Mon-03097,Fairy,34,28,35,33,109,71,71
3098,Mon-03098,Water,83,60,41,41,46,111,66
3099,Mon-03099,Water,11,42,87,119,96,112,84
3100,Mon-03100,Electric,13,129,98,86,69,79,114
3101,Mon-03101,Rock,21,120,109,91,49,43,21
3102,Mon-03102,Fairy,27,31,89,65,71,32,72
3103,Mon-03103,Ghost,47,83,34,95,33,126,49
3104,Mon-03104,Dark,95,20,94,68,78,54,129
3105,Mon-03105,Electric,66,70,67,30,99,21,36
3106,Mon-03106,Poison,39,37,49,96,85,64,26
3107,Mon-03107,Dark,22,102,57,35,21,109,98
3108,Mon-03108,Water,65,27,109,111,85,30,50
3109,Mon-03109,Fairy,26,120,39,140,22,96,44
3110,Mon-03110,Water,98,45,82,109,60,66,77
3111,Mon-03111,Electric,48,49,29,97,90,120,123
3112,Mon-03112,Fairy,56,118,100,146,119,69,35
3113,Mon-03113,Fire,91,120,36,52,128,77,79
3114,Mon-03114,Grass,31,30,124,122,76,70,59
3115,Mon-03115,Ghost,48,32,117,51,43,95,40
3116,Mon-03116,Dark,54,114,114,25,112,27,77
3117,Mon-03117,Electric,28,128,58,55,59,25,126
3118,Mon-03118,Poison,6,74,106,88,81,84,48
3119,Mon-03119,Fairy,29,38,34,33,41,63,44
3120,Mon-03120,Poison,12,36,52,60,61,38,38
3121,Mon-03121,Electric,68,49,34,31,73,105,88
3122,Mon-03122,Psychic,1,96,26,55,101,103,49
3123,Mon-03123,Dark,32,30,60,115,119,32,85
3124,Mon-03124,Grass,89,91,83,44,39,40,29
3125,Mon-03125,Ground,57,109,115,58,82,106,98
3126,Mon-03126,Fairy,68,35,23,42,127,73,41
3127,Mon-03127,Rock,67,129,65,73,21,54,29
3128,Mon-03128,Normal,30,129,99,120,83,78,26
3129,Mon-03129,Normal,64,52,42,92,105,59,108
3130,Mon-03130,Grass,23,32,101,50,31,30,125
3131,Mon-03131,Poison,64,56,83,65,94,91,66
3132,Mon-03132,Normal,69,48,82,109,66,97,37
3133,Mon-03133,Ground,88,50,33,85,86,28,111
3134,Mon-03134,Rock,92,122,38,82,99,47,20
3135,Mon-03135,Psychic,3,37,117,133,36,89,55
3136,Mon-03136,Ghost,30,55,117,128,27,104,126
3137,Mon-03137,Poison,55,107,70,55,55,121,63
3138,Mon-03138,Fighting,33,26,86,113,49,87,104
3139,Mon-03139,Poison,62,26,80,124,52,30,60
3140,Mon-03140,Rock,86,53,77,138,122,59,49
3141,Mon-03141,Fighting,26,127,99,58,96,48,55
3142,Mon-03142,Fairy,90,113,83,116,59,129,117
3143,Mon-03143,Ghost,89,122,33,48,87,21,69
3144,Mon-03144,Dark,92,115,29,81,37,61,116
3145,Mon-03145,Fire,8,33,114,34,40,77,130
3146,Mon-03146,Dark,30,64,102,101,30,53,102
3147,Mon-03147,Grass,13,78,42,111,67,101,52
3148,Mon-03148,Psychic,13,38,26,81,88,34,85
3149,Mon-03149,Rock,6,130,44,76,76,122,61
3150,Mon-03150,Rock,44,86,84,55,81,64,84
3151,Mon-03151,Rock,9,114,84,122,38,60,98
3152,Mon-03152,Rock,30,48,38,139,91,122,127
3153,Mon-03153,Ghost,99,99,39,41,81,36,106
3154,Mon-03154,Ghost,89,31,43,59,126,72,71
3155,Mon-03155,Psychic,94,22,69,101,47,23,116
3156,Mon-03156,Dark,4,91,45,71,26,76,109
3157,Mon-03157,Psychic,67,27,70,26,70,56,52
3158,Mon-03158,Normal,64,50,21,27,41,102,32
3159,Mon-03159,Fighting,14,108,123,54,39,76,66
3160,Mon-03160,Ground,91,75,118,146,45,89,97
3161,Mon-03161,Fire,41,61,57,101,95,119,47
3162,Mon-03162,Dark,98,52,109,57,67,125,129
3163,Mon-03163,Water,12,94,79,32,117,44,127
3164,Mon-03164,Water,66,125,23,120,33,75,21
3165,Mon-03165,Fighting,14,102,51,72,123,106,64
3166,Mon-03166,Grass,95,59,26,74,65,34,48
3167,Mon-03167,Poison,61,66,98,95,79,73,116
3168,Mon-03168,Fighting,8,31,106,53,110,81,107
3169,Mon-03169,Ground,22,35,88,116,74,116,94
3170,Mon-03170,Normal,36,49,20,64,38,29,101
3171,Mon-03171,Poison,2,62,46,113,46,115,108
3172,Mon-03172,Fire,1,129,72,90,121,46,101
3173,Mon-03173,Poison,93,116,36,43,27,115,94
3174,Mon-03174,Water,99,32,31,103,121,92,129
3175,Mon-03175,Fairy,54,56,53,34,94,64,80
3176,Mon-03176,Fire,91,26,85,115,76,34,30
3177,Mon-03177,Ghost,66,26,29,72,55,58,67
3178,Mon-03178,Dark,3,61,130,109,115,102,94
3179,Mon-03179,Electric,72,126,70,55,23,43,117
3180,Mon-03180,Fighting,2,40,39,76,98,94,91
3181,Mon-03181,Psychic,82,95,22,63,43,45,51
3182,Mon-03182,Normal,37,63,126,56,59,29,42
3183,Mon-03183,Ground,15,80,85,68,27,88,113
3184,Mon-03184,Ghost,26,116,116,31,82,110,43
3185,Mon-03185,Fairy,69,112,106,75,36,126,22
3186,Mon-03186,Ground,85,111,129,40,32,75,92
3187,Mon-03187,Psychic,58,65,118,90,56,87,77
3188,Mon-03188,Psychic,17,25,105,36,75,95,92
3189,Mon-03189,Electric,91,129,114,26,124,65,71
3190,Mon-03190,Water,80,130,115,80,112,24,86
3191,Mon-03191,Water,41,115,48,62,64,46,58
3192,Mon-03192,Water,56,72,86,135,84,62,71
3193,Mon-03193,Water,97,51,129,58,105,92,38
3194,Mon-03194,Dark,38,39,116,75,62,53,96
3195,Mon-03195,Grass,3,61,31,54,105,43,85
3196,Mon-03196,Normal,15,57,32,137,93,120,55
3197,Mon-03197,Ground,61,50,42,124,98,30,83
3198,Mon-03198,Dark,100,125,102,46,128,107,46
3199,Mon-03199,Ghost,74,93,63,56,61,30,101
3200,Mon-03200,Grass,62,44,89,48,27,55,86
3201,Mon-03201,Fighting,33,90,35,44,79,114,92
3202,Mon-03202,Grass,44,98,26,55,56,113,88
3203,Mon-03203,Normal,4,77,105,132,26,62,113
3204,Mon-03204,Normal,38,125,52,82,37,21,110
3205,Mon-03205,Water,63,127,24,73,79,124,50
3206,Mon-03206,Dark,91,67,43,49,126,118,66
3207,Mon-03207,Water,93,72,55,48,57,75,80
3208,Mon-03208,Water,83,44,64,94,80,23,104
3209,Mon-03209,Fighting,3,106,119,119,39,96,24
3210,Mon-03210,Ground,82,123,42,95,34,106,121
3211,Mon-03211,Electric,22,93,87,107,106,111,55
3212,Mon-03212,Poison,62,42,50,57,87,101,67
3213,Mon-03213,Poison,95,77,75,144,41,117,49
3214,Mon-03214,Fighting,89,108,52,128,75,76,80
3215,Mon-03215,Fire,67,24,58,135,84,38,50
3216,Mon-03216,Electric,30,85,86,109,26,96,121
3217,Mon-03217,Normal,53,92,85,112,53,44,55
3218,Mon-03218,Ground,71,79,34,33,115,89,53
3219,Mon-03219,Fighting,52,91,37,45,60,36,22
3220,Mon-03220,Ghost,41,119,46,41,98,24,100
3221,Mon-03221,Electric,41,33,119,85,87,69,121
3222,Mon-03222,Ground,60,83,55,99,20,85,84
3223,Mon-03223,Electric,4,108,84,39,125,37,120
3224,Mon-03224,Fairy,100,111,69,119,126,107,65
3225,Mon-03225,Ground,11,71,59,94,94,92,96
3226,Mon-03226,Psychic,99,130,24,100,37,108,115
3227,Mon-03227,Electric,4,55,68,140,113,60,102
3228,Mon-03228,Grass,52,68,130,98,20,93,37
3229,Mon-03229,Ghost,42,111,124,25,76,127,127
3230,Mon-03230,Ground,58,68,53,121,67,40,23
3231,Mon-03231,Ghost,44,58,79,135,97,110,32
3232,Mon-03232,Dark,90,81,51,35,35,89,42
3233,Mon-03233,Electric,2,89,122,92,117,100,99
3234,Mon-03234,Fighting,99,127,81,84,83,89,117
3235,Mon-03235,Fighting,69,88,122,44,48,96,79
3236,Mon-03236,Psychic,78,40,114,59,54,106,58
3237,Mon-03237,Fighting,14,25,56,132,96,24,70
3238,Mon-03238,Psychic,7,127,70,74,40,23,95
3239,Mon-03239,Fairy,40,66,83,92,52,29,44
3240,Mon-03240,Dark,33,42,47,122,129,123,45
3241,Mon-03241,Fighting,79,44,112,81,117,67,52
3242,Mon-03242,Fighting,90,31,82,137,56,130,74
3243,Mon-03243,Water,43,42,43,87,81,121,101
3244,Mon-03244,Normal,77,106,73,149,66,58,78
3245,Mon-03245,Grass,6,92,111,43,42,30,30
3246,Mon-03246,Psychic,75,86,66,136,52,113,47
3247,Mon-03247,Psychic,10,21,98,39,32,66,24
3248,Mon-03248,Fairy,67,94,129,127,112,53,63
3249,Mon-03249,Ground,39,127,57,108,47,108,76
3250,Mon-03250,Poison,42,122,130,95,41,73,49
3251,Mon-03251,Grass,28,63,65,135,90,55,24
3252,Mon-03252,Water,41,86,82,105,34,64,31
3253,Mon-03253,Water,88,53,105,112,126,123,96
3254,Mon-03254,Poison,81,118,27,120,117,53,67
3255,Mon-03255,Rock,35,122,97,130,65,123,127
3256,Mon-03256,Dark,30,44,82,54,40,85,82
3257,Mon-03257,Fighting,51,74,92,131,35,26,53
3258,Mon-03258,Dark,69,46,125,99,115,32,29
3259,Mon-03259,Fire,19,88,73,29,68,88,101
3260,Mon-03260,Fire,73,52,122,140,84,35,59
3261,Mon-03261,Ghost,95,97,83,122,33,36,86
3262,Mon-03262,Fairy,85,128,43,137,111,71,71
3263,Mon-03263,Dark,55,116,92,122,77,68,29
3264,Mon-03264,Water,32,40,41,68,27,124,123
3265,Mon-03265,Fairy,33,34,119,69,28,119,33
3266,Mon-03266,Electric,75,110,36,59,126,123,87
3267,Mon-03267,Water,46,29,75,76,26,28,35
3268,Mon-03268,Water,11,64,110,29,53,109,124
3269,Mon-03269,Water,68,130,21,118,21,124,51
3270,Mon-03270,Psychic,14,69,74,119,26,87,78
3271,Mon-03271,Ghost,99,20,76,149,110,130,28
3272,Mon-03272,Ghost,42,128,57,94,104,109,109
3273,Mon-03273,Rock,35,98,94,149,56,94,44
3274,Mon-03274,Dark,6,56,56,51,39,65,30
3275,Mon-03275,Poison,17,87,61,84,47,59,51
3276,Mon-03276,Rock,95,87,50,123,58,63,82
3277,Mon-03277,Normal,54,81,89,124,106,47,56
3278,Mon-03278,Dark,91,126,117,122,86,84,59
3279,Mon-03279,Normal,96,107,39,83,69,68,28
3280,Mon-03280,Fire,5,48,65,34,27,53,100
3281,Mon-03281,Ground,39,130,45,134,32,39,58
3282,Mon-03282,Water,84,126,47,73,42,77,117
3283,Mon-03283,Ghost,50,25,127,106,43,22,64
3284,Mon-03284,Normal,51,52,98,41,74,61,99
3285,Mon-03285,Ghost,58,88,124,143,115,26,54
3286,Mon-03286,Electric,71,117,90,57,66,57,29
3287,Mon-03287,Ground,94,99,93,150,56,93,90
3288,Mon-03288,Grass,89,83,99,115,81,90,88
3289,Mon-03289,Electric,63,53,92,66,28,22,128
3290,Mon-03290,Ground,58,30,111,71,100,98,102
3291,Mon-03291,Dark,37,119,56,148,26,53,89
3292,Mon-03292,Fire,12,79,31,99,59,72,23
3293,Mon-03293,Dark,71,70,74,112,125,95,111
3294,Mon-03294,Ground,1,128,20,102,64,24,38
3295,Mon-03295,Fire,70,38,25,54,102,39,101
3296,Mon-03296,Ghost,50,48,25,41,50,38,95
3297,Mon-03297,Rock,79,114,28,25,114,56,109
3298,Mon-03298,Fire,95,51,98,76,57,21,54
3299,Mon-03299,Water,56,124,86,111,45,23,75
3300,Mon-03300,Water,58,115,123,62,25,76,26
3301,Mon-03301,Water,49,31,52,53,54,32,59
3302,Mon-03302,Ghost,38,70,56,73,84,68,118
3303,Mon-03303,Rock,9,103,74,54,27,45,42
3304,Mon-03304,Electric,4,74,106,79,39,130,125
3305,Mon-03305,Electric,73,43,123,94,58,34,25
3306,Mon-03306,Water,92,24,100,59,99,73,61
3307,Mon-03307,Fighting,6,20,76,28,86,72,61
3308,Mon-03308,Water,33,39,128,37,24,101,130
3309,Mon-03309,Poison,61,48,40,77,24,34,80
3310,Mon-03310,Psychic,71,53,72,47,26,127,115
3311,Mon-03311,Fighting,74,114,47,125,56,53,114
3312,Mon-03312,Normal,70,76,38,45,51,23,81
3313,Mon-03313,Electric,9,35,64,28,32,100,100
3314,Mon-03314,Psychic,26,29,104,103,68,80,102
3315,Mon-03315,Electric,47,34,55,103,85,92,75
3316,Mon-03316,Fire,7,54,110,109,96,121,123
3317,Mon-03317,Electric,35,102,87,44,130,62,67
3318,Mon-03318,Electric,39,25,98,110,96,120,100
3319,Mon-03319,Fire,98,65,46,133,129,123,59
3320,Mon-03320,Grass,32,69,115,101,128,80,57
3321,Mon-03321,Ground,98,36,42,74,113,107,60
3322,Mon-03322,Rock,71,26,61,85,59,23,41
3323,Mon-03323,Ghost,70,45,106,127,24,87,109
3324,Mon-03324,Ground,82,36,96,43,26,28,67
3325,Mon-03325,Water,85,108,53,116,116,68,94
3326,Mon-03326,Ghost,23,121,49,58,115,103,40
3327,Mon-03327,Poison,43,89,68,135,54,26,96
3328,Mon-03328,Normal,53,104,69,42,101,65,22
3329,Mon-03329,Ghost,98,104,26,90,70,65,91
3330,Mon-03330,Electric,5,117,46,75,27,46,70
3331,Mon-03331,Grass,48,30,37,86,92,80,33
3332,Mon-03332,Fire,22,130,37,73,29,109,56
3333,Mon-03333,Water,21,70,59,29,34,130,24
3334,Mon-03334,Fighting,77,80,23,133,72,120,30
3335,Mon-03335,Normal,21,108,95,92,27,125,110
3336,Mon-03336,Ghost,80,74,94,100,57,42,116
3337,Mon-03337,Fighting,100,49,44,90,103,32,111
3338,Mon-03338,Water,78,22,117,91,86,40,33
3339,Mon-03339,Water,17,38,85,101,26,128,84
3340,Mon-03340,Ghost,15,29,54,77,44,44,89
3341,Mon-03341,Poison,44,62,41,41,130,103,58
3342,Mon-03342,Psychic,56,106,67,28,126,65,83
3343,Mon-03343,Poison,78,57,126,93,122,95,50
3344,Mon-03344,Electric,43,86,20,48,76,103,128
3345,Mon-03345,Poison,17,40,22,82,67,120,47
3346,Mon-03346,Grass,100,85,65,101,103,29,48
3347,Mon-03347,Water,91,125,122,100,126,56,105
3348,Mon-03348,Rock,66,55,51,46,33,33,46
3349,Mon-03349,Grass,70,73,102,108,119,64,120
3350,Mon-03350,Poison,94,126,83,143,88,60,89
3351,Mon-03351,Poison,48,87,42,70,35,116,120
3352,Mon-03352,Psychic,15,64,120,39,116,98,81
3353,Mon-03353,Electric,61,33,38,88,23,31,127
3354,Mon-03354,Fire,46,124,76,102,22,69,110
3355,Mon-03355,Normal,80,87,93,74,60,98,109
3356,Mon-03356,Rock,78,26,94,100,79,102,39
3357,Mon-03357,Dark,48,81,114,121,67,109,109
3358,Mon-03358,Psychic,37,127,98,97,47,44,53
3359,Mon-03359,Fire,43,123,92,125,92,118,112
3360,Mon-03360,Fire,64,41,36,43,73,120,20
3361,Mon-03361,Fighting,64,65,54,61,33,44,26
3362,Mon-03362,Water,52,129,58,94,110,93,100
3363,Mon-03363,Ground,54,106,61,57,54,95,27
3364,Mon-03364,Fire,100,82,32,150,96,117,56
3365,Mon-03365,Dark,26,53,30,110,58,29,71
3366,Mon-03366,Ground,18,104,68,76,103,45,46
3367,Mon-03367,Ghost,80,84,100,122,51,115,102
3368,Mon-03368,Grass,94,78,118,148,43,23,87
3369,Mon-03369,Poison,61,122,124,26,28,73,92
3370,Mon-03370,Water,41,61,73,95,112,52,47
3371,Mon-03371,Rock,35,89,119,78,100,89,22
3372,Mon-03372,Ground,47,24,70,120,88,72,26
3373,Mon-03373,Dark,6,98,72,63,87,114,47
3374,Mon-03374,Grass,53,80,43,66,27,28,46
3375,Mon-03375,Fighting,27,117,89,121,65,76,88
3376,Mon-03376,Water,27,56,54,137,115,77,114
3377,Mon-03377,Dark,57,122,73,43,52,76,51
3378,Mon-03378,Normal,97,83,123,102,26,28,86
3379,Mon-03379,Electric,21,43,80,123,113,71,121
3380,Mon-03380,Ghost,92,37,53,45,23,117,72
3381,Mon-03381,Fire,52,41,94,108,96,86,42
3382,Mon-03382,Ground,98,53,101,148,112,32,74
3383,Mon-03383,Electric,39,81,87,131,102,99,27
3384,Mon-03384,Fairy,100,116,24,49,21,123,130
3385,Mon-03385,Rock,66,130,45,149,119,109,121
3386,Mon-03386,Normal,67,95,34,69,29,30,23
3387,Mon-03387,Rock,57,74,126,85,114,23,49
3388,Mon-03388,Rock,46,88,54,61,21,39,37
3389,Mon-03389,Psychic,53,56,72,113,74,58,117
3390,Mon-03390,Poison,86,47,120,40,117,122,116
3391,Mon-03391,Ghost,80,79,130,114,49,68,58
3392,Mon-03392,Fighting,3,111,44,31,24,127,79
3393,Mon-03393,Fighting,70,27,115,131,29,30,91
3394,Mon-03394,Ground,84,32,100,66,61,104,130
3395,Mon-03395,Poison,75,39,88,90,60,103,111
3396,Mon-03396,Fighting,50,43,38,53,44,126,95
3397,Mon-03397,Electric,34,36,96,38,70,78,70
3398,Mon-03398,Fighting,68,34,88,27,57,87,100
3399,Mon-03399,Dark,67,23,69,148,85,20,91
3400,Mon-03400,Electric,38,58,85,42,52,117,84
3401,Mon-03401,Normal,41,100,43,32,54,90,43
3402,Mon-03402,Electric,37,37,89,89,118,97,21
3403,Mon-03403,Rock,5,56,37,146,107,57,77
3404,Mon-03404,Fighting,4,128,51,35,105,28,120
3405,Mon-03405,Water,9,38,74,57,62,100,130
3406,Mon-03406,Fairy,43,129,37,95,118,101,78
3407,Mon-03407,Fighting,52,76,121,87,57,39,127
3408,Mon-03408,Ghost,41,100,118,43,99,111,21
3409,Mon-03409,Ground,96,55,72,144,103,20,111
3410,Mon-03410,Grass,23,56,83,70,56,92,43
3411,Mon-03411,Dark,40,63,52,110,88,29,59
3412,Mon-03412,Fighting,25,34,43,82,40,103,58
3413,Mon-03413,Poison,30,55,126,98,62,68,44
3414,Mon-03414,Water,59,119,65,138,78,56,51
3415,Mon-03415,Ground,31,20,125,66,93,103,80
3416,Mon-03416,Ghost,32,83,27,127,59,109,23
3417,Mon-03417,Fairy,68,96,31,61,99,87,44
3418,Mon-03418,Fairy,84,35,72,64,91,101,51
3419,Mon-03419,Normal,22,32,106,29,115,21,29
3420,Mon-03420,Normal,12,81,67,68,24,111,119
3421,Mon-03421,Rock,24,44,113,98,76,85,68
3422,Mon-03422,Grass,58,128,34,105,99,37,85
3423,Mon-03423,Ground,96,41,115,79,66,73,84
3424,Mon-03424,Water,17,34,69,69,53,89,56
3425,Mon-03425,Fire,5,56,51,53,84,108,49
3426,Mon-03426,Psychic,53,56,90,138,71,77,29
3427,Mon-03427,Ghost,100,37,106,73,67,48,111
3428,Mon-03428,Normal,56,93,123,63,128,48,103
3429,Mon-03429,Poison,93,58,29,143,66,99,92
3430,Mon-03430,Fire,65,78,98,105,43,115,99
3431,Mon-03431,Electric,4,47,54,131,21,90,109
3432,Mon-03432,Rock,43,30,75,73,33,108,20
3433,Mon-03433,Fighting,78,26,71,79,79,89,94
3434,Mon-03434,Psychic,51,25,105,116,43,74,130
3435,Mon-03435,Fairy,20,116,64,148,32,65,111
3436,Mon-03436,Psychic,19,49,51,124,59,74,49
3437,Mon-03437,Ground,67,53,74,83,46,21,85
3438,Mon-03438,Rock,47,84,94,100,79,84,49
3439,Mon-03439,Poison,58,30,113,68,26,40,34
3440,Mon-03440,Fighting,38,86,20,82,128,119,53
3441,Mon-03441,Electric,34,77,83,73,121,113,58
3442,Mon-03442,Electric,67,107,28,37,116,74,126
3443,Mon-03443,Fighting,1,33,88,135,39,88,71
3444,Mon-03444,Water,44,21,89,42,99,24,113
3445,Mon-03445,Fairy,38,105,114,58,21,84,125
3446,Mon-03446,Electric,78,61,41,56,99,114,90
3447,Mon-03447,Psychic,73,26,108,52,108,78,74
3448,Mon-03448,Electric,43,81,96,87,51,115,74
3449,Mon-03449,Normal,27,71,93,146,71,28,107
3450,Mon-03450,Ground,24,125,90,66,123,128,56
3451,Mon-03451,Fighting,22,124,81,117,42,58,70
3452,Mon-03452,Ground,28,79,27,117,79,23,57
3453,Mon-03453,Grass,77,37,110,121,53,88,48
3454,Mon-03454,Ghost,5,103,63,103,38,88,56
3455,Mon-03455,Water,3,42,31,118,95,33,30
3456,Mon-03456,Poison,54,113,88,120,125,58,115
3457,Mon-03457,Dark,23,86,125,111,82,122,116
3458,Mon-03458,Fairy,84,59,99,95,76,40,95
3459,Mon-03459,Psychic,76,128,47,36,79,28,103
3460,Mon-03460,Psychic,77,77,110,89,37,111,65
3461,Mon-03461,Rock,46,62,113,119,42,95,78
3462,Mon-03462,Rock,44,40,56,68,101,75,130
3463,Mon-03463,Grass,43,91,78,56,85,53,26
3464,Mon-03464,Ghost,20,49,112,99,45,116,39
3465,Mon-03465,Fairy,57,36,37,41,22,115,111
3466,Mon-03466,Fighting,87,33,59,115,40,20,28
3467,Mon-03467,Poison,26,91,70,148,76,111,106
3468,Mon-03468,Dark,6,122,20,86,49,72,60
3469,Mon-03469,Grass,57,48,38,28,101,56,98
3470,Mon-03470,Fighting,40,44,87,59,84,58,128
3471,Mon-03471,Ghost,80,88,49,28,36,71,83
3472,Mon-03472,Ghost,86,35,46,82,52,83,22
3473,Mon-03473,Ground,96,29,52,64,23,126,78
3474,Mon-03474,Poison,40,90,33,122,24,22,28
3475,Mon-03475,Grass,91,78,90,131,103,87,124
3476,Mon-03476,Fairy,12,23,48,79,63,27,57
3477,Mon-03477,Dark,38,46,92,148,117,20,126
3478,Mon-03478,Psychic,27,42,111,81,46,53,129
3479,Mon-03479,Electric,93,95,73,39,55,106,55
3480,Mon-03480,Rock,61,93,121,139,76,58,58
3481,Mon-03481,Poison,37,102,41,74,51,60,116
3482,Mon-03482,Water,16,31,126,136,71,120,95
3483,Mon-03483,Dark,79,114,55,117,33,50,75
3484,Mon-03484,Dark,66,43,53,143,28,105,115
3485,Mon-03485,Poison,86,130,128,106,115,112,48
3486,Mon-03486,Electric,44,116,70,99,47,91,94
3487,Mon-03487,Water,15,70,102,54,31,127,58
3488,Mon-03488,Psychic,34,107,109,60,51,129,29
3489,Mon-03489,Rock,63,94,69,66,66,26,59
3490,Mon-03490,Ghost,25,105,55,64,73,38,36
3491,Mon-03491,Fighting,8,22,74,99,105,63,130
3492,Mon-03492,Fighting,83,29,62,134,111,93,48
3493,Mon-03493,Electric,54,120,66,29,52,51,123
3494,Mon-03494,Fighting,40,106,46,102,44,90,108
3495,Mon-03495,Water,56,88,121,120,33,119,60
3496,Mon-03496,Ghost,74,54,83,80,37,20,109
3497,Mon-03497,Grass,1,66,108,59,23,116,25
3498,Mon-03498,Fairy,45,63,93,79,20,73,38
3499,Mon-03499,Ground,26,68,59,129,66,120,108
3500,Mon-03500,Ghost,10,89,55,140,87,95,62
3501,Mon-03501,Dark,4,104,129,111,110,24,36
3502,Mon-03502,Fire,45,62,22,86,56,120,35
3503,Mon-03503,Normal,55,112,52,106,52,25,109
3504,Mon-03504,Fairy,51,30,101,110,94,47,72
3505,Mon-03505,Dark,79,109,80,121,90,81,69
3506,Mon-03506,Ground,46,95,88,43,96,120,60
3507,Mon-03507,Rock,59,76,22,34,38,38,30
3508,Mon-03508,Fire,82,61,44,68,24,79,130
3509,Mon-03509,Rock,66,61,86,57,80,32,44
3510,Mon-03510,Fire,92,60,54,102,66,57,63
3511,Mon-03511,Ghost,23,124,72,90,48,48,111
3512,Mon-03512,Grass,79,22,126,140,127,67,25
3513,Mon-03513,Normal,70,90,90,122,37,98,85
3514,Mon-03514,Fairy,59,129,89,43,50,99,77
3515,Mon-03515,Water,1,80,41,131,103,94,99
3516,Mon-03516,Grass,55,90,86,122,78,23,120
3517,Mon-03517,Poison,86,86,126,73,45,107,30
3518,Mon-03518,Fighting,65,76,91,32,79,91,61
3519,Mon-03519,Fighting,1,89,107,124,66,26,60
3520,Mon-03520,Grass,29,120,125,49,48,125,110
3521,Mon-03521,Fairy,57,99,120,52,94,105,70
3522,Mon-03522,Ground,82,114,57,84,106,96,66
3523,Mon-03523,Psychic,45,81,52,35,27,74,50
3524,Mon-03524,Fire,86,105,51,75,20,108,83
3525,Mon-03525,Fire,80,117,105,56,120,54,88
3526,Mon-03526,Electric,27,43,61,31,45,100,75
3527,Mon-03527,Ground,20,115,111,138,29,87,88
3528,Mon-03528,Water,91,96,108,57,85,87,117
3529,Mon-03529,Poison,59,69,93,93,55,108,115
3530,Mon-03530,Normal,85,105,33,127,121,39,83
3531,Mon-03531,Poison,93,38,99,85,126,31,125
3532,Mon-03532,Fighting,43,97,42,61,21,81,62
3533,Mon-03533,Fairy,5,84,81,118,41,109,22
3534,Mon-03534,Fighting,91,118,45,112,86,48,105
3535,Mon-03535,Water,59,88,26,26,57,83,105
3536,Mon-03536,Electric,13,78,90,128,20,126,25
3537,Mon-03537,Water,53,78,70,39,71,88,56
3538,Mon-03538,Fire,3,81,91,117,89,28,50
3539,Mon-03539,Fire,29,118,74,37,129,117,78
3540,Mon-03540,Water,35,107,61,33,65,128,51
3541,Mon-03541,Fire,46,30,21,40,107,98,102
3542,Mon-03542,Fairy,57,79,50,118,68,87,83
3543,Mon-03543,Grass,84,51,117,82,94,84,116
3544,Mon-03544,Grass,36,38,103,100,127,89,112
3545,Mon-03545,Ground,74,116,71,60,110,57,53
3546,Mon-03546,Fire,95,115,23,40,95,91,81
3547,Mon-03547,Grass,75,124,129,124,111,76,88
3548,Mon-03548,Grass,26,63,101,129,41,107,70
3549,Mon-03549,Fire,68,67,22,130,108,112,126
3550,Mon-03550,Rock,29,106,43,33,130,98,27
3551,Mon-03551,Fighting,48,41,38,141,128,130,121
3552,Mon-03552,Dark,64,26,120,93,48,69,127
3553,Mon-03553,Psychic,30,66,125,49,67,103,60
3554,Mon-03554,Fire,1,89,65,50,96,58,52
3555,Mon-03555,Fighting,84,70,39,88,28,107,24
3556,Mon-03556,Grass,73,43,91,101,95,49,34
3557,Mon-03557,Normal,13,77,50,31,50,97,45
3558,Mon-03558,Ghost,38,124,33,87,114,21,112
3559,Mon-03559,Poison,27,50,48,55,88,105,105
3560,Mon-03560,Electric,98,64,48,140,64,52,118
3561,Mon-03561,Normal,95,54,25,102,25,46,55
3562,Mon-03562,Ghost,70,52,97,71,97,57,53
3563,Mon-03563,Rock,45,92,59,78,79,67,110
3564,Mon-03564,Ground,6,61,81,130,89,34,80
3565,Mon-03565,Dark,25,89,81,112,21,81,26
3566,Mon-03566,Ghost,10,22,105,73,68,33,106
3567,Mon-03567,Ghost,79,93,104,130,103,80,30
3568,Mon-03568,Dark,9,31,82,103,121,60,22
3569,Mon-03569,Fairy,68,61,113,32,58,86,122
3570,Mon-03570,Water,96,116,83,104,47,36,129
3571,Mon-03571,Rock,31,57,22,143,98,128,98
3572,Mon-03572,Grass,69,97,115,133,44,21,55
3573,Mon-03573,Water,88,59,105,30,118,114,38
3574,Mon-03574,Ghost,43,120,67,136,89,59,73
3575,Mon-03575,Fighting,45,125,62,148,122,111,77
3576,Mon-03576,Fighting,21,120,119,45,41,86,25
3577,Mon-03577,Electric,43,63,67,105,29,112,93
3578,Mon-03578,Ghost,88,55,61,120,112,81,25
3579,Mon-03579,Fire,67,87,101,30,52,108,74
3580,Mon-03580,Dark,21,110,56,129,57,92,32
3581,Mon-03581,Electric,53,78,64,74,49,95,25
3582,Mon-03582,Fighting,71,101,106,62,66,83,55
3583,Mon-03583,Fighting,8,117,44,57,119,48,85
3584,Mon-03584,Normal,77,103,21,88,95,114,122
3585,Mon-03585,Fairy,21,60,57,125,28,114,26
3586,Mon-03586,Ground,30,47,39,128,118,100,77
3587,Mon-03587,Normal,42,68,60,53,68,51,104
3588,Mon-03588,Normal,51,83,27,129,96,65,56
3589,Mon-03589,Poison,92,113,85,129,60,100,109
3590,Mon-03590,Poison,23,53,76,32,30,40,70
3591,Mon-03591,Fire,26,37,50,64,66,32,20
3592,Mon-03592,Poison,38,55,89,26,57,64,49
3593,Mon-03593,Dark,86,85,36,149,21,80,66
3594,Mon-03594,Water,97,45,21,84,103,119,89
3595,Mon-03595,Electric,46,64,72,59,115,55,36
3596,Mon-03596,Dark,70,48,37,137,120,44,76
3597,Mon-03597,Water,92,129,115,111,47,98,107
3598,Mon-03598,Ghost,85,76,53,143,90,117,62
3599,Mon-03599,Normal,69,100,67,125,79,114,41
3600,Mon-03600,Normal,55,77,52,145,86,90,96
3601,Mon-03601,Poison,99,21,68,52,108,21,90
3602,Mon-03602,Fire,24,49,30,50,62,92,63
3603,Mon-03603,Electric,37,113,123,34,50,32,111
3604,Mon-03604,Ground,72,76,39,68,73,107,109
3605,Mon-03605,Psychic,3,98,63,94,93,122,31
3606,Mon-03606,Electric,51,104,114,96,67,87,86
3607,Mon-03607,Electric,86,82,67,110,53,46,89
3608,Mon-03608,Fairy,18,84,97,117,26,53,42
3609,Mon-03609,Psychic,81,46,27,127,83,101,40
3610,Mon-03610,Electric,42,47,52,90,22,104,38
3611,Mon-03611,Normal,87,36,104,59,72,110,56
3612,Mon-03612,Ghost,64,53,49,80,88,31,48
3613,Mon-03613,Psychic,16,89,65,134,71,102,98
3614,Mon-03614,Water,74,123,28,127,76,126,121
3615,Mon-03615,Normal,6,68,76,140,50,23,70
3616,Mon-03616,Ground,25,86,58,93,47,67,111
3617,Mon-03617,Fire,89,115,115,123,113,101,76
3618,Mon-03618,Fairy,88,95,64,77,119,78,127
3619,Mon-03619,Dark,5,49,111,25,37,126,62
3620,Mon-03620,Normal,38,51,120,118,42,95,102
3621,Mon-03621,Normal,10,90,113,35,59,60,113
3622,Mon-03622,Psychic,28,51,102,105,97,89,121
3623,Mon-03623,Normal,97,47,84,150,26,98,63
3624,Mon-03624,Psychic,20,85,73,28,107,106,59
3625,Mon-03625,Grass,65,90,29,117,20,50,21
3626,Mon-03626,Dark,81,48,34,134,113,121,88
3627,Mon-03627,Ghost,89,25,62,103,24,130,82
3628,Mon-03628,Grass,36,105,92,111,113,43,63
3629,Mon-03629,Ghost,70,63,20,138,124,43,44
3630,Mon-03630,Ghost,49,90,123,122,108,62,116
3631,Mon-03631,Fire,11,39,130,29,129,53,130
3632,Mon-03632,Ground,23,54,28,122,70,40,130
3633,Mon-03633,Water,75,87,30,120,91,38,70
3634,Mon-03634,Fairy,69,33,114,53,89,98,102
3635,Mon-03635,Ghost,53,55,42,107,21,126,112
3636,Mon-03636,Fighting,79,99,39,131,115,30,106
3637,Mon-03637,Dark,70,105,40,131,98,83,59
3638,Mon-03638,Fighting,34,59,97,134,66,51,117
3639,Mon-03639,Electric,30,32,34,123,43,47,93
3640,Mon-03640,Fighting,95,22,40,40,94,83,30
3641,Mon-03641,Fighting,98,81,64,86,128,34,38
3642,Mon-03642,Rock,4,96,86,54,37,29,73
3643,Mon-03643,Psychic,80,85,129,33,122,117,124
3644,Mon-03644,Grass,14,64,46,58,82,69,101
3645,Mon-03645,Dark,87,22,48,139,107,26,91
3646,Mon-03646,Ground,59,45,80,100,35,117,87
3647,Mon-03647,Rock,69,23,66,121,31,91,122
3648,Mon-03648,Psychic,71,71,86,88,93,101,79
3649,Mon-03649,Rock,61,54,47,69,51,87,65
3650,Mon-03650,Fire,26,27,88,85,61,72,62
3651,Mon-03651,Normal,81,87,122,148,89,105,78
3652,Mon-03652,Dark,56,61,95,61,45,58,44
3653,Mon-03653,Ground,55,126,101,64,57,95,126
3654,Mon-03654,Ground,32,66,27,131,60,117,122
3655,Mon-03655,Rock,2,30,120,71,59,112,62
3656,Mon-03656,Ground,56,98,98,138,97,81,101
3657,Mon-03657,Rock,35,98,89,147,36,24,105
3658,Mon-03658,Normal,66,123,37,33,120,21,88
3659,Mon-03659,Psychic,37,96,81,109,99,67,32
3660,Mon-03660,Ground,98,60,95,36,21,93,29
3661,Mon-03661,Dark,69,94,89,135,82,28,99
3662,Mon-03662,Fire,46,108,33,39,38,65,32
3663,Mon-03663,Grass,71,77,24,136,36,64,111
3664,Mon-03664,Ghost,65,108,73,121,98,70,67
3665,Mon-03665,Rock,63,127,99,92,47,82,109
3666,Mon-03666,Normal,58,103,62,51,83,50,33
3667,Mon-03667,Rock,94,75,96,58,51,85,63
3668,Mon-03668,Rock,32,74,127,79,55,70,36
3669,Mon-03669,Poison,44,113,118,131,94,122,74
3670,Mon-03670,Fairy,26,116,90,138,92,56,29
3671,Mon-03671,Rock,57,49,100,88,22,122,50
3672,Mon-03672,Psychic,99,21,29,54,116,126,52
3673,Mon-03673,Rock,61,109,29,96,85,54,76
3674,Mon-03674,Ground,21,46,97,129,48,65,21
3675,Mon-03675,Ground,93,130,108,93,32,97,54
3676,Mon-03676,Rock,80,24,41,137,73,70,101
3677,Mon-03677,Ghost,45,121,85,26,97,99,65
3678,Mon-03678,Psychic,15,95,51,88,22,48,86
3679,Mon-03679,Water,41,53,32,30,52,126,115
3680,Mon-03680,Ghost,81,23,62,102,125,97,76
3681,Mon-03681,Water,58,113,69,102,31,29,117
3682,Mon-03682,Fire,19,33,106,64,108,46,129
3683,Mon-03683,Fire,16,30,115,125,46,88,78
3684,Mon-03684,Psychic,97,107,124,144,76,52,73
3685,Mon-03685,Grass,45,95,31,82,104,65,55
3686,Mon-03686,Normal,69,34,122,79,130,91,116
3687,Mon-03687,Ghost,37,57,77,48,86,58,106
3688,Mon-03688,Fairy,10,93,38,28,44,120,41
3689,Mon-03689,Fighting,42,93,91,76,29,88,92
3690,Mon-03690,Psychic,70,60,26,80,102,66,49
3691,Mon-03691,Dark,34,65,71,121,84,51,129
3692,Mon-03692,Dark,61,28,111,133,105,52,56
3693,Mon-03693,Grass,44,21,127,38,129,23,29
3694,Mon-03694,Water,34,127,51,44,112,29,129
3695,Mon-03695,Psychic,26,45,39,95,75,106,87
3696,Mon-03696,Ground,27,122,84,72,96,105,120
3697,Mon-03697,Water,26,24,37,113,89,29,118
3698,Mon-03698,Fire,72,129,128,65,41,81,69
3699,Mon-03699,Ground,34,67,56,77,54,56,69
3700,Mon-03700,Ground,75,109,40,80,30,97,113
3701,Mon-03701,Water,32,113,46,100,60,86,62
3702,Mon-03702,Ghost,33,59,61,33,40,108,45
3703,Mon-03703,Normal,93,101,102,136,119,89,82
3704,Mon-03704,Water,88,57,116,67,115,42,85
3705,Mon-03705,Fairy,41,107,101,51,100,93,111
3706,Mon-03706,Ghost,27,126,92,105,64,112,37
3707,Mon-03707,Normal,72,109,49,42,20,130,73
3708,Mon-03708,Fairy,7,100,124,99,80,98,83
3709,Mon-03709,Ghost,46,61,130,32,22,64,126
3710,Mon-03710,Electric,60,32,90,58,22,76,44
3711,Mon-03711,Dark,68,76,106,116,37,35,88
3712,Mon-03712,Fire,11,34,53,71,74,90,85
3713,Mon-03713,Water,1,76,69,138,103,35,125
3714,Mon-03714,Electric,28,116,109,69,65,48,67
3715,Mon-03715,Poison,12,32,67,111,106,76,40
3716,Mon-03716,Ground,51,120,104,28,79,73,82
3717,Mon-03717,Rock,92,86,115,148,119,62,114
3718,Mon-03718,Water,29,25,123,102,61,91,37
3719,Mon-03719,Dark,46,99,52,114,53,121,99
3720,Mon-03720,Rock,22,20,72,65,28,122,76
3721,Mon-03721,Poison,5,87,62,61,44,76,108
3722,Mon-03722,Fairy,71,76,75,80,24,81,55
3723,Mon-03723,Ground,26,102,102,57,39,70,114
3724,Mon-03724,Fighting,55,61,55,27,125,119,35
3725,Mon-03725,Water,69,33,45,109,80,115,78
3726,Mon-03726,Dark,84,62,49,115,87,26,75
3727,Mon-03727,Electric,19,104,105,110,62,108,51
3728,Mon-03728,Fairy,59,125,130,94,91,23,35
3729,Mon-03729,Electric,92,43,31,91,82,99,124
3730,Mon-03730,Normal,49,59,128,149,121,57,67
3731,Mon-03731,Electric,5,117,23,91,108,78,123
3732,Mon-03732,Normal,27,54,78,113,81,106,55
3733,Mon-03733,Psychic,80,47,34,77,106,46,91
3734,Mon-03734,Dark,80,112,126,29,88,34,80
3735,Mon-03735,Ground,32,74,104,69,130,82,64
3736,Mon-03736,Grass,20,84,59,115,78,113,73
3737,Mon-03737,Ground,30,74,96,104,114,32,48
3738,Mon-03738,Fire,25,86,114,112,39,63,34
3739,Mon-03739,Rock,75,49,44,119,38,79,94
3740,Mon-03740,Fairy,85,101,90,52,54,45,50
3741,Mon-03741,Normal,5,60,53,127,111,114,78
3742,Mon-03742,Dark,75,78,99,115,118,86,81
3743,Mon-03743,Poison,76,40,82,63,64,77,130
3744,Mon-03744,Ghost,62,21,99,88,69,35,112
3745,Mon-03745,Ground,88,83,90,133,74,27,40
3746,Mon-03746,Fairy,4,35,90,46,42,38,26
3747,Mon-03747,Water,70,121,29,63,79,23,127
3748,Mon-03748,Fairy,13,126,114,49,111,79,30
3749,Mon-03749,Rock,90,55,39,63,103,115,99
3750,Mon-03750,Normal,50,52,63,50,29,104,108
3751,Mon-03751,Fighting,10,76,76,126,59,44,116
3752,Mon-03752,Water,75,42,114,149,90,41,57
3753,Mon-03753,Electric,75,115,89,147,85,78,58
3754,Mon-03754,Ground,47,31,40,70,97,106,48
3755,Mon-03755,Ghost,32,70,51,142,102,106,38
3756,Mon-03756,Electric,2,40,42,35,53,77,45
3757,Mon-03757,Ground,91,112,85,38,72,48,42
3758,Mon-03758,Ghost,19,36,99,66,38,73,127
3759,Mon-03759,Ground,85,69,98,61,99,101,73
3760,Mon-03760,Poison,59,112,103,140,69,117,76
3761,Mon-03761,Poison,69,68,97,120,58,28,89
3762,Mon-03762,Psychic,70,40,120,119,103,105,37
3763,Mon-03763,Fighting,86,37,120,126,124,103,129
3764,Mon-03764,Ground,4,87,50,116,118,43,65
3765,Mon-03765,Electric,100,33,53,88,34,27,76
3766,Mon-03766,Grass,5,59,26,32,110,54,48
3767,Mon-03767,Fairy,100,87,49,27,82,50,53
3768,Mon-03768,Normal,27,62,76,147,32,32,38
3769,Mon-03769,Psychic,85,111,93,88,63,48,75
3770,Mon-03770,Fire,9,96,117,145,44,41,128
3771,Mon-03771,Psychic,47,35,85,28,48,118,22
3772,Mon-03772,Water,55,110,127,105,88,29,69
3773,Mon-03773,Rock,96,121,81,60,64,79,63
3774,Mon-03774,Psychic,13,42,115,70,98,56,96
3775,Mon-03775,Normal,4,59,109,107,109,113,102
3776,Mon-03776,Ghost,65,63,74,87,20,72,119
3777,Mon-03777,Ghost,5,67,116,41,111,84,48
3778,Mon-03778,Normal,78,71,115,150,35,63,42
3779,Mon-03779,Dark,4,119,54,114,20,109,73
3780,Mon-03780,Fighting,98,92,43,70,30,94,34
3781,Mon-03781,Fairy,54,119,33,103,25,81,73
3782,Mon-03782,Ghost,95,58,122,44,57,64,48
3783,Mon-03783,Fairy,13,78,69,79,113,69,54
3784,Mon-03784,Rock,28,31,82,78,95,48,99
3785,Mon-03785,Fire,46,50,50,71,69,93,36
3786,Mon-03786,Ghost,3,84,63,85,124,52,62
3787,Mon-03787,Water,11,39,64,140,74,51,95
3788,Mon-03788,Rock,33,126,84,25,29,71,74
3789,Mon-03789,Poison,74,50,39,94,22,121,115
3790,Mon-03790,Ground,71,37,107,143,76,68,22
3791,Mon-03791,Ghost,9,106,63,137,44,120,65
3792,Mon-03792,Grass,6,29,46,138,61,78,20
3793,Mon-03793,Water,66,56,21,76,54,28,26
3794,Mon-03794,Fire,36,42,31,96,64,84,65
3795,Mon-03795,Dark,80,97,49,99,126,121,47
3796,Mon-03796,Ground,30,113,101,130,27,117,36
3797,Mon-03797,Psychic,37,41,114,145,32,40,126
3798,Mon-03798,Water,22,66,125,57,52,49,107
3799,Mon-03799,Grass,27,73,53,40,102,95,68
3800,Mon-03800,Ground,71,96,90,58,48,68,125
3801,Mon-03801,Fairy,48,59,49,58,47,111,29
3802,Mon-03802,Fire,66,78,35,62,99,77,122
3803,Mon-03803,Water,8,75,80,140,86,46,117
3804,Mon-03804,Electric,54,21,91,52,91,56,71
3805,Mon-03805,Normal,46,83,104,78,93,32,99
3806,Mon-03806,Poison,92,83,32,70,90,51,51
3807,Mon-03807,Electric,43,129,102,59,81,103,127
3808,Mon-03808,Normal,11,76,53,49,77,44,73
3809,Mon-03809,Grass,70,119,50,150,105,69,44
3810,Mon-03810,Grass,15,58,23,103,57,39,31
3811,Mon-03811,Grass,91,97,42,37,55,74,97
3812,Mon-03812,Ground,39,120,74,107,47,127,124
3813,Mon-03813,Psychic,79,37,40,102,112,104,96
3814,Mon-03814,Fighting,66,82,55,70,21,104,94
3815,Mon-03815,Grass,47,122,78,124,43,48,107
3816,Mon-03816,Grass,59,81,30,126,36,54,51
3817,Mon-03817,Poison,19,119,117,124,61,30,57
3818,Mon-03818,Fire,8,66,54,105,44,122,104
3819,Mon-03819,Water,77,118,104,80,76,126,91
3820,Mon-03820,Rock,96,89,91,51,128,57,47
3821,Mon-03821,Psychic,87,73,103,30,67,97,26
3822,Mon-03822,Water,31,43,52,140,127,43,103
3823,Mon-03823,Ghost,36,38,39,130,54,92,115
3824,Mon-03824,Normal,36,52,35,50,105,30,64
3825,Mon-03825,Ghost,71,103,45,126,35,56,112
3826,Mon-03826,Fairy,63,71,80,31,87,63,115
3827,Mon-03827,Grass,80,63,89,54,103,130,97
3828,Mon-03828,Ghost,95,71,103,43,94,71,129
3829,Mon-03829,Fighting,40,58,126,67,124,44,128
3830,Mon-03830,Normal,67,109,112,65,86,25,55
3831,Mon-03831,Poison,51,63,59,89,85,39,119
3832,Mon-03832,Fire,96,72,72,82,91,46,81
3833,Mon-03833,Grass,36,82,125,39,59,55,62
3834,Mon-03834,Psychic,19,91,98,43,44,35,46
3835,Mon-03835,Water,38,57,66,128,120,102,96
3836,Mon-03836,Psychic,62,28,112,94,128,62,108
3837,Mon-03837,Poison,96,96,35,141,123,46,42
3838,Mon-03838,Fairy,83,82,94,41,103,78,74
3839,Mon-03839,Psychic,2,91,125,63,44,54,118
3840,Mon-03840,Normal,51,80,78,44,46,95,129
3841,Mon-03841,Fire,16,76,88,141,54,78,68
3842,Mon-03842,Poison,37,125,26,45,77,123,118
3843,Mon-03843,Water,95,25,87,125,46,92,114
3844,Mon-03844,Fighting,99,30,52,49,107,60,50
3845,Mon-03845,Normal,16,123,130,116,29,36,70
3846,Mon-03846,Fire,15,118,55,82,121,31,33
3847,Mon-03847,Dark,70,65,54,147,70,92,20
3848,Mon-03848,Water,42,80,63,33,62,23,88
3849,Mon-03849,Psychic,44,69,97,65,69,62,20
3850,Mon-03850,Ground,88,130,125,116,73,22,55
3851,Mon-03851,Ground,93,70,58,140,81,58,39
3852,Mon-03852,Poison,91,104,43,92,54,118,48
3853,Mon-03853,Rock,79,60,104,37,53,28,46
3854,Mon-03854,Psychic,99,62,80,104,61,128,80
3855,Mon-03855,Electric,72,94,70,85,37,128,105
3856,Mon-03856,Poison,89,64,130,122,45,115,79
3857,Mon-03857,Rock,55,21,75,94,66,96,104
3858,Mon-03858,Fighting,6,39,88,138,23,39,79
3859,Mon-03859,Fairy,82,116,128,40,66,31,96
3860,Mon-03860,Dark,93,60,43,103,66,122,52
3861,Mon-03861,Water,32,31,120,117,20,60,56
3862,Mon-03862,Dark,43,124,126,76,72,69,37
3863,Mon-03863,Grass,58,130,72,84,93,28,77
3864,Mon-03864,Fire,66,75,57,112,106,26,40
3865,Mon-03865,Fairy,68,89,38,82,62,80,89
3866,Mon-03866,Rock,40,103,25,74,78,65,99
3867,Mon-03867,Dark,86,27,129,98,28,97,118
3868,Mon-03868,Fairy,82,52,67,126,56,112,71
3869,Mon-03869,Grass,95,82,94,41,93,26,130
3870,Mon-03870,Fairy,58,81,46,135,71,127,72
3871,Mon-03871,Ghost,8,56,55,50,125,122,99
3872,Mon-03872,Psychic,85,20,110,37,108,83,128
3873,Mon-03873,Normal,8,125,92,47,120,61,78
3874,Mon-03874,Electric,20,88,44,34,73,38,121
3875,Mon-03875,Psychic,29,103,20,144,28,46,83
3876,Mon-03876,Normal,19,68,111,61,81,97,27
3877,Mon-03877,Fighting,73,76,28,122,124,34,74
3878,Mon-03878,Rock,45,69,24,47,39,127,108
3879,Mon-03879,Fighting,22,67,53,91,126,36,91
3880,Mon-03880,Water,1,94,123,78,20,103,47
3881,Mon-03881,Dark,22,130,91,108,88,114,51
3882,Mon-03882,Grass,70,106,24,149,123,52,100
3883,Mon-03883,Fire,80,94,121,106,43,73,108
3884,Mon-03884,Poison,30,21,124,113,49,84,39
3885,Mon-03885,Rock,8,77,97,58,109,108,70
3886,Mon-03886,Normal,56,126,28,40,58,25,36
3887,Mon-03887,Psychic,79,64,21,35,92,45,52
3888,Mon-03888,Dark,8,80,116,62,32,36,124
3889,Mon-03889,Electric,80,56,111,94,94,55,23
3890,Mon-03890,Water,18,41,112,32,76,94,81
3891,Mon-03891,Grass,26,98,74,58,75,65,70
3892,Mon-03892,Poison,63,54,85,104,101,74,58
3893,Mon-03893,Water,6,85,39,135,69,70,119
3894,Mon-03894,Psychic,31,85,23,149,96,20,118
3895,Mon-03895,Ghost,14,114,44,54,67,30,22
3896,Mon-03896,Water,22,124,88,37,114,45,52
3897,Mon-03897,Ghost,78,81,64,97,81,24,46
3898,Mon-03898,Fire,23,25,88,143,51,111,27
3899,Mon-03899,Water,5,84,68,77,117,130,75
3900,Mon-03900,Fire,22,118,81,138,54,73,63
3901,Mon-03901,Fighting,9,72,125,118,124,93,64
3902,Mon-03902,Psychic,63,82,90,138,127,26,98
3903,Mon-03903,Ground,98,104,125,144,81,26,127
3904,Mon-03904,Ghost,17,68,127,38,70,87,93
3905,Mon-03905,Water,73,66,88,76,49,105,88
3906,Mon-03906,Psychic,37,73,130,31,112,123,72
3907,Mon-03907,Ground,8,114,47,30,49,60,64
3908,Mon-03908,Rock,69,74,77,84,87,66,76
3909,Mon-03909,Grass,21,56,28,108,109,108,49
3910,Mon-03910,Electric,52,86,30,136,40,35,78
3911,Mon-03911,Ground,51,96,34,41,39,125,62
3912,Mon-03912,Rock,60,121,34,29,126,53,61
3913,Mon-03913,Ground,14,119,65,38,129,22,116
3914,Mon-03914,Rock,26,106,99,141,56,107,29
3915,Mon-03915,Grass,74,105,129,108,45,127,110
3916,Mon-03916,Poison,94,69,128,85,91,73,37
3917,Mon-03917,Dark,2,58,39,37,84,38,62
3918,Mon-03918,Dark,42,82,68,71,48,36,100
3919,Mon-03919,Ground,89,98,67,41,43,52,121
3920,Mon-03920,Water,29,77,30,28,83,79,109
3921,Mon-03921,Poison,45,42,24,80,50,89,100
3922,Mon-03922,Electric,91,21,59,88,80,97,63
3923,Mon-03923,Ground,97,26,115,81,96,99,60
3924,Mon-03924,Water,66,67,62,134,48,46,56
3925,Mon-03925,Psychic,70,107,62,140,83,38,112
3926,Mon-03926,Fighting,62,107,130,40,129,125,87
3927,Mon-03927,Fire,29,109,61,59,79,35,27
3928,Mon-03928,Grass,89,98,96,88,35,76,22
3929,Mon-03929,Poison,4,22,128,75,101,51,33
3930,Mon-03930,Grass,6,118,33,79,69,101,83
3931,Mon-03931,Psychic,61,125,76,114,99,56,128
3932,Mon-03932,Ground,84,114,57,47,23,31,72
3933,Mon-03933,Psychic,82,69,33,129,98,55,47
3934,Mon-03934,Rock,68,43,25,58,95,31,69
3935,Mon-03935,Ghost,38,120,91,68,20,39,98
3936,Mon-03936,Normal,36,40,92,52,71,72,20
3937,Mon-03937,Psychic,43,107,82,104,72,127,92
3938,Mon-03938,Rock,26,127,94,112,82,42,124
3939,Mon-03939,Fire,42,119,99,103,88,108,123
3940,Mon-03940,Normal,11,77,26,87,97,77,39
3941,Mon-03941,Dark,32,112,23,63,121,128,128
3942,Mon-03942,Dark,95,112,57,111,104,77,32
3943,Mon-03943,Grass,71,128,83,39,54,31,72
3944,Mon-03944,Dark,15,59,120,64,127,65,62
3945,Mon-03945,Dark,29,89,128,110,73,28,94
3946,Mon-03946,Water,26,110,111,112,115,44,106
3947,Mon-03947,Poison,29,45,52,58,73,79,87
3948,Mon-03948,Rock,70,45,83,67,55,119,104
3949,Mon-03949,Rock,90,63,32,65,100,88,129
3950,Mon-03950,Dark,72,59,73,136,100,60,76
3951,Mon-03951,Rock,49,103,30,97,33,90,84
3952,Mon-03952,Psychic,17,123,130,39,28,47,80
3953,Mon-03953,Fairy,15,37,70,45,104,30,49
3954,Mon-03954,Ground,82,56,100,33,35,101,70
3955,Mon-03955,Ground,68,123,31,55,70,113,82
3956,Mon-03956,Fire,52,86,125,53,71,87,22
3957,Mon-03957,Dark,58,42,78,81,68,74,63
3958,Mon-03958,Grass,85,86,27,119,71,70,50
3959,Mon-03959,Fairy,82,117,60,135,125,60,93
3960,Mon-03960,Ground,9,61,43,95,76,127,63
3961,Mon-03961,Water,40,73,27,122,116,75,35
3962,Mon-03962,Fairy,5,88,23,107,72,116,81
3963,Mon-03963,Water,39,113,99,65,72,24,71
3964,Mon-03964,Dark,64,82,116,102,91,59,93
3965,Mon-03965,Rock,21,126,93,63,45,43,102
3966,Mon-03966,Psychic,16,103,97,63,125,32,129
3967,Mon-03967,Ground,50,66,24,149,123,130,88
3968,Mon-03968,Rock,53,74,39,139,39,25,76
3969,Mon-03969,Dark,72,97,23,107,36,81,51
3970,Mon-03970,Fire,2,27,128,99,59,44,94
3971,Mon-03971,Water,25,45,101,111,41,28,65
3972,Mon-03972,Ground,78,46,126,119,28,129,126
3973,Mon-03973,Poison,69,108,120,31,109,52,96
3974,Mon-03974,Normal,90,111,44,70,42,59,50
3975,Mon-03975,Fairy,82,111,76,38,60,40,124
3976,Mon-03976,Water,84,31,91,91,129,96,70
3977,Mon-03977,Poison,52,52,102,62,64,122,88
3978,Mon-03978,Fighting,96,54,94,66,24,57,100
3979,Mon-03979,Electric,42,22,70,131,47,109,92
3980,Mon-03980,Psychic,91,48,20,50,43,65,82
3981,Mon-03981,Normal,40,67,124,139,81,80,101
3982,Mon-03982,Rock,45,118,96,78,67,108,119
3983,Mon-03983,Ground,69,38,112,49,28,125,38
3984,Mon-03984,Fire,40,115,44,43,52,87,82
3985,Mon-03985,Electric,15,110,31,114,71,61,87
3986,Mon-03986,Fire,90,37,120,138,80,72,122
3987,Mon-03987,Dark,46,48,109,135,66,116,83
3988,Mon-03988,Normal,93,70,113,46,129,59,36
3989,Mon-03989,Ground,40,124,68,135,74,71,104
3990,Mon-03990,Psychic,98,107,120,53,98,106,109
3991,Mon-03991,Fire,61,127,44,82,83,114,113
3992,Mon-03992,Ghost,77,54,104,25,65,69,43
3993,Mon-03993,Fire,76,120,74,57,23,119,36
3994,Mon-03994,Normal,21,126,38,65,95,115,25
3995,Mon-03995,Normal,82,86,99,145,115,71,67
3996,Mon-03996,Poison,95,37,60,60,116,50,32
3997,Mon-03997,Fairy,67,49,37,59,108,39,104
3998,Mon-03998,Fairy,95,34,98,59,45,33,84
3999,Mon-03999,Grass,85,109,105,56,70,41,55
4000,Mon-04000,Ghost,67,54,55,93,99,27,52
4001,Mon-04001,Rock,48,97,127,50,101,52,69
4002,Mon-04002,Dark,86,49,98,61,88,130,35
4003,Mon-04003,Dark,19,128,22,92,25,44,66
4004,Mon-04004,Fire,57,105,57,120,101,62,89
4005,Mon-04005,Electric,82,61,128,38,82,63,71
4006,Mon-04006,Rock,95,72,39,68,29,77,74
4007,Mon-04007,Fairy,27,26,125,96,79,76,111
4008,Mon-04008,Grass,10,35,77,140,101,84,62
4009,Mon-04009,Fighting,34,130,94,143,123,29,33
4010,Mon-04010,Dark,87,110,96,134,107,55,79
4011,Mon-04011,Rock,53,113,76,88,49,120,39
4012,Mon-04012,Fairy,6,91,77,37,96,128,115
4013,Mon-04013,Fighting,12,44,82,146,94,20,37
4014,Mon-04014,Grass,34,31,91,103,41,89,100
4015,Mon-04015,Ghost,35,100,101,139,112,35,70
4016,Mon-04016,Fighting,14,56,68,141,37,79,74
4017,Mon-04017,Ground,50,20,68,124,103,20,118
4018,Mon-04018,Electric,48,22,106,77,101,103,111
4019,Mon-04019,Normal,20,81,104,101,126,129,39
4020,Mon-04020,Water,24,113,92,112,91,33,115
4021,Mon-04021,Fire,67,60,71,135,28,65,55
4022,Mon-04022,Fairy,96,130,83,53,129,41,61
4023,Mon-04023,Poison,100,62,83,94,62,41,112
4024,Mon-04024,Normal,56,101,68,100,70,108,36
4025,Mon-04025,Rock,4,47,39,51,116,33,65
4026,Mon-04026,Electric,90,87,79,75,45,33,32
4027,Mon-04027,Fire,96,50,69,141,93,61,82
4028,Mon-04028,Electric,28,106,25,27,105,54,90
4029,Mon-04029,Fire,41,70,126,88,78,128,84
4030,Mon-04030,Water,3,24,94,101,103,63,123
4031,Mon-04031,Normal,81,47,32,139,99,80,98
4032,Mon-04032,Fire,78,59,42,60,78,31,24
4033,Mon-04033,Grass,3,71,83,74,30,59,42
4034,Mon-04034,Psychic,71,49,115,35,102,42,75
4035,Mon-04035,Electric,42,84,73,67,107,60,70
4036,Mon-04036,Ghost,55,126,110,150,54,53,41
4037,Mon-04037,Fire,22,98,34,121,110,33,78
4038,Mon-04038,Water,82,54,78,78,43,81,78
4039,Mon-04039,Ghost,41,95,111,104,38,77,70
4040,Mon-04040,Normal,85,127,114,146,33,77,115
4041,Mon-04041,Ghost,15,46,46,80,81,67,62
4042,Mon-04042,Psychic,59,45,94,62,52,78,107
4043,Mon-04043,Rock,32,24,24,135,97,100,97
4044,Mon-04044,Electric,97,113,35,132,92,49,127
4045,Mon-04045,Electric,56,112,119,90,67,41,90
4046,Mon-04046,Ghost,72,65,102,26,48,95,73
4047,Mon-04047,Grass,9,116,42,26,121,35,20
4048,Mon-04048,Normal,68,92,130,39,118,59,93
4049,Mon-04049,Psychic,11,128,130,112,58,84,78
4050,Mon-04050,Electric,37,122,24,47,47,84,119
4051,Mon-04051,Fairy,23,126,22,32,109,102,86
4052,Mon-04052,Fairy,1,63,47,110,95,72,97
4053,Mon-04053,Normal,59,90,108,85,70,75,121
4054,Mon-04054,Dark,25,38,86,91,78,24,127
4055,Mon-04055,Fire,52,119,76,49,100,107,44
4056,Mon-04056,Ghost,77,55,66,52,43,46,47
4057,Mon-04057,Grass,18,69,73,55,130,113,107
4058,Mon-04058,Ghost,71,85,90,106,81,91,34
4059,Mon-04059,Electric,30,107,27,148,34,121,110
4060,Mon-04060,Fairy,34,101,85,140,125,117,36
4061,Mon-04061,Ghost,58,126,44,39,130,61,60
4062,Mon-04062,Fairy,63,99,107,110,124,63,114
4063,Mon-04063,Ghost,66,108,41,120,97,120,35
4064,Mon-04064,Dark,20,83,27,30,52,118,25
4065,Mon-04065,Fighting,58,66,68,105,78,98,104
4066,Mon-04066,Grass,27,121,68,81,79,122,109
4067,Mon-04067,Fairy,28,61,77,49,76,89,103
4068,Mon-04068,Poison,95,88,115,124,36,22,71
4069,Mon-04069,Rock,11,52,97,142,54,81,104
4070,Mon-04070,Water,42,73,60,100,72,61,96
4071,Mon-04071,Psychic,44,60,100,50,78,22,61
4072,Mon-04072,Fire,25,48,75,79,55,81,102
4073,Mon-04073,Grass,79,111,44,89,101,82,41
4074,Mon-04074,Normal,49,105,22,138,123,101,67
4075,Mon-04075,Rock,72,97,20,124,71,106,111
4076,Mon-04076,Dark,39,29,44,109,90,55,36
4077,Mon-04077,Fairy,90,47,110,121,41,129,66
4078,Mon-04078,Poison,73,44,71,112,40,69,88
4079,Mon-04079,Ghost,34,98,70,65,28,68,86
4080,Mon-04080,Dark,97,119,64,41,130,40,126
4081,Mon-04081,Fire,87,62,48,130,53,129,93
4082,Mon-04082,Fire,60,56,99,94,97,63,22
4083,Mon-04083,Fighting,2,81,21,146,89,38,130
4084,Mon-04084,Fighting,60,129,87,110,34,113,45
4085,Mon-04085,Ground,70,61,123,84,38,126,85
4086,Mon-04086,Fairy,37,50,117,106,108,43,117
4087,Mon-04087,Grass,15,77,60,107,108,85,87
4088,Mon-04088,Ground,57,121,114,148,81,120,27
4089,Mon-04089,Psychic,81,101,46,70,58,93,58
4090,Mon-04090,Electric,32,77,46,72,64,68,21
4091,Mon-04091,Dark,46,101,58,69,107,83,66
4092,Mon-04092,Poison,1,21,21,38,41,31,117
4093,Mon-04093,Electric,71,103,49,84,29,129,48
4094,Mon-04094,Fighting,87,30,114,81,50,76,105
4095,Mon-04095,Fighting,78,63,104,49,41,24,24
4096,Mon-04096,Rock,43,58,56,127,38,57,48
4097,Mon-04097,Normal,5,96,54,111,71,65,83
4098,Mon-04098,Electric,50,46,58,55,109,130,127
4099,Mon-04099,Ground,95,46,33,45,96,117,88
4100,Mon-04100,Ground,9,118,37,102,50,53,99
4101,Mon-04101,Ground,22,72,130,25,67,38,105
4102,Mon-04102,Dark,84,102,96,44,72,24,33
4103,Mon-04103,Grass,57,84,95,80,63,83,126
4104,Mon-04104,Fairy,18,88,51,149,127,69,71
4105,Mon-04105,Ghost,3,96,115,34,125,78,54
4106,Mon-04106,Ground,42,94,39,91,130,50,116
4107,Mon-04107,Psychic,60,121,127,95,66,109,74
4108,Mon-04108,Rock,85,107,75,56,107,77,94
4109,Mon-04109,Fire,89,53,56,90,101,121,61
4110,Mon-04110,Fighting,46,38,103,104,108,46,85
4111,Mon-04111,Fairy,43,113,66,42,37,48,36
4112,Mon-04112,Fire,94,61,49,145,124,85,66
4113,Mon-04113,Ground,78,54,95,55,124,96,70
4114,Mon-04114,Water,21,32,100,71,108,52,47
4115,Mon-04115,Grass,69,81,86,28,83,80,121
4116,Mon-04116,Fire,72,76,71,99,70,76,88
4117,Mon-04117,Ghost,24,111,56,99,47,93,116
4118,Mon-04118,Fire,98,103,64,39,26,90,37
4119,Mon-04119,Fighting,30,100,117,61,126,42,67
4120,Mon-04120,Rock,55,79,59,121,43,32,109
4121,Mon-04121,Fairy,50,115,127,114,57,50,38
4122,Mon-04122,Grass,70,129,36,63,69,34,43
4123,Mon-04123,Rock,91,110,38,104,95,81,122
4124,Mon-04124,Fire,40,58,56,119,49,76,33
4125,Mon-04125,Ground,39,50,20,72,43,20,70
4126,Mon-04126,Electric,76,20,117,47,56,111,27
4127,Mon-04127,Rock,96,130,57,27,56,99,57
4128,Mon-04128,Grass,91,101,31,145,26,71,110
4129,Mon-04129,Fire,76,124,88,65,63,37,60
4130,Mon-04130,Water,71,107,126,126,81,37,71
4131,Mon-04131,Grass,77,67,130,65,69,123,121
4132,Mon-04132,Dark,94,36,31,114,59,46,64
4133,Mon-04133,Ground,2,25,108,66,121,115,86
4134,Mon-04134,Ground,59,107,60,101,48,93,77
4135,Mon-04135,Electric,4,53,112,145,113,89,99
4136,Mon-04136,Fighting,58,62,87,119,87,112,85
4137,Mon-04137,Rock,40,112,101,45,92,118,112
4138,Mon-04138,Grass,31,73,113,90,50,50,117
4139,Mon-04139,Fire,90,125,119,59,127,129,129
4140,Mon-04140,Psychic,71,80,35,52,72,34,58
4141,Mon-04141,Ghost,57,112,100,129,76,106,39
4142,Mon-04142,Grass,89,33,35,148,47,62,40
4143,Mon-04143,Ground,10,64,124,141,73,89,107
4144,Mon-04144,Dark,65,40,89,130,95,112,116
4145,Mon-04145,Rock,16,26,41,84,124,69,46
4146,Mon-04146,Ground,24,130,52,91,114,29,73
4147,Mon-04147,Ground,19,77,119,93,37,110,22
4148,Mon-04148,Ground,55,59,91,117,29,34,84
4149,Mon-04149,Electric,63,61,45,31,125,98,97
4150,Mon-04150,Poison,76,46,111,129,111,68,37
4151,Mon-04151,Rock,45,33,99,126,36,72,122
4152,Mon-04152,Dark,94,121,28,150,114,49,115
4153,Mon-04153,Poison,38,31,51,99,104,75,126
4154,Mon-04154,Water,16,62,113,82,127,40,124
4155,Mon-04155,Ghost,4,36,58,85,37,45,29
4156,Mon-04156,Fire,13,123,24,103,111,72,69
4157,Mon-04157,Electric,45,42,87,63,60,107,67
4158,Mon-04158,Ghost,42,63,119,122,81,77,22
4159,Mon-04159,Poison,86,103,81,80,48,117,123
4160,Mon-04160,Poison,13,83,128,60,27,50,23
4161,Mon-04161,Ghost,27,62,32,117,97,21,97
4162,Mon-04162,Fairy,99,82,94,67,28,54,53
4163,Mon-04163,Rock,3,68,92,35,71,32,86
4164,Mon-04164,Poison,43,52,129,90,41,78,74
4165,Mon-04165,Ground,20,86,77,88,122,130,44
4166,Mon-04166,Water,54,60,111,61,69,74,68
4167,Mon-04167,Water,98,126,36,29,40,39,98
4168,Mon-04168,Dark,23,71,24,84,126,84,83
4169,Mon-04169,Electric,38,103,99,122,96,101,44
4170,Mon-04170,Water,45,46,20,125,39,116,48
4171,Mon-04171,Grass,80,91,117,51,59,73,97
4172,Mon-04172,Ghost,99,82,22,79,79,67,43
4173,Mon-04173,Ghost,10,102,96,138,106,77,86
4174,Mon-04174,Psychic,49,71,70,68,130,43,128
4175,Mon-04175,Water,76,99,91,84,113,32,83
4176,Mon-04176,Dark,1,26,89,110,21,105,51
4177,Mon-04177,Normal,81,96,69,82,72,35,94
4178,Mon-04178,Rock,25,103,73,131,25,96,125
4179,Mon-04179,Water,52,75,75,70,53,84,92
4180,Mon-04180,Rock,98,23,95,87,49,72,83
4181,Mon-04181,Normal,64,82,98,90,49,61,88
4182,Mon-04182,Fairy,99,106,69,118,44,129,27
4183,Mon-04183,Electric,61,71,59,67,64,108,22
4184,Mon-04184,Rock,22,30,24,59,75,38,86
4185,Mon-04185,Fairy,70,63,106,70,125,127,73
4186,Mon-04186,Ghost,62,130,45,54,66,34,129
4187,Mon-04187,Fairy,32,50,68,49,22,110,72
4188,Mon-04188,Electric,8,78,130,128,84,67,113
4189,Mon-04189,Dark,65,59,107,68,53,65,93
4190,Mon-04190,Ghost,58,99,58,59,36,75,53
4191,Mon-04191,Rock,78,67,72,127,94,73,115
4192,Mon-04192,Normal,13,62,56,124,96,33,30
4193,Mon-04193,Fairy,54,84,89,55,58,37,97
4194,Mon-04194,Fire,82,83,36,63,43,101,71
4195,Mon-04195,Poison,90,75,125,128,74,97,100
4196,Mon-04196,Grass,94,48,129,60,70,63,30
4197,Mon-04197,Psychic,22,31,53,133,127,69,42
4198,Mon-04198,Electric,18,96,45,102,23,62,53
4199,Mon-04199,Water,58,57,79,108,39,115,82
4200,Mon-04200,Grass,47,88,91,92,108,27,121
4201,Mon-04201,Poison,24,61,91,28,125,92,120
4202,Mon-04202,Ghost,11,114,24,128,89,54,92
4203,Mon-04203,Fairy,15,98,98,95,55,38,32
4204,Mon-04204,Dark,34,64,27,46,43,37,106
4205,Mon-04205,Grass,74,56,57,129,113,65,114
4206,Mon-04206,Psychic,7,103,99,61,86,36,80
4207,Mon-04207,Rock,11,20,118,71,65,95,27
4208,Mon-04208,Psychic,27,26,90,105,68,56,38
4209,Mon-04209,Fire,88,29,37,60,36,115,109
4210,Mon-04210,Ground,100,58,95,25,111,36,36
4211,Mon-04211,Electric,45,75,24,65,25,58,57
4212,Mon-04212,Normal,5,52,45,111,129,62,104
4213,Mon-04213,Dark,2,40,33,78,38,94,36
4214,Mon-04214,Fairy,86,54,129,114,33,52,67
4215,Mon-04215,Fire,45,74,60,33,28,39,95
4216,Mon-04216,Electric,8,53,81,57,74,65,75
4217,Mon-04217,Fighting,84,83,107,54,26,120,117
4218,Mon-04218,Poison,53,62,127,33,48,110,39
4219,Mon-04219,Ground,35,123,130,106,108,83,83
4220,Mon-04220,Water,46,130,38,51,103,130,60
4221,Mon-04221,Psychic,23,92,63,84,58,105,82
4222,Mon-04222,Fire,94,81,64,149,23,104,34
4223,Mon-04223,Dark,79,23,108,56,37,64,96
4224,Mon-04224,Ghost,20,89,57,49,80,75,42
4225,Mon-04225,Dark,74,62,45,142,71,124,109
4226,Mon-04226,Normal,18,52,103,70,115,122,118
4227,Mon-04227,Ground,46,108,74,62,73,99,57
4228,Mon-04228,Rock,75,24,102,115,63,30,99
4229,Mon-04229,Fairy,4,48,62,41,89,37,80
4230,Mon-04230,Rock,73,105,74,72,113,70,114
4231,Mon-04231,Water,23,122,21,50,110,81,122
4232,Mon-04232,Fire,70,77,21,137,36,89,117
4233,Mon-04233,Rock,50,78,20,62,66,50,48
4234,Mon-04234,Fighting,3,127,39,96,121,106,85
4235,Mon-04235,Rock,77,30,58,90,109,112,30
4236,Mon-04236,Fighting,26,73,25,87,107,43,53
4237,Mon-04237,Water,96,46,37,33,32,106,60
4238,Mon-04238,Ghost,84,72,114,58,63,36,74
4239,Mon-04239,Psychic,20,120,114,132,112,74,112
4240,Mon-04240,Fairy,61,86,52,94,34,117,22
4241,Mon-04241,Grass,37,130,125,135,99,53,74
4242,Mon-04242,Grass,61,76,33,95,77,96,110
4243,Mon-04243,Ground,56,115,23,65,100,114,45
4244,Mon-04244,Psychic,30,38,59,68,94,74,109
4245,Mon-04245,Electric,66,55,49,122,30,114,28
4246,Mon-04246,Electric,27,50,28,54,34,90,76
4247,Mon-04247,Grass,91,105,114,100,57,76,129
4248,Mon-04248,Ground,95,76,128,142,123,33,61
4249,Mon-04249,Fire,17,44,50,131,123,99,91
4250,Mon-04250,Dark,73,39,54,73,104,54,39
4251,Mon-04251,Electric,93,62,99,59,46,51,66
4252,Mon-04252,Fairy,13,37,123,103,125,122,28
4253,Mon-04253,Electric,74,97,51,101,99,58,32
4254,Mon-04254,Fighting,94,114,95,116,53,59,56
4255,Mon-04255,Grass,23,127,22,34,98,124,128
4256,Mon-04256,Fairy,59,46,82,93,68,52,124
4257,Mon-04257,Electric,80,68,129,26,73,101,26
4258,Mon-04258,Electric,34,75,72,149,46,77,27
4259,Mon-04259,Water,24,75,91,135,91,28,96
4260,Mon-04260,Poison,40,70,96,118,50,84,125
4261,Mon-04261,Fairy,34,44,90,62,122,70,76
4262,Mon-04262,Ghost,73,32,96,119,36,100,78
4263,Mon-04263,Ghost,38,64,118,81,47,63,86
4264,Mon-04264,Ground,38,30,21,106,33,46,68
4265,Mon-04265,Fairy,95,26,118,54,46,45,102
4266,Mon-04266,Fairy,58,78,120,84,94,78,33
4267,Mon-04267,Fairy,93,115,120,135,124,130,26
4268,Mon-04268,Fairy,72,80,60,48,37,70,27
4269,Mon-04269,Fire,89,22,84,73,44,35,44
4270,Mon-04270,Psychic,20,113,59,61,34,111,80
4271,Mon-04271,Grass,94,95,113,47,109,54,49
4272,Mon-04272,Water,95,53,65,75,79,67,86
4273,Mon-04273,Water,5,50,54,101,60,114,22
4274,Mon-04274,Electric,36,119,96,31,98,32,68
4275,Mon-04275,Dark,42,72,25,50,29,34,36
4276,Mon-04276,Psychic,42,35,61,127,106,42,51
4277,Mon-04277,Ground,78,51,42,57,30,61,91
4278,Mon-04278,Fairy,70,49,61,67,84,115,21
4279,Mon-04279,Ground,22,64,69,109,23,90,105
4280,Mon-04280,Grass,61,58,27,119,42,106,49
4281,Mon-04281,Rock,98,80,115,145,89,57,115
4282,Mon-04282,Fighting,45,55,66,45,83,65,99
4283,Mon-04283,Rock,93,91,59,120,69,65,120
4284,Mon-04284,Ground,65,74,36,116,89,32,87
4285,Mon-04285,Fairy,93,124,130,40,112,81,65
4286,Mon-04286,Grass,91,111,114,135,48,56,37
4287,Mon-04287,Fighting,2,56,73,64,127,125,28
4288,Mon-04288,Grass,81,24,57,78,36,96,108
4289,Mon-04289,Dark,19,84,71,125,128,116,91
4290,Mon-04290,Dark,83,57,126,91,122,41,36
4291,Mon-04291,Fighting,81,120,44,59,67,32,30
4292,Mon-04292,Rock,26,65,95,65,30,68,108
4293,Mon-04293,Poison,7,52,120,118,65,83,26
4294,Mon-04294,Water,42,57,103,48,50,82,76
4295,Mon-04295,Ghost,31,116,116,84,84,92,56
4296,Mon-04296,Fire,56,32,125,119,45,112,99
4297,Mon-04297,Dark,9,126,26,136,27,56,26
4298,Mon-04298,Dark,5,45,46,129,119,52,29
4299,Mon-04299,Fighting,44,114,36,70,116,49,35
4300,Mon-04300,Dark,77,80,82,50,75,60,102
4301,Mon-04301,Fairy,32,83,65,142,114,86,99
4302,Mon-04302,Grass,33,42,24,100,126,109,100
4303,Mon-04303,Ground,17,100,81,76,122,66,83
4304,Mon-04304,Rock,29,91,31,138,111,66,39
4305,Mon-04305,Fire,30,73,65,116,24,120,45
4306,Mon-04306,Ground,26,70,60,85,103,58,35
4307,Mon-04307,Ground,35,86,119,49,121,38,33
4308,Mon-04308,Ghost,29,72,95,35,39,58,103
4309,Mon-04309,Fighting,69,128,89,91,27,24,70
4310,Mon-04310,Grass,34,24,112,39,58,60,66
4311,Mon-04311,Fire,76,47,40,64,111,119,36
4312,Mon-04312,Electric,61,114,48,110,111,109,91
4313,Mon-04313,Normal,65,107,103,26,84,119,112
4314,Mon-04314,Fire,59,58,103,149,129,53,21
4315,Mon-04315,Grass,93,76,22,80,38,66,123
4316,Mon-04316,Normal,26,22,44,134,117,114,40
4317,Mon-04317,Fighting,99,39,45,46,116,103,121
4318,Mon-04318,Dark,21,124,20,83,125,40,102
4319,Mon-04319,Fighting,14,91,93,145,52,113,118
4320,Mon-04320,Fighting,83,24,26,104,91,31,42
4321,Mon-04321,Psychic,90,107,113,126,50,48,82
4322,Mon-04322,Rock,10,64,84,111,73,79,28
4323,Mon-04323,Poison,60,83,104,118,126,92,69
4324,Mon-04324,Fairy,52,115,75,70,77,108,39
4325,Mon-04325,Fire,23,112,127,82,105,101,27
4326,Mon-04326,Dark,53,35,50,31,70,51,112
4327,Mon-04327,Electric,69,60,81,57,20,59,103
4328,Mon-04328,Ground,58,50,20,33,37,100,58
4329,Mon-04329,Ghost,52,121,112,65,94,125,65
4330,Mon-04330,Poison,89,106,83,116,53,116,78
4331,Mon-04331,Grass,23,91,39,50,54,127,87
4332,Mon-04332,Normal,63,26,110,85,30,94,84
4333,Mon-04333,Ghost,32,109,129,94,111,74,53
4334,Mon-04334,Rock,98,82,27,45,29,105,61
4335,Mon-04335,Electric,26,50,113,127,79,28,129
4336,Mon-04336,Ground,88,69,101,122,54,123,30
4337,Mon-04337,Ghost,64,69,59,48,120,122,64
4338,Mon-04338,Poison,22,52,90,29,93,76,48
4339,Mon-04339,Ghost,76,120,107,25,27,78,47
4340,Mon-04340,Grass,25,121,73,61,88,78,37
4341,Mon-04341,Poison,27,25,93,40,38,35,30
4342,Mon-04342,Water,35,123,25,27,82,42,120
4343,Mon-04343,Electric,69,64,122,83,47,101,116
4344,Mon-04344,Poison,40,108,122,91,103,23,102
4345,Mon-04345,Poison,57,106,43,27,72,96,122
4346,Mon-04346,Poison,56,86,72,100,66,53,111
4347,Mon-04347,Ghost,20,102,46,75,117,35,34
4348,Mon-04348,Dark,24,95,64,50,69,86,110
4349,Mon-04349,Fairy,31,114,50,39,46,50,109
4350,Mon-04350,Dark,23,67,115,120,77,69,20
4351,Mon-04351,Rock,92,102,97,38,109,115,117
4352,Mon-04352,Grass,39,128,113,50,27,97,103
4353,Mon-04353,Ghost,41,125,108,114,51,127,130
4354,Mon-04354,Rock,68,36,100,104,84,64,73
4355,Mon-04355,Electric,79,75,38,150,46,64,102
4356,Mon-04356,Fairy,69,76,112,30,103,96,105
4357,Mon-04357,Rock,56,89,106,49,26,34,93
4358,Mon-04358,Grass,98,91,33,108,49,115,126
4359,Mon-04359,Fire,90,114,29,53,85,59,35
4360,Mon-04360,Dark,21,79,104,73,114,72,59
4361,Mon-04361,Fairy,17,97,63,62,59,76,30
4362,Mon-04362,Psychic,40,119,56,126,49,27,87
4363,Mon-04363,Psychic,84,31,64,123,122,53,22
4364,Mon-04364,Psychic,97,91,116,126,76,35,53
4365,Mon-04365,Ghost,71,60,60,88,42,87,102
4366,Mon-04366,Rock,70,120,61,86,117,98,119
4367,Mon-04367,Fighting,24,81,64,96,23,20,44
4368,Mon-04368,Ground,60,86,26,33,101,20,48
4369,Mon-04369,Electric,19,103,24,93,120,110,22
4370,Mon-04370,Normal,54,46,65,59,83,57,58
4371,Mon-04371,Ground,20,80,21,143,121,113,98
4372,Mon-04372,Grass,8,105,104,48,89,93,118
4373,Mon-04373,Fighting,97,106,67,29,86,106,66
4374,Mon-04374,Rock,90,45,75,146,32,62,31
4375,Mon-04375,Ground,69,112,57,44,39,53,55
4376,Mon-04376,Psychic,63,38,104,90,97,100,74
4377,Mon-04377,Fighting,24,49,67,73,95,90,87
4378,Mon-04378,Water,58,115,23,58,87,83,84
4379,Mon-04379,Fire,75,88,74,86,43,60,108
4380,Mon-04380,Ground,54,80,39,117,29,88,84
4381,Mon-04381,Rock,29,81,86,39,29,63,64
4382,Mon-04382,Psychic,40,127,82,108,33,118,33
4383,Mon-04383,Water,85,45,72,137,44,98,123
4384,Mon-04384,Water,26,53,62,61,127,64,24
4385,Mon-04385,Fighting,97,74,86,110,106,113,56
4386,Mon-04386,Electric,76,113,95,140,39,27,66
4387,Mon-04387,Psychic,90,80,117,142,54,112,118
4388,Mon-04388,Fairy,51,100,126,106,119,66,70
4389,Mon-04389,Electric,23,110,29,143,69,45,65
4390,Mon-04390,Water,4,119,93,122,50,112,124
4391,Mon-04391,Ground,54,71,29,89,56,93,60
4392,Mon-04392,Ground,40,70,66,40,63,28,103
4393,Mon-04393,Fire,12,28,102,132,80,49,23
4394,Mon-04394,Fairy,93,28,80,61,81,70,86
4395,Mon-04395,Psychic,98,74,109,117,79,89,100
4396,Mon-04396,Fairy,38,103,121,106,89,109,43
4397,Mon-04397,Dark,67,113,128,70,52,60,104
4398,Mon-04398,Electric,42,65,94,122,75,109,120
4399,Mon-04399,Grass,50,83,94,107,112,107,25
4400,Mon-04400,Fairy,63,110,109,118,58,61,41
4401,Mon-04401,Psychic,42,55,45,145,129,124,36
4402,Mon-04402,Water,81,37,53,59,75,124,125
4403,Mon-04403,Fighting,19,122,57,121,61,52,52
4404,Mon-04404,Grass,67,80,102,30,97,81,124
4405,Mon-04405,Grass,99,37,58,114,63,116,62
4406,Mon-04406,Rock,86,47,35,44,64,79,128
4407,Mon-04407,Rock,5,56,108,52,61,102,82
4408,Mon-04408,Electric,12,42,103,49,80,108,51
4409,Mon-04409,Electric,63,68,85,129,24,82,76
4410,Mon-04410,Grass,93,110,117,72,62,59,35
4411,Mon-04411,Normal,85,101,107,74,105,78,42
4412,Mon-04412,Fairy,91,121,119,70,56,112,89
4413,Mon-04413,Fire,15,112,48,103,79,55,103
4414,Mon-04414,Ghost,52,54,32,140,53,113,66
4415,Mon-04415,Ground,73,26,57,110,124,42,114
4416,Mon-04416,Electric,63,36,112,37,44,71,63
4417,Mon-04417,Poison,78,107,122,89,106,29,61
4418,Mon-04418,Electric,22,57,32,38,104,114,81
4419,Mon-04419,Water,46,99,114,45,65,99,63
4420,Mon-04420,Electric,45,70,73,49,129,33,96
4421,Mon-04421,Fairy,94,119,110,112,129,44,120
4422,Mon-04422,Fire,21,76,95,135,23,78,56
4423,Mon-04423,Psychic,33,119,26,56,83,74,74
4424,Mon-04424,Fairy,3,47,73,143,41,32,57
4425,Mon-04425,Dark,16,106,29,58,130,118,85
4426,Mon-04426,Rock,99,78,57,63,127,71,87
4427,Mon-04427,Ghost,85,41,104,40,66,94,70
4428,Mon-04428,Rock,26,45,95,30,57,103,27
4429,Mon-04429,Water,71,54,98,103,110,38,122
4430,Mon-04430,Dark,60,37,93,76,63,57,97
4431,Mon-04431,Fire,91,123,21,39,101,101,100
4432,Mon-04432,Dark,31,43,84,96,93,105,108
4433,Mon-04433,Ground,100,86,73,68,51,43,22
4434,Mon-04434,Dark,38,83,78,74,59,55,117
4435,Mon-04435,Ghost,72,79,43,137,123,106,29
4436,Mon-04436,Fairy,40,89,98,75,74,58,103
4437,Mon-04437,Poison,68,121,87,82,66,28,125
4438,Mon-04438,Electric,34,127,64,111,119,75,76
4439,Mon-04439,Rock,85,117,26,137,83,35,99
4440,Mon-04440,Fighting,64,71,27,118,82,85,116
4441,Mon-04441,Poison,29,100,59,87,63,123,82
4442,Mon-04442,Poison,97,40,79,63,94,31,74
4443,Mon-04443,Fire,71,117,130,47,24,51,109
4444,Mon-04444,Poison,43,41,100,40,44,82,107
4445,Mon-04445,Fire,14,32,73,120,111,36,29
4446,Mon-04446,Psychic,98,111,53,117,49,79,27
4447,Mon-04447,Ground,76,104,38,69,129,43,99
4448,Mon-04448,Normal,67,35,35,143,118,90,98
4449,Mon-04449,Ground,84,127,27,146,62,60,110
4450,Mon-04450,Fairy,61,32,121,103,121,122,29
4451,Mon-04451,Fairy,24,25,21,58,99,112,37
4452,Mon-04452,Fairy,24,126,115,88,109,130,23
4453,Mon-04453,Fairy,8,44,84,128,72,36,51
4454,Mon-04454,Normal,7,46,88,88,33,125,75
4455,Mon-04455,Ghost,73,108,126,87,80,21,60
4456,Mon-04456,Dark,86,87,107,92,110,44,33
4457,Mon-04457,Ghost,17,77,36,131,30,116,81
4458,Mon-04458,Fairy,58,129,127,76,22,115,56
4459,Mon-04459,Water,13,29,39,48,111,53,51
4460,Mon-04460,Psychic,42,122,83,89,86,113,105
4461,Mon-04461,Poison,80,49,91,104,77,28,55
4462,Mon-04462,Poison,82,89,47,142,94,57,81
4463,Mon-04463,Electric,95,55,89,39,95,23,27
4464,Mon-04464,Rock,32,52,90,143,67,77,101
4465,Mon-04465,Dark,95,55,128,126,87,119,80
4466,Mon-04466,Psychic,79,82,121,114,73,88,106
4467,Mon-04467,Grass,34,117,64,54,42,78,53
4468,Mon-04468,Psychic,33,32,96,51,102,41,73
4469,Mon-04469,Grass,11,93,111,78,61,87,67
4470,Mon-04470,Fire,93,115,22,48,119,55,129
4471,Mon-04471,Normal,21,101,96,107,64,88,31
4472,Mon-04472,Fire,27,128,121,119,41,34,42
4473,Mon-04473,Fairy,42,21,33,85,111,77,127
4474,Mon-04474,Psychic,14,60,103,112,35,75,29
4475,Mon-04475,Normal,81,67,26,123,129,105,50
4476,Mon-04476,Ghost,70,79,64,140,89,120,55
4477,Mon-04477,Fire,16,55,110,111,73,120,107
4478,Mon-04478,Fighting,17,48,129,54,45,57,104
4479,Mon-04479,Ground,3,114,100,41,42,91,116
4480,Mon-04480,Poison,95,45,100,143,41,92,30
4481,Mon-04481,Dark,44,125,48,122,112,113,43
4482,Mon-04482,Ghost,66,24,111,132,42,109,71
4483,Mon-04483,Poison,15,66,93,78,23,21,101
4484,Mon-04484,Rock,24,87,124,44,41,108,83
4485,Mon-04485,Fire,55,128,86,100,87,73,77
4486,Mon-04486,Poison,21,104,24,105,72,125,109
4487,Mon-04487,Fairy,62,21,76,52,61,87,41
4488,Mon-04488,Ground,93,103,105,84,127,62,113
4489,Mon-04489,Fairy,31,56,107,78,58,42,93
4490,Mon-04490,Poison,61,115,62,57,111,125,46
4491,Mon-04491,Rock,92,106,38,127,33,37,68
4492,Mon-04492,Rock,90,41,116,86,80,30,50
4493,Mon-04493,Electric,1,59,111,141,34,35,54
4494,Mon-04494,Fighting,12,111,117,25,29,81,95
4495,Mon-04495,Grass,99,122,94,143,95,51,53
4496,Mon-04496,Rock,93,87,111,108,94,84,115
4497,Mon-04497,Fairy,33,44,64,113,83,111,30
4498,Mon-04498,Psychic,53,63,106,61,70,52,38
4499,Mon-04499,Electric,58,108,74,34,50,23,121
4500,Mon-04500,Normal,67,86,108,54,106,59,100
4501,Mon-04501,Ghost,76,42,36,80,41,86,68
4502,Mon-04502,Water,38,51,52,67,74,100,46
4503,Mon-04503,Water,89,41,43,49,124,27,48
4504,Mon-04504,Dark,6,72,65,26,94,117,40
4505,Mon-04505,Electric,4,69,110,112,113,85,119
4506,Mon-04506,Electric,96,80,32,109,42,73,57
4507,Mon-04507,Normal,18,124,101,45,22,47,123
4508,Mon-04508,Fairy,100,92,112,123,112,126,108
4509,Mon-04509,Ghost,29,84,94,148,82,37,59
4510,Mon-04510,Electric,37,60,91,150,106,69,102
4511,Mon-04511,Fairy,3,90,35,49,113,71,72
4512,Mon-04512,Dark,95,126,88,78,61,80,73
4513,Mon-04513,Rock,36,21,45,31,32,45,105
4514,Mon-04514,Ground,17,58,47,26,126,124,99
4515,Mon-04515,Fighting,49,26,115,131,53,61,44
4516,Mon-04516,Grass,16,42,88,146,37,99,65
4517,Mon-04517,Fairy,79,27,130,50,83,90,123
4518,Mon-04518,Electric,8,85,70,83,22,42,43
4519,Mon-04519,Psychic,50,110,59,28,26,123,99
4520,Mon-04520,Electric,40,124,130,127,104,71,113
4521,Mon-04521,Ground,4,46,89,94,29,88,86
4522,Mon-04522,Electric,6,97,115,61,86,91,25
4523,Mon-04523,Rock,52,56,24,147,70,76,114
4524,Mon-04524,Fire,40,55,78,42,32,90,120
4525,Mon-04525,Poison,13,87,110,58,124,81,91
4526,Mon-04526,Poison,14,95,109,119,37,102,107
4527,Mon-04527,Fighting,81,84,99,76,92,72,24
4528,Mon-04528,Fairy,74,31,38,113,34,110,100
4529,Mon-04529,Grass,61,65,80,54,85,82,109
4530,Mon-04530,Dark,84,51,31,107,38,130,83
4531,Mon-04531,Ghost,7,20,109,95,118,83,78
4532,Mon-04532,Ground,69,24,90,30,71,85,109
4533,Mon-04533,Dark,76,69,41,65,20,74,93
4534,Mon-04534,Psychic,21,31,100,62,25,64,23
4535,Mon-04535,Ground,54,102,99,99,80,107,40
4536,Mon-04536,Fighting,77,26,25,80,77,90,85
4537,Mon-04537,Ghost,61,46,29,85,56,63,87
4538,Mon-04538,Grass,25,129,42,46,87,109,48
4539,Mon-04539,Fire,67,98,27,142,108,32,35
4540,Mon-04540,Ghost,76,81,79,119,100,26,90
4541,Mon-04541,Psychic,1,21,117,109,103,91,54
4542,Mon-04542,Grass,57,24,26,59,125,70,94
4543,Mon-04543,Fire,51,120,88,111,42,108,93
4544,Mon-04544,Dark,37,108,67,54,29,93,43
4545,Mon-04545,Dark,5,125,112,86,33,106,105
4546,Mon-04546,Grass,9,109,73,58,23,49,37
4547,Mon-04547,Rock,76,20,94,63,52,47,64
4548,Mon-04548,Fire,83,109,122,106,35,47,85
4549,Mon-04549,Dark,42,70,35,64,122,91,118
4550,Mon-04550,Fighting,94,96,55,116,57,94,124
4551,Mon-04551,Poison,93,65,49,88,44,130,97
4552,Mon-04552,Psychic,67,100,38,148,78,44,93
4553,Mon-04553,Normal,59,113,91,49,67,31,75
4554,Mon-04554,Ground,97,128,20,144,20,126,73
4555,Mon-04555,Psychic,61,80,62,41,126,78,81
4556,Mon-04556,Ghost,94,50,33,94,96,60,123
4557,Mon-04557,Dark,98,87,88,71,111,53,92
4558,Mon-04558,Psychic,20,75,103,119,126,118,110
4559,Mon-04559,Fighting,67,42,71,41,118,107,81
4560,Mon-04560,Rock,74,100,69,57,47,39,101
4561,Mon-04561,Poison,83,28,69,54,104,56,114
4562,Mon-04562,Grass,35,64,42,141,20,116,68
4563,Mon-04563,Grass,87,96,61,92,60,101,91
4564,Mon-04564,Fire,49,122,123,45,103,110,74
4565,Mon-04565,Psychic,39,88,24,124,97,37,76
4566,Mon-04566,Dark,16,128,107,60,105,84,49
4567,Mon-04567,Water,33,112,38,53,104,27,112
4568,Mon-04568,Water,98,46,32,87,24,70,110
4569,Mon-04569,Poison,72,113,51,124,84,31,122
4570,Mon-04570,Dark,73,57,49,130,88,49,51
4571,Mon-04571,Normal,90,90,55,26,37,48,130
4572,Mon-04572,Rock,27,42,114,138,46,40,98
4573,Mon-04573,Ghost,67,79,120,150,74,114,57
4574,Mon-04574,Grass,38,95,96,65,90,61,117
4575,Mon-04575,Water,85,121,36,90,114,36,82
4576,Mon-04576,Poison,43,124,124,72,100,129,81
4577,Mon-04577,Fairy,86,108,114,84,128,23,104
4578,Mon-04578,Dark,75,82,28,107,44,36,37
4579,Mon-04579,Dark,78,117,62,106,63,114,71
4580,Mon-04580,Fairy,93,31,106,84,48,70,22
4581,Mon-04581,Water,80,130,29,84,118,61,67
4582,Mon-04582,Normal,33,42,28,86,87,53,94
4583,Mon-04583,Fire,53,64,87,76,76,85,129
4584,Mon-04584,Rock,48,120,57,40,84,59,44
4585,Mon-04585,Poison,7,99,69,71,56,29,117
4586,Mon-04586,Dark,60,114,103,115,118,126,24
4587,Mon-04587,Dark,44,96,80,148,88,120,21
4588,Mon-04588,Fire,40,86,98,127,76,39,58
4589,Mon-04589,Water,11,39,33,133,98,75,52
4590,Mon-04590,Electric,51,130,20,123,108,70,84
4591,Mon-04591,Electric,58,90,47,88,63,29,41
4592,Mon-04592,Water,11,94,42,110,101,64,81
4593,Mon-04593,Ground,64,67,55,130,108,90,129
4594,Mon-04594,Water,17,125,106,53,93,31,38
4595,Mon-04595,Dark,15,70,36,43,32,60,67
4596,Mon-04596,Psychic,41,41,34,58,41,47,87
4597,Mon-04597,Psychic,39,39,42,91,23,59,67
4598,Mon-04598,Water,92,97,56,124,50,89,65
4599,Mon-04599,Electric,7,102,41,81,38,65,24
4600,Mon-04600,Psychic,35,42,40,148,82,105,73
4601,Mon-04601,Electric,74,97,84,65,120,76,122
4602,Mon-04602,Dark,25,130,32,83,27,96,117
4603,Mon-04603,Grass,99,79,37,140,51,88,108
4604,Mon-04604,Grass,75,127,112,46,25,110,28
4605,Mon-04605,Dark,95,37,22,129,29,36,33
4606,Mon-04606,Normal,95,64,26,44,25,129,78
4607,Mon-04607,Grass,11,81,27,139,87,103,53
4608,Mon-04608,Poison,46,59,79,65,122,41,39
4609,Mon-04609,Grass,75,31,97,105,100,23,40
4610,Mon-04610,Ground,1,70,96,114,96,22,40
4611,Mon-04611,Dark,46,57,96,72,37,97,30
4612,Mon-04612,Ground,69,42,26,94,112,66,87
4613,Mon-04613,Ground,80,61,58,120,84,40,65
4614,Mon-04614,Fairy,42,66,90,135,126,55,94
4615,Mon-04615,Dark,87,118,95,38,63,69,43
4616,Mon-04616,Water,68,74,57,87,97,24,87
4617,Mon-04617,Rock,5,66,113,132,73,82,40
4618,Mon-04618,Electric,28,63,112,95,77,24,122
4619,Mon-04619,Rock,94,86,104,28,31,91,39
4620,Mon-04620,Poison,1,50,108,40,73,26,108
4621,Mon-04621,Ghost,11,117,128,128,38,107,96
4622,Mon-04622,Fire,35,66,108,78,102,48,42
4623,Mon-04623,Fairy,100,67,84,113,98,77,30
4624,Mon-04624,Fighting,71,27,64,137,116,62,90
4625,Mon-04625,Rock,15,118,60,36,71,117,24
4626,Mon-04626,Psychic,40,72,111,82,112,108,88
4627,Mon-04627,Ghost,94,35,52,43,118,126,95
4628,Mon-04628,Electric,22,39,89,131,74,99,91
4629,Mon-04629,Psychic,58,60,75,82,125,128,128
4630,Mon-04630,Normal,47,106,62,135,105,45,67
4631,Mon-04631,Poison,77,30,70,62,52,55,75
4632,Mon-04632,Normal,76,33,28,43,72,109,125
4633,Mon-04633,Ground,84,82,98,134,31,23,115
4634,Mon-04634,Fighting,12,75,27,102,62,39,71
4635,Mon-04635,Fire,46,126,28,49,60,99,66
4636,Mon-04636,Ghost,70,103,47,112,53,64,107
4637,Mon-04637,Ghost,42,92,78,77,59,47,82
4638,Mon-04638,Grass,67,57,53,30,26,53,73
4639,Mon-04639,Water,64,89,117,57,70,105,110
4640,Mon-04640,Dark,38,84,122,119,42,73,107
4641,Mon-04641,Fairy,11,50,63,41,45,20,65
4642,Mon-04642,Fire,98,61,130,67,101,77,63
4643,Mon-04643,Electric,83,123,29,57,118,106,94
4644,Mon-04644,Electric,90,79,35,117,39,38,20
4645,Mon-04645,Water,30,72,58,133,82,27,106
4646,Mon-04646,Fire,32,108,124,124,120,89,75
4647,Mon-04647,Dark,33,49,75,115,87,117,117
4648,Mon-04648,Fighting,4,44,98,36,28,27,80
4649,Mon-04649,Rock,17,129,92,140,106,92,63
4650,Mon-04650,Normal,31,109,75,45,25,106,32
4651,Mon-04651,Poison,99,66,123,76,88,37,20
4652,Mon-04652,Fighting,21,125,125,129,73,48,93
4653,Mon-04653,Grass,51,61,69,55,78,76,42
4654,Mon-04654,Ground,55,94,99,52,44,87,114
4655,Mon-04655,Grass,36,23,89,28,118,76,74
4656,Mon-04656,Grass,92,97,85,70,31,40,116
4657,Mon-04657,Ghost,10,39,31,87,124,117,71
4658,Mon-04658,Dark,88,46,43,83,26,66,61
4659,Mon-04659,Fire,75,109,129,30,53,79,35
4660,Mon-04660,Electric,31,42,47,50,78,79,65
4661,Mon-04661,Electric,77,73,92,25,77,81,111
4662,Mon-04662,Ghost,43,122,121,53,48,52,115
4663,Mon-04663,Ground,98,125,86,101,51,55,73
4664,Mon-04664,Fairy,4,69,43,26,81,35,130
4665,Mon-04665,Water,3,29,115,45,22,100,23
4666,Mon-04666,Fire,55,51,23,93,36,54,25
4667,Mon-04667,Water,94,88,100,95,63,25,26
4668,Mon-04668,Fire,7,57,49,137,22,25,26
4669,Mon-04669,Psychic,78,99,91,97,29,127,20
4670,Mon-04670,Ghost,94,130,73,141,23,67,26
4671,Mon-04671,Rock,49,88,83,116,110,87,108
4672,Mon-04672,Fighting,87,89,62,94,32,79,71
4673,Mon-04673,Psychic,76,78,78,73,40,113,106
4674,Mon-04674,Water,22,40,123,39,108,118,107
4675,Mon-04675,Fairy,86,84,111,113,68,106,96
4676,Mon-04676,Fairy,70,123,66,143,69,129,30
4677,Mon-04677,Fighting,2,96,124,71,92,44,33
4678,Mon-04678,Electric,57,103,118,69,89,69,96
4679,Mon-04679,Fire,66,115,89,37,65,52,125
4680,Mon-04680,Dark,81,63,86,100,117,112,38
4681,Mon-04681,Ghost,78,57,23,64,45,50,90
4682,Mon-04682,Fire,48,127,78,26,43,108,23
4683,Mon-04683,Normal,30,71,43,25,77,45,42
4684,Mon-04684,Water,20,101,37,67,116,96,86
4685,Mon-04685,Poison,9,90,115,83,119,21,92
4686,Mon-04686,Fighting,64,33,50,82,102,107,85
4687,Mon-04687,Fairy,96,54,88,118,20,111,70
4688,Mon-04688,Psychic,9,56,116,91,100,82,51
4689,Mon-04689,Psychic,71,39,86,123,38,79,108
4690,Mon-04690,Normal,59,106,106,62,116,70,55
4691,Mon-04691,Grass,18,127,106,54,32,85,99
4692,Mon-04692,Fairy,22,127,69,92,33,82,59
4693,Mon-04693,Water,29,41,122,38,77,74,77
4694,Mon-04694,Dark,69,69,120,121,79,77,123
4695,Mon-04695,Grass,30,45,57,48,57,33,64
4696,Mon-04696,Rock,83,26,110,140,73,71,116
4697,Mon-04697,Dark,37,88,40,148,99,68,26
4698,Mon-04698,Ground,11,115,32,92,93,119,78
4699,Mon-04699,Electric,10,28,78,64,99,52,76
4700,Mon-04700,Grass,41,91,87,67,46,127,126
4701,Mon-04701,Dark,41,23,84,79,82,119,49
4702,Mon-04702,Grass,74,113,108,85,34,106,84
4703,Mon-04703,Grass,48,27,63,34,46,97,85
4704,Mon-04704,Ground,17,68,109,49,128,55,31
4705,Mon-04705,Poison,22,33,120,124,24,38,130
4706,Mon-04706,Dark,57,65,30,31,71,107,74
4707,Mon-04707,Fighting,34,67,69,81,74,97,68
4708,Mon-04708,Grass,68,79,44,135,45,112,119
4709,Mon-04709,Fire,93,112,92,36,25,80,27
4710,Mon-04710,Electric,36,130,65,141,34,119,93
4711,Mon-04711,Grass,56,57,51,84,101,29,22
4712,Mon-04712,Poison,84,122,47,78,85,32,125
4713,Mon-04713,Grass,22,67,59,114,81,27,109
4714,Mon-04714,Psychic,52,33,32,122,36,55,78
4715,Mon-04715,Poison,31,86,31,84,80,36,63
4716,Mon-04716,Dark,63,100,89,35,40,24,121
4717,Mon-04717,Electric,75,53,124,147,54,109,47
4718,Mon-04718,Rock,15,85,76,26,125,37,105
4719,Mon-04719,Psychic,19,68,122,134,69,112,65
4720,Mon-04720,Dark,3,36,37,79,23,91,111
4721,Mon-04721,Ghost,2,62,128,89,85,87,103
4722,Mon-04722,Electric,6,67,85,121,40,32,130
4723,Mon-04723,Fighting,71,57,102,143,20,21,87
4724,Mon-04724,Poison,91,121,26,43,94,35,53
4725,Mon-04725,Rock,41,63,87,127,90,55,118
4726,Mon-04726,Grass,89,89,62,108,44,126,89
4727,Mon-04727,Rock,73,21,119,71,102,64,98
4728,Mon-04728,Poison,81,54,107,78,40,45,48
4729,Mon-04729,Ground,74,118,115,122,75,51,78
4730,Mon-04730,Ghost,20,119,118,42,81,57,114
4731,Mon-04731,Fire,53,128,99,88,32,84,60
4732,Mon-04732,Psychic,53,26,47,115,97,109,85
4733,Mon-04733,Fighting,65,115,51,92,75,26,42
4734,Mon-04734,Ground,80,49,115,81,67,105,39
4735,Mon-04735,Grass,12,20,86,90,101,22,105
4736,Mon-04736,Electric,68,30,118,89,106,55,66
4737,Mon-04737,Rock,84,103,108,126,74,85,42
4738,Mon-04738,Fire,12,85,87,128,110,31,40
4739,Mon-04739,Poison,42,83,36,140,25,49,33
4740,Mon-04740,Fire,90,117,129,34,89,90,70
4741,Mon-04741,Normal,3,30,46,65,50,96,54
4742,Mon-04742,Poison,17,29,47,135,84,29,28
4743,Mon-04743,Normal,81,123,36,105,89,106,73
4744,Mon-04744,Dark,18,87,27,72,110,65,127
4745,Mon-04745,Electric,71,106,61,104,81,87,128
4746,Mon-04746,Fighting,91,78,113,83,21,43,86
4747,Mon-04747,Ghost,50,36,116,136,128,129,84
4748,Mon-04748,Grass,49,78,74,95,76,104,129
4749,Mon-04749,Fairy,43,127,54,81,33,91,104
4750,Mon-04750,Fairy,38,33,58,103,34,40,39
4751,Mon-04751,Rock,39,34,121,48,23,105,78
4752,Mon-04752,Electric,56,58,26,122,44,61,62
4753,Mon-04753,Rock,90,70,26,50,49,91,36
4754,Mon-04754,Ghost,99,89,27,27,125,92,123
4755,Mon-04755,Fairy,87,37,118,31,110,109,85
4756,Mon-04756,Dark,12,123,30,33,20,112,96
4757,Mon-04757,Electric,31,36,124,37,57,63,107
4758,Mon-04758,Dark,76,42,40,31,54,28,27
4759,Mon-04759,Electric,55,127,80,62,69,68,55
4760,Mon-04760,Poison,34,61,127,146,37,64,118
4761,Mon-04761,Fairy,32,83,32,37,49,57,42
4762,Mon-04762,Grass,12,68,51,110,83,74,40
4763,Mon-04763,Fire,34,48,100,134,77,83,88
4764,Mon-04764,Fighting,43,76,110,126,113,89,49
4765,Mon-04765,Poison,42,106,120,70,122,61,112
4766,Mon-04766,Water,55,21,22,31,63,88,101
4767,Mon-04767,Psychic,28,117,106,71,110,129,105
4768,Mon-04768,Psychic,21,40,55,100,112,92,98
4769,Mon-04769,Fire,89,121,81,120,58,86,36
4770,Mon-04770,Ghost,41,126,120,42,68,51,93
4771,Mon-04771,Dark,26,123,120,62,89,57,39
4772,Mon-04772,Ground,64,92,40,100,120,25,20
4773,Mon-04773,Poison,55,120,72,115,105,76,128
4774,Mon-04774,Fire,58,115,51,64,114,28,47
4775,Mon-04775,Electric,23,90,88,128,108,106,97
4776,Mon-04776,Ghost,73,119,111,126,39,126,58
4777,Mon-04777,Fire,20,58,55,70,43,109,97
4778,Mon-04778,Psychic,84,112,33,92,118,37,64
4779,Mon-04779,Grass,43,122,27,85,69,90,68
4780,Mon-04780,Fire,41,90,25,109,41,67,28
4781,Mon-04781,Grass,39,33,60,65,53,20,71
4782,Mon-04782,Electric,43,43,127,66,74,99,94
4783,Mon-04783,Dark,67,38,47,78,81,116,99
4784,Mon-04784,Water,50,79,64,52,41,71,118
4785,Mon-04785,Ground,13,68,94,98,47,120,85
4786,Mon-04786,Electric,57,111,93,145,62,26,129
4787,Mon-04787,Grass,27,51,49,69,43,116,89
4788,Mon-04788,Fairy,11,38,34,133,129,95,108
4789,Mon-04789,Dark,84,88,37,83,22,94,36
4790,Mon-04790,Fire,32,35,44,45,104,75,42
4791,Mon-04791,Grass,60,120,29,87,52,23,85
4792,Mon-04792,Poison,18,29,71,87,81,70,76
4793,Mon-04793,Psychic,34,74,91,28,54,125,74
4794,Mon-04794,Fairy,39,125,94,85,123,71,121
4795,Mon-04795,Dark,14,81,120,45,127,27,72
4796,Mon-04796,Fighting,98,109,52,125,59,74,27
4797,Mon-04797,Fairy,32,66,92,93,23,36,78
4798,Mon-04798,Psychic,59,103,118,63,39,66,45
4799,Mon-04799,Grass,57,98,23,25,99,89,23
4800,Mon-04800,Electric,43,77,106,96,112,27,49
4801,Mon-04801,Psychic,59,31,29,113,24,71,20
4802,Mon-04802,Water,57,127,81,78,21,76,87
4803,Mon-04803,Ground,9,25,112,139,74,103,71
4804,Mon-04804,Ground,67,59,70,49,109,27,125
4805,Mon-04805,Electric,12,91,82,120,105,90,26
4806,Mon-04806,Ghost,44,105,88,87,22,89,73
4807,Mon-04807,Water,37,79,84,64,129,20,121
4808,Mon-04808,Rock,45,64,101,61,51,33,82
4809,Mon-04809,Fire,8,65,115,81,45,91,60
4810,Mon-04810,Ghost,71,128,34,35,59,115,91
4811,Mon-04811,Psychic,42,57,66,106,103,115,50
4812,Mon-04812,Psychic,7,114,114,76,55,105,114
4813,Mon-04813,Psychic,1,25,62,110,91,114,93
4814,Mon-04814,Water,55,93,74,89,47,87,51
4815,Mon-04815,Fighting,67,95,102,148,33,37,28
4816,Mon-04816,Normal,55,95,123,35,32,78,89
4817,Mon-04817,Dark,73,66,47,87,68,58,119
4818,Mon-04818,Rock,76,96,126,92,20,48,122
4819,Mon-04819,Poison,88,69,98,56,82,33,93
4820,Mon-04820,Ghost,99,85,23,109,105,22,124
4821,Mon-04821,Fighting,89,119,115,70,82,103,110
4822,Mon-04822,Water,80,94,62,121,70,38,62
4823,Mon-04823,Electric,44,101,51,141,38,89,113
4824,Mon-04824,Rock,51,127,78,132,37,53,32
4825,Mon-04825,Psychic,62,44,83,104,32,73,118
4826,Mon-04826,Dark,17,85,79,115,29,64,122
4827,Mon-04827,Electric,68,92,26,133,82,53,82
4828,Mon-04828,Poison,59,97,111,148,50,73,122
4829,Mon-04829,Fairy,53,34,57,116,93,107,34
4830,Mon-04830,Rock,84,104,35,140,59,75,30
4831,Mon-04831,Ground,69,41,82,146,55,107,58
4832,Mon-04832,Psychic,94,65,89,47,71,121,29
4833,Mon-04833,Normal,98,99,31,88,60,74,46
4834,Mon-04834,Poison,83,49,124,70,31,109,40
4835,Mon-04835,Ground,30,33,86,144,22,33,70
4836,Mon-04836,Rock,19,94,130,118,128,82,91
4837,Mon-04837,Ghost,30,51,94,136,31,71,42
4838,Mon-04838,Water,72,111,21,69,49,20,53
4839,Mon-04839,Rock,87,119,43,131,65,119,101
4840,Mon-04840,Poison,89,58,127,35,68,102,46
4841,Mon-04841,Rock,69,101,82,143,103,84,57
4842,Mon-04842,Fairy,69,44,33,53,98,97,108
4843,Mon-04843,Fire,96,123,28,91,87,103,63
4844,Mon-04844,Ghost,69,47,79,115,54,106,47
4845,Mon-04845,Electric,15,117,85,118,125,52,109
4846,Mon-04846,Ground,51,107,47,51,29,66,126
4847,Mon-04847,Rock,36,54,41,94,54,58,120
4848,Mon-04848,Fire,64,111,87,91,61,121,68
4849,Mon-04849,Grass,64,90,68,122,58,33,22
4850,Mon-04850,Poison,30,94,24,65,81,120,66
4851,Mon-04851,Ground,30,62,26,121,25,58,104
4852,Mon-04852,Dark,9,45,46,102,113,106,124
4853,Mon-04853,Fire,30,97,82,120,37,38,27
4854,Mon-04854,Fire,83,25,53,135,60,113,33
4855,Mon-04855,Water,66,58,21,78,84,79,51
4856,Mon-04856,Dark,95,35,121,79,118,129,32
4857,Mon-04857,Dark,93,20,96,125,81,63,39
4858,Mon-04858,Fighting,86,20,84,123,80,130,68
4859,Mon-04859,Fire,18,30,47,135,47,112,47
4860,Mon-04860,Fire,34,124,98,94,99,20,85
4861,Mon-04861,Poison,6,105,125,105,82,62,125
4862,Mon-04862,Ground,10,129,95,32,23,65,76
4863,Mon-04863,Dark,24,29,52,82,66,43,76
4864,Mon-04864,Fire,29,130,63,56,119,117,125
4865,Mon-04865,Grass,2,86,123,132,115,29,87
4866,Mon-04866,Grass,85,108,21,40,43,48,130
4867,Mon-04867,Normal,53,115,44,123,102,48,122
4868,Mon-04868,Fighting,66,49,31,130,56,66,24
4869,Mon-04869,Normal,66,102,91,84,104,97,124
4870,Mon-04870,Electric,97,91,70,109,78,20,38
4871,Mon-04871,Dark,15,65,34,98,55,89,49
4872,Mon-04872,Grass,35,74,124,111,126,64,81
4873,Mon-04873,Fighting,31,43,81,111,46,88,105
4874,Mon-04874,Poison,56,40,47,56,58,26,125
4875,Mon-04875,Dark,53,122,124,111,123,115,71
4876,Mon-04876,Poison,80,101,97,138,44,84,51
4877,Mon-04877,Psychic,57,82,34,64,41,48,62
4878,Mon-04878,Rock,24,97,111,63,126,107,60
4879,Mon-04879,Fairy,57,65,26,61,73,72,52
4880,Mon-04880,Poison,97,47,120,139,109,63,45
4881,Mon-04881,Dark,58,124,63,136,29,38,98
4882,Mon-04882,Water,60,129,52,68,93,74,127
4883,Mon-04883,Ground,18,43,25,143,31,44,86
4884,Mon-04884,Grass,1,109,123,120,65,101,37
4885,Mon-04885,Psychic,21,69,82,75,42,61,94
4886,Mon-04886,Water,3,98,87,128,66,33,82
4887,Mon-04887,Normal,46,32,114,140,63,98,64
4888,Mon-04888,Ghost,89,73,76,134,125,113,22
4889,Mon-04889,Ghost,45,33,52,84,93,112,106
4890,Mon-04890,Normal,65,110,106,52,27,73,86
4891,Mon-04891,Dark,86,64,78,46,74,54,46
4892,Mon-04892,Fairy,77,49,46,129,104,44,63
4893,Mon-04893,Ground,66,97,113,117,74,64,78
4894,Mon-04894,Rock,79,125,110,114,86,31,82
4895,Mon-04895,Water,29,57,47,30,76,118,92
4896,Mon-04896,Grass,43,99,92,146,127,47,28
4897,Mon-04897,Water,40,96,122,39,92,106,79
4898,Mon-04898,Normal,80,74,108,98,81,62,30
4899,Mon-04899,Psychic,41,109,42,143,124,96,38
4900,Mon-04900,Fairy,94,34,114,55,51,121,30
4901,Mon-04901,Rock,19,117,26,90,103,65,88
4902,Mon-04902,Fighting,18,64,88,130,106,127,112
4903,Mon-04903,Psychic,72,24,76,58,61,57,127
4904,Mon-04904,Grass,77,129,24,37,129,48,100
4905,Mon-04905,Grass,68,105,100,85,52,100,106
4906,Mon-04906,Rock,31,110,53,125,120,35,34
4907,Mon-04907,Ghost,1,36,114,97,22,30,20
4908,Mon-04908,Poison,33,103,117,80,52,60,55
4909,Mon-04909,Psychic,47,97,85,105,53,80,60
4910,Mon-04910,Dark,42,120,89,31,58,71,68
4911,Mon-04911,Psychic,93,61,25,68,68,26,93
4912,Mon-04912,Fairy,87,122,118,135,103,80,30
4913,Mon-04913,Normal,78,98,95,73,67,89,31
4914,Mon-04914,Normal,3,48,62,146,86,51,113
4915,Mon-04915,Dark,13,43,29,94,32,83,84
4916,Mon-04916,Water,44,120,76,142,21,59,60
4917,Mon-04917,Normal,63,91,119,103,63,26,112
4918,Mon-04918,Electric,69,33,115,77,35,102,94
4919,Mon-04919,Fighting,30,33,30,141,32,66,112
4920,Mon-04920,Fighting,12,111,104,59,29,129,91
4921,Mon-04921,Normal,33,38,29,74,50,41,76
4922,Mon-04922,Ground,80,44,61,116,39,20,121
4923,Mon-04923,Rock,99,88,69,135,36,108,129
4924,Mon-04924,Grass,95,115,22,49,53,115,102
4925,Mon-04925,Psychic,60,57,35,150,48,121,89
4926,Mon-04926,Fighting,10,93,117,79,127,129,23
4927,Mon-04927,Fire,97,98,89,67,90,54,116
4928,Mon-04928,Fire,16,86,107,41,95,95,37
4929,Mon-04929,Electric,27,96,83,28,96,23,23
4930,Mon-04930,Fighting,98,45,69,95,26,66,69
4931,Mon-04931,Rock,51,89,22,101,74,119,28
4932,Mon-04932,Ground,20,20,80,36,87,90,30
4933,Mon-04933,Poison,51,101,105,138,124,113,71
4934,Mon-04934,Psychic,8,107,42,93,68,125,63
4935,Mon-04935,Normal,32,108,74,31,50,108,34
4936,Mon-04936,Fairy,96,23,65,131,103,96,128
4937,Mon-04937,Fire,30,121,116,49,40,59,42
4938,Mon-04938,Ghost,90,68,38,109,118,79,42
4939,Mon-04939,Psychic,55,28,31,110,59,28,109
4940,Mon-04940,Water,66,79,43,127,27,84,98
4941,Mon-04941,Water,71,83,37,127,59,128,59
4942,Mon-04942,Grass,56,64,113,149,128,36,48
4943,Mon-04943,Dark,4,103,48,35,68,74,121
4944,Mon-04944,Poison,92,80,60,70,26,119,23
4945,Mon-04945,Fighting,48,44,48,70,61,59,91
4946,Mon-04946,Fairy,66,88,110,72,101,85,30
4947,Mon-04947,Psychic,56,49,93,55,26,106,20
4948,Mon-04948,Ground,66,33,72,54,120,107,31
4949,Mon-04949,Psychic,36,49,108,146,103,94,82
4950,Mon-04950,Electric,85,120,27,138,103,26,53
4951,Mon-04951,Fairy,23,83,95,110,103,24,96
4952,Mon-04952,Dark,66,55,60,94,36,103,126
4953,Mon-04953,Ghost,58,60,62,84,108,126,24
4954,Mon-04954,Fighting,51,115,37,110,43,49,88
4955,Mon-04955,Poison,3,93,30,133,37,81,121
4956,Mon-04956,Grass,39,105,96,78,24,27,33
4957,Mon-04957,Dark,5,87,114,92,35,40,66
4958,Mon-04958,Fairy,51,130,121,139,34,73,27
4959,Mon-04959,Rock,69,92,47,139,118,21,31
4960,Mon-04960,Electric,53,64,104,53,26,85,127
4961,Mon-04961,Fairy,76,48,32,55,91,81,47
4962,Mon-04962,Fairy,37,25,106,50,25,30,39
4963,Mon-04963,Grass,31,105,82,28,126,85,119
4964,Mon-04964,Fighting,45,123,115,112,82,70,50
4965,Mon-04965,Fire,23,93,27,79,77,31,50
4966,Mon-04966,Fairy,81,74,106,28,28,44,113
4967,Mon-04967,Water,81,34,71,50,116,80,104
4968,Mon-04968,Water,42,91,83,92,67,110,81
4969,Mon-04969,Fairy,80,42,79,130,35,67,114
4970,Mon-04970,Poison,3,89,99,108,98,90,45
4971,Mon-04971,Ground,16,53,86,92,124,68,108
4972,Mon-04972,Fairy,29,116,66,48,21,115,93
4973,Mon-04973,Rock,39,123,68,61,42,128,83
4974,Mon-04974,Ground,24,46,27,123,90,66,61
4975,Mon-04975,Electric,52,56,100,122,26,52,33
4976,Mon-04976,Ground,80,122,98,134,104,83,84
4977,Mon-04977,Fire,46,22,82,91,87,118,109
4978,Mon-04978,Water,45,77,100,59,79,86,30
4979,Mon-04979,Fairy,6,35,49,88,56,58,37
4980,Mon-04980,Grass,29,68,44,137,72,106,117
4981,Mon-04981,Fighting,81,23,122,47,29,39,115
4982,Mon-04982,Poison,82,35,125,131,101,50,86
4983,Mon-04983,Fairy,11,64,114,150,88,36,70
4984,Mon-04984,Fighting,2,26,25,128,78,121,20
4985,Mon-04985,Fighting,84,108,80,108,106,124,121
4986,Mon-04986,Fighting,18,84,101,76,76,126,82
4987,Mon-04987,Fighting,58,69,24,132,64,22,28
4988,Mon-04988,Psychic,83,72,127,45,109,119,60
4989,Mon-04989,Fire,79,113,107,120,123,44,112
4990,Mon-04990,Ground,56,113,54,75,112,125,120
4991,Mon-04991,Psychic,38,25,76,88,76,57,90
4992,Mon-04992,Poison,78,96,121,83,60,53,35
4993,Mon-04993,Ground,70,72,114,26,34,92,37
4994,Mon-04994,Water,84,106,111,149,66,107,57
4995,Mon-04995,Ghost,52,107,129,109,112,61,104
4996,Mon-04996,Water,95,98,102,100,108,111,104
4997,Mon-04997,Grass,77,94,123,37,34,22,103
4998,Mon-04998,Ground,7,43,125,123,80,119,45
4999,Mon-04999,Ground,30,114,22,146,94,77,54
5000,Mon-05000,Ground,80,97,92,127,96,79,54
5001,Mon-05001,Poison,12,50,57,56,117,118,100
5002,Mon-05002,Normal,71,45,74,47,28,26,105
5003,Mon-05003,Rock,35,75,38,71,71,118,23
5004,Mon-05004,Ground,21,58,95,27,30,42,99
5005,Mon-05005,Psychic,54,95,112,94,100,130,63
5006,Mon-05006,Normal,94,65,65,82,79,99,59
5007,Mon-05007,Water,90,38,97,88,68,58,76
5008,Mon-05008,Dark,41,63,56,149,110,27,71
5009,Mon-05009,Fighting,1,110,103,107,113,33,128
5010,Mon-05010,Normal,89,112,29,77,55,33,81
5011,Mon-05011,Rock,90,54,117,123,110,27,111
5012,Mon-05012,Water,61,108,61,71,126,88,118
5013,Mon-05013,Grass,63,30,76,120,25,116,129
5014,Mon-05014,Normal,53,129,109,142,104,108,93
5015,Mon-05015,Normal,2,104,23,139,32,103,125
5016,Mon-05016,Fighting,16,24,124,90,106,128,85
5017,Mon-05017,Ground,15,98,88,84,95,89,60
5018,Mon-05018,Rock,92,74,128,75,112,30,110
5019,Mon-05019,Fighting,5,118,81,92,83,75,117
5020,Mon-05020,Dark,56,46,42,142,48,104,53
5021,Mon-05021,Electric,37,119,84,135,97,70,126
5022,Mon-05022,Fighting,1,116,83,101,56,54,69
5023,Mon-05023,Grass,92,50,122,60,23,74,45
5024,Mon-05024,Psychic,2,67,83,72,33,106,96
5025,Mon-05025,Ground,86,91,65,55,116,60,46
5026,Mon-05026,Normal,78,46,39,48,62,59,64
5027,Mon-05027,Ground,80,130,56,26,35,72,79
5028,Mon-05028,Grass,17,41,84,122,23,66,73
5029,Mon-05029,Rock,89,47,60,118,24,43,32
5030,Mon-05030,Fighting,60,75,60,47,103,51,37
5031,Mon-05031,Normal,41,72,21,111,34,33,28
5032,Mon-05032,Poison,69,25,124,45,109,103,87
5033,Mon-05033,Rock,35,121,112,59,82,43,130
5034,Mon-05034,Normal,28,46,48,57,43,128,91
5035,Mon-05035,Ghost,29,31,35,41,119,127,82
5036,Mon-05036,Poison,57,77,112,116,74,94,115
5037,Mon-05037,Fire,61,123,112,30,63,129,22
5038,Mon-05038,Electric,25,20,119,76,94,115,29
5039,Mon-05039,Fire,25,74,80,86,93,103,129
5040,Mon-05040,Dark,95,121,101,97,102,59,119
5041,Mon-05041,Electric,52,119,100,49,88,112,81
5042,Mon-05042,Fairy,87,38,43,84,127,57,29
5043,Mon-05043,Fighting,34,88,78,124,66,31,41
5044,Mon-05044,Fairy,29,112,48,72,42,82,102
5045,Mon-05045,Fire,29,94,103,144,34,33,45
5046,Mon-05046,Grass,53,92,127,79,47,30,85
5047,Mon-05047,Water,78,105,28,122,105,30,104
5048,Mon-05048,Poison,51,70,28,39,114,121,65
5049,Mon-05049,Psychic,30,27,49,132,52,27,72
5050,Mon-05050,Ground,97,90,32,85,30,63,122
5051,Mon-05051,Water,58,89,21,149,99,102,128
5052,Mon-05052,Fairy,40,114,128,113,107,109,70
5053,Mon-05053,Water,1,122,84,118,26,26,42
5054,Mon-05054,Ghost,57,57,106,43,34,119,22
5055,Mon-05055,Psychic,63,126,82,96,57,125,40
5056,Mon-05056,Fighting,93,21,102,117,71,127,77
5057,Mon-05057,Fairy,24,127,96,127,32,92,128
5058,Mon-05058,Fighting,17,35,37,72,85,76,79
5059,Mon-05059,Normal,100,91,36,96,75,38,129
5060,Mon-05060,Electric,56,95,74,46,105,33,102
5061,Mon-05061,Poison,3,90,61,79,125,110,28
5062,Mon-05062,Ghost,11,129,113,84,32,114,59
5063,Mon-05063,Fire,48,81,53,29,70,111,84
5064,Mon-05064,Ground,62,34,56,140,111,88,28
5065,Mon-05065,Poison,25,87,78,106,21,82,22
5066,Mon-05066,Grass,37,52,41,48,114,41,58
5067,Mon-05067,Poison,74,87,115,138,64,30,119
5068,Mon-05068,Ground,97,62,21,112,108,42,86
5069,Mon-05069,Fighting,50,24,114,112,86,64,78
5070,Mon-05070,Electric,42,90,89,142,124,53,80
5071,Mon-05071,Normal,37,29,118,75,36,80,80
5072,Mon-05072,Rock,14,56,52,69,116,106,114
5073,Mon-05073,Normal,6,88,119,102,82,102,55
5074,Mon-05074,Normal,84,117,115,136,105,111,49
5075,Mon-05075,Normal,4,54,70,127,105,53,51
5076,Mon-05076,Rock,83,53,51,124,84,123,83
5077,Mon-05077,Normal,25,53,41,121,70,116,49
5078,Mon-05078,Rock,70,83,36,29,109,58,128
5079,Mon-05079,Grass,96,41,84,86,76,47,96
5080,Mon-05080,Grass,75,78,126,69,128,118,54
5081,Mon-05081,Ground,73,108,82,70,94,130,48
5082,Mon-05082,Poison,27,28,127,132,90,71,68
5083,Mon-05083,Psychic,60,127,103,75,84,32,115
5084,Mon-05084,Water,65,79,96,130,46,87,130
5085,Mon-05085,Fighting,43,89,100,139,103,112,79
5086,Mon-05086,Fire,4,88,123,82,47,72,36
5087,Mon-05087,Fairy,92,124,115,46,88,34,24
5088,Mon-05088,Fairy,20,93,37,113,108,101,83
5089,Mon-05089,Grass,98,118,84,133,70,104,89
5090,Mon-05090,Fighting,94,51,71,76,129,117,61
5091,Mon-05091,Rock,2,44,117,49,38,115,118
5092,Mon-05092,Fairy,74,91,42,90,43,73,25
5093,Mon-05093,Rock,64,37,111,148,53,54,54
5094,Mon-05094,Grass,24,32,73,90,127,38,104
5095,Mon-05095,Ghost,82,43,123,81,79,31,47
5096,Mon-05096,Rock,12,50,107,80,49,111,42
5097,Mon-05097,Fairy,25,30,58,117,127,130,101
5098,Mon-05098,Fighting,95,100,113,67,65,91,119
5099,Mon-05099,Electric,75,84,40,116,49,127,40
5100,Mon-05100,Fire,12,42,20,149,120,54,66
5101,Mon-05101,Rock,15,51,76,122,37,104,128
5102,Mon-05102,Poison,26,123,63,142,126,64,36
5103,Mon-05103,Fairy,8,121,33,124,25,62,35
5104,Mon-05104,Grass,19,33,130,131,82,91,47
5105,Mon-05105,Ground,58,88,24,29,84,34,73
5106,Mon-05106,Ghost,1,55,85,69,125,65,112
5107,Mon-05107,Water,29,59,48,59,123,66,68
5108,Mon-05108,Normal,32,86,52,133,113,67,61
5109,Mon-05109,Fairy,98,129,43,53,121,99,114
5110,Mon-05110,Ground,98,84,63,146,116,50,48
5111,Mon-05111,Electric,85,125,94,113,76,36,60
5112,Mon-05112,Psychic,35,111,55,40,116,87,47
5113,Mon-05113,Psychic,53,106,100,111,105,21,32
5114,Mon-05114,Electric,51,107,69,68,62,129,84
5115,Mon-05115,Rock,87,107,107,62,117,120,127
5116,Mon-05116,Fire,75,48,69,150,23,62,48
5117,Mon-05117,Normal,91,128,60,124,31,97,27
5118,Mon-05118,Dark,56,121,76,121,38,77,123
5119,Mon-05119,Ground,92,86,96,64,79,97,31
5120,Mon-05120,Fairy,75,98,71,108,28,44,25
5121,Mon-05121,Electric,74,117,120,68,44,125,101
5122,Mon-05122,Psychic,67,36,77,100,46,117,37
5123,Mon-05123,Dark,34,27,52,75,46,77,130
5124,Mon-05124,Ground,61,130,23,101,26,117,67
5125,Mon-05125,Grass,36,81,63,118,44,55,94
5126,Mon-05126,Electric,65,100,26,64,50,107,43
5127,Mon-05127,Electric,26,75,23,26,104,120,43
5128,Mon-05128,Electric,80,77,61,37,85,97,106
5129,Mon-05129,Rock,58,24,52,139,54,129,76
5130,Mon-05130,Poison,72,52,118,145,35,43,121
5131,Mon-05131,Grass,23,29,101,112,76,22,122
5132,Mon-05132,Fighting,80,67,107,38,55,78,86
5133,Mon-05133,Normal,81,22,80,98,97,56,106
5134,Mon-05134,Psychic,15,109,32,79,44,90,114
5135,Mon-05135,Normal,36,52,114,54,130,60,84
5136,Mon-05136,Fire,68,102,74,72,30,116,108
5137,Mon-05137,Dark,88,25,67,123,112,32,22
5138,Mon-05138,Electric,74,23,87,150,95,126,37
5139,Mon-05139,Rock,48,66,38,134,94,44,72
5140,Mon-05140,Normal,30,107,73,50,119,56,28
5141,Mon-05141,Psychic,91,110,87,88,70,22,71
5142,Mon-05142,Fairy,88,80,97,91,99,95,89
5143,Mon-05143,Ghost,90,88,75,61,78,97,60
5144,Mon-05144,Rock,31,96,130,79,95,123,129
5145,Mon-05145,Grass,44,94,129,72,81,31,116
5146,Mon-05146,Dark,25,102,30,33,129,73,112
5147,Mon-05147,Fire,96,23,29,77,55,118,99
5148,Mon-05148,Ghost,87,67,77,70,101,23,88
5149,Mon-05149,Normal,18,113,111,63,38,84,93
5150,Mon-05150,Fire,25,68,76,102,25,45,32
5151,Mon-05151,Ground,56,36,44,114,98,59,124
5152,Mon-05152,Fairy,42,93,82,30,44,103,106
5153,Mon-05153,Grass,46,53,124,68,21,109,52
5154,Mon-05154,Normal,37,76,38,28,90,20,95
5155,Mon-05155,Psychic,68,77,69,128,87,92,65
5156,Mon-05156,Normal,90,97,90,141,90,63,123
5157,Mon-05157,Dark,92,123,63,83,70,103,79
5158,Mon-05158,Rock,46,96,24,144,112,113,98
5159,Mon-05159,Fighting,83,130,94,104,21,117,40
5160,Mon-05160,Fairy,70,22,102,134,37,31,31
5161,Mon-05161,Psychic,20,106,92,144,61,109,119
5162,Mon-05162,Water,80,66,93,98,128,127,87
5163,Mon-05163,Normal,36,100,92,81,99,106,93
5164,Mon-05164,Electric,63,29,56,118,77,61,64
5165,Mon-05165,Dark,73,78,21,46,125,101,90
5166,Mon-05166,Fighting,95,23,129,62,122,27,66
5167,Mon-05167,Poison,95,93,42,94,31,61,90
5168,Mon-05168,Ground,81,44,111,50,78,111,90
5169,Mon-05169,Fire,51,36,80,87,125,92,44
5170,Mon-05170,Fire,41,28,79,132,40,49,119
5171,Mon-05171,Ground,45,49,22,123,37,82,124
5172,Mon-05172,Fairy,96,126,129,137,58,20,104
5173,Mon-05173,Grass,21,129,78,133,127,126,22
5174,Mon-05174,Electric,53,28,112,66,44,81,22
5175,Mon-05175,Fighting,68,128,106,114,90,75,109
5176,Mon-05176,Fairy,3,85,35,71,49,57,36
5177,Mon-05177,Grass,64,55,125,147,101,44,128
5178,Mon-05178,Dark,27,124,85,47,118,56,60
5179,Mon-05179,Water,29,46,40,58,24,70,39
5180,Mon-05180,Fairy,63,40,84,143,61,67,96
5181,Mon-05181,Grass,1,45,88,55,84,66,96
5182,Mon-05182,Psychic,16,36,92,103,40,76,90
5183,Mon-05183,Ghost,46,73,55,61,90,72,105
5184,Mon-05184,Poison,59,35,124,60,60,54,75
5185,Mon-05185,Fairy,11,44,46,109,23,84,54
5186,Mon-05186,Water,37,61,74,125,88,47,67
5187,Mon-05187,Water,31,91,113,54,24,125,89
5188,Mon-05188,Water,54,115,28,148,42,94,107
5189,Mon-05189,Ghost,31,28,64,36,38,51,67
5190,Mon-05190,Fire,1,90,73,37,25,96,30
5191,Mon-05191,Ghost,54,31,105,148,65,127,64
5192,Mon-05192,Poison,85,129,107,31,116,104,86
5193,Mon-05193,Dark,59,50,108,64,53,106,105
5194,Mon-05194,Normal,37,115,59,40,46,44,109
5195,Mon-05195,Poison,49,106,74,53,109,40,107
5196,Mon-05196,Fighting,15,56,23,34,123,82,50
5197,Mon-05197,Normal,24,55,111,70,53,51,22
5198,Mon-05198,Poison,44,55,53,62,25,33,42
5199,Mon-05199,Fire,60,72,71,44,104,120,33
5200,Mon-05200,Fighting,49,69,95,115,92,58,94
5201,Mon-05201,Electric,97,92,106,29,130,108,50
5202,Mon-05202,Dark,64,71,29,84,93,101,39
5203,Mon-05203,Poison,3,107,105,63,123,35,79
5204,Mon-05204,Rock,53,71,61,106,37,40,74
5205,Mon-05205,Fire,59,54,66,67,38,84,98
5206,Mon-05206,Fairy,5,56,34,84,93,89,122
5207,Mon-05207,Ghost,39,101,99,127,103,50,29
5208,Mon-05208,Ground,88,35,72,43,63,37,26
5209,Mon-05209,Ground,36,51,31,79,67,89,110
5210,Mon-05210,Psychic,46,54,35,95,62,46,120
5211,Mon-05211,Ground,23,91,100,117,25,39,57
5212,Mon-05212,Ghost,8,34,32,92,117,62,41
5213,Mon-05213,Ghost,32,70,77,117,120,59,53
5214,Mon-05214,Fighting,78,94,97,125,125,64,73
5215,Mon-05215,Normal,99,122,121,124,75,63,21
5216,Mon-05216,Rock,67,68,37,102,38,82,34
5217,Mon-05217,Ghost,84,129,52,140,64,79,23
5218,Mon-05218,Dark,65,87,37,27,95,24,98
5219,Mon-05219,Dark,66,105,117,87,39,46,69
5220,Mon-05220,Rock,43,46,85,126,37,76,130
5221,Mon-05221,Grass,7,121,129,38,130,100,69
5222,Mon-05222,Fire,42,48,24,128,23,23,53
5223,Mon-05223,Fire,87,35,98,29,86,109,54
5224,Mon-05224,Rock,54,28,23,124,36,30,122
5225,Mon-05225,Psychic,77,92,32,48,22,91,40
5226,Mon-05226,Fighting,6,89,67,109,90,44,101
5227,Mon-05227,Electric,21,42,60,129,40,120,117
5228,Mon-05228,Fighting,30,117,60,127,100,96,127
5229,Mon-05229,Normal,36,50,27,97,111,107,29
5230,Mon-05230,Grass,99,87,80,139,76,110,94
5231,Mon-05231,Fairy,47,78,57,42,38,24,110
5232,Mon-05232,Electric,67,85,130,54,125,114,95
5233,Mon-05233,Poison,65,102,107,41,61,29,113
5234,Mon-05234,Poison,42,122,68,115,104,80,124
5235,Mon-05235,Fighting,97,100,104,137,41,93,117
5236,Mon-05236,Rock,23,120,83,142,37,119,100
5237,Mon-05237,Rock,4,116,74,90,94,100,41
5238,Mon-05238,Fairy,75,59,122,41,43,99,114
5239,Mon-05239,Fighting,66,82,85,46,79,127,95
5240,Mon-05240,Fire,27,41,73,103,86,21,51
5241,Mon-05241,Electric,87,122,82,137,33,20,91
5242,Mon-05242,Fire,17,127,106,149,56,41,38
5243,Mon-05243,Rock,26,118,102,115,41,46,112
5244,Mon-05244,Electric,16,102,80,135,20,75,91
5245,Mon-05245,Water,19,114,39,85,125,112,91
5246,Mon-05246,Fairy,73,108,90,49,22,63,48
5247,Mon-05247,Poison,71,45,67,83,112,118,36
5248,Mon-05248,Psychic,65,49,123,37,65,91,67
5249,Mon-05249,Fighting,87,78,120,109,50,71,58
5250,Mon-05250,Poison,7,66,20,66,78,108,114
5251,Mon-05251,Poison,63,101,130,67,121,73,129
5252,Mon-05252,Fairy,12,101,120,25,92,24,90
5253,Mon-05253,Poison,96,128,120,150,28,114,108
5254,Mon-05254,Poison,64,107,75,78,104,34,124
5255,Mon-05255,Ground,76,21,50,123,104,71,101
5256,Mon-05256,Fairy,58,57,87,90,127,37,59
5257,Mon-05257,Water,39,56,118,105,42,107,45
5258,Mon-05258,Psychic,69,90,69,83,113,90,51
5259,Mon-05259,Ground,84,58,129,111,61,125,54
5260,Mon-05260,Poison,18,128,48,50,59,116,43
5261,Mon-05261,Psychic,88,52,114,150,90,49,95
5262,Mon-05262,Fire,73,68,27,78,79,48,128
5263,Mon-05263,Ghost,9,110,113,26,45,50,48
5264,Mon-05264,Dark,94,60,124,145,43,37,67
5265,Mon-05265,Psychic,19,25,97,27,92,124,124
5266,Mon-05266,Fairy,61,56,89,84,127,29,122
5267,Mon-05267,Fairy,13,59,65,123,45,67,22
5268,Mon-05268,Grass,20,87,116,71,79,51,58
5269,Mon-05269,Electric,65,98,34,51,54,21,58
5270,Mon-05270,Normal,68,80,52,55,47,112,51
5271,Mon-05271,Electric,69,65,34,111,108,75,124
5272,Mon-05272,Ground,35,75,50,97,100,117,105
5273,Mon-05273,Fire,83,35,78,88,73,88,27
5274,Mon-05274,Psychic,5,40,57,89,74,75,88
5275,Mon-05275,Rock,86,87,66,65,67,47,84
5276,Mon-05276,Fighting,31,116,45,142,130,85,78
5277,Mon-05277,Poison,63,78,59,54,125,100,100
5278,Mon-05278,Psychic,91,26,75,130,28,23,68
5279,Mon-05279,Normal,26,128,43,122,110,45,99
5280,Mon-05280,Dark,42,55,123,25,57,60,71
5281,Mon-05281,Rock,83,103,119,46,92,33,124
5282,Mon-05282,Water,87,119,117,94,124,29,112
5283,Mon-05283,Ghost,24,129,20,44,66,47,25
5284,Mon-05284,Electric,51,32,74,132,71,57,36
5285,Mon-05285,Rock,34,40,108,80,89,79,64
5286,Mon-05286,Psychic,52,91,58,130,54,110,25
5287,Mon-05287,Water,38,104,45,40,49,114,27
5288,Mon-05288,Electric,1,112,87,28,87,62,20
5289,Mon-05289,Fighting,93,81,20,105,43,78,119
5290,Mon-05290,Fairy,64,37,87,126,93,21,74
5291,Mon-05291,Water,47,99,70,149,47,114,106
5292,Mon-05292,Dark,11,94,95,124,30,46,110
5293,Mon-05293,Dark,8,71,95,119,31,27,38
5294,Mon-05294,Fighting,48,90,79,32,48,86,94
5295,Mon-05295,Dark,65,43,84,101,31,61,88
5296,Mon-05296,Ground,27,110,22,114,54,65,129
5297,Mon-05297,Psychic,75,25,128,74,66,68,116
5298,Mon-05298,Electric,40,113,28,150,47,89,87
5299,Mon-05299,Poison,2,113,128,149,79,108,95
5300,Mon-05300,Electric,54,96,128,132,62,83,76
5301,Mon-05301,Electric,19,110,99,135,28,87,84
5302,Mon-05302,Fighting,2,121,102,96,57,109,84
5303,Mon-05303,Poison,14,38,23,128,21,107,118
5304,Mon-05304,Fairy,29,80,125,33,101,39,117
5305,Mon-05305,Dark,52,91,78,53,69,57,44
5306,Mon-05306,Poison,99,124,57,108,86,74,21
5307,Mon-05307,Fighting,22,101,94,40,35,123,48
5308,Mon-05308,Grass,6,85,79,127,67,87,71
5309,Mon-05309,Normal,20,81,60,47,109,110,44
5310,Mon-05310,Water,32,35,55,69,42,108,65
5311,Mon-05311,Poison,21,55,33,57,129,121,68
5312,Mon-05312,Grass,33,68,120,93,66,77,125
5313,Mon-05313,Ground,97,117,93,35,35,49,68
5314,Mon-05314,Water,38,115,51,127,40,65,40
5315,Mon-05315,Ghost,64,91,100,136,71,20,65
5316,Mon-05316,Electric,69,31,97,119,125,95,22
5317,Mon-05317,Fighting,14,99,35,48,72,88,23
5318,Mon-05318,Ghost,25,70,39,61,39,38,90
5319,Mon-05319,Dark,42,92,45,53,63,74,47
5320,Mon-05320,Grass,47,68,31,100,115,99,89
5321,Mon-05321,Ghost,2,100,111,136,129,106,24
5322,Mon-05322,Poison,65,44,37,135,88,106,55
5323,Mon-05323,Ground,31,36,110,145,116,30,83
5324,Mon-05324,Water,33,44,78,111,110,61,79
5325,Mon-05325,Ghost,61,122,32,52,67,86,85
5326,Mon-05326,Ghost,95,28,113,75,118,31,86
5327,Mon-05327,Psychic,87,51,39,62,28,42,55
5328,Mon-05328,Rock,98,58,130,33,109,124,59
5329,Mon-05329,Fire,42,112,21,125,84,77,65
5330,Mon-05330,Dark,12,59,89,97,85,84,66
5331,Mon-05331,Water,22,119,54,147,123,37,107
5332,Mon-05332,Fairy,35,129,79,130,49,90,35
5333,Mon-05333,Fighting,31,92,113,106,41,121,82
5334,Mon-05334,Normal,21,58,107,30,93,126,105
5335,Mon-05335,Ghost,16,86,51,80,102,40,57
5336,Mon-05336,Poison,19,94,27,84,20,44,63
5337,Mon-05337,Ghost,66,32,51,109,75,83,95
5338,Mon-05338,Psychic,50,112,109,96,61,118,91
5339,Mon-05339,Electric,4,68,77,123,110,20,81
5340,Mon-05340,Water,57,113,104,27,115,44,67
5341,Mon-05341,Rock,85,87,74,39,35,37,25
5342,Mon-05342,Psychic,43,115,78,145,84,107,38
5343,Mon-05343,Fighting,32,29,27,79,100,75,74
5344,Mon-05344,Ghost,28,24,22,128,48,99,97
5345,Mon-05345,Poison,38,32,98,133,123,24,42
5346,Mon-05346,Psychic,28,117,42,40,119,34,66
5347,Mon-05347,Grass,93,130,60,113,39,80,47
5348,Mon-05348,Dark,100,130,61,46,21,66,40
5349,Mon-05349,Psychic,35,56,90,44,84,40,119
5350,Mon-05350,Ghost,93,49,124,55,118,48,123
5351,Mon-05351,Rock,86,58,104,120,95,100,129
5352,Mon-05352,Electric,8,110,90,36,104,21,119
5353,Mon-05353,Psychic,50,47,112,109,99,116,64
5354,Mon-05354,Psychic,66,80,76,73,36,37,100
5355,Mon-05355,Ghost,43,91,36,58,27,104,51
5356,Mon-05356,Electric,46,60,74,55,26,89,83
5357,Mon-05357,Ghost,50,72,128,68,129,27,48
5358,Mon-05358,Rock,69,93,106,68,125,104,89
5359,Mon-05359,Rock,30,107,58,64,112,75,66
5360,Mon-05360,Fairy,60,41,55,90,27,53,59
5361,Mon-05361,Psychic,25,76,121,150,118,32,29
5362,Mon-05362,Water,89,37,30,81,128,32,49
5363,Mon-05363,Rock,9,21,123,48,107,65,68
5364,Mon-05364,Fire,7,91,95,102,66,52,85
5365,Mon-05365,Rock,4,73,109,129,30,113,112
5366,Mon-05366,Fighting,35,48,56,100,59,80,102
5367,Mon-05367,Fighting,61,26,91,91,42,24,80
5368,Mon-05368,Dark,99,124,56,109,92,117,74
5369,Mon-05369,Dark,46,111,21,135,117,47,71
5370,Mon-05370,Grass,19,123,70,34,75,87,119
5371,Mon-05371,Fairy,37,32,128,148,25,111,112
5372,Mon-05372,Normal,13,21,46,137,63,94,63
5373,Mon-05373,Fighting,48,44,37,146,108,65,82
5374,Mon-05374,Psychic,73,31,122,87,91,20,61
5375,Mon-05375,Poison,4,71,121,132,24,46,82
5376,Mon-05376,Electric,78,91,114,35,58,83,67
5377,Mon-05377,Fire,23,41,128,77,59,125,114
5378,Mon-05378,Fire,68,64,130,135,23,23,98
5379,Mon-05379,Psychic,82,79,121,59,58,37,39
5380,Mon-05380,Normal,78,55,127,121,111,59,23
5381,Mon-05381,Electric,67,71,102,65,34,107,126
5382,Mon-05382,Fighting,70,85,54,99,77,125,59
5383,Mon-05383,Dark,19,125,70,107,92,39,36
5384,Mon-05384,Fairy,14,54,62,135,96,84,102
5385,Mon-05385,Electric,39,29,76,68,56,126,72
5386,Mon-05386,Dark,61,116,97,124,83,130,81
5387,Mon-05387,Normal,62,84,46,79,100,107,90
5388,Mon-05388,Water,78,72,21,74,88,106,54
5389,Mon-05389,Electric,31,99,86,35,113,50,82
5390,Mon-05390,Rock,87,128,130,34,44,54,92
5391,Mon-05391,Rock,45,34,115,122,31,129,88
5392,Mon-05392,Water,25,115,21,38,123,89,120
5393,Mon-05393,Ground,74,90,86,39,101,32,63
5394,Mon-05394,Ghost,13,84,78,48,69,27,76
5395,Mon-05395,Fairy,41,115,67,67,83,115,103
5396,Mon-05396,Grass,79,53,94,45,122,34,102
5397,Mon-05397,Poison,78,107,67,99,116,97,130
5398,Mon-05398,Electric,26,83,121,128,109,55,42
5399,Mon-05399,Ground,17,123,120,91,85,39,122
5400,Mon-05400,Rock,4,71,91,108,99,32,72
5401,Mon-05401,Poison,9,99,70,137,84,80,43
5402,Mon-05402,Water,83,75,86,137,71,109,52
5403,Mon-05403,Water,79,63,119,107,94,21,59
5404,Mon-05404,Fighting,51,61,53,33,22,98,130
5405,Mon-05405,Fighting,58,122,116,124,111,83,32
5406,Mon-05406,Psychic,33,113,85,120,54,108,44
5407,Mon-05407,Grass,20,45,27,63,80,84,99
5408,Mon-05408,Ground,2,116,103,45,93,33,125
5409,Mon-05409,Ghost,68,84,42,41,56,65,28
5410,Mon-05410,Ground,4,31,77,59,56,129,65
5411,Mon-05411,Poison,11,104,125,118,39,111,65
5412,Mon-05412,Poison,80,38,106,144,31,59,75
5413,Mon-05413,Normal,59,116,97,44,117,123,104
5414,Mon-05414,Normal,49,70,27,77,77,20,78
5415,Mon-05415,Rock,22,121,115,130,95,79,35
5416,Mon-05416,Grass,15,73,57,35,37,105,46
5417,Mon-05417,Ghost,47,29,25,143,114,94,101
5418,Mon-05418,Dark,36,105,126,27,53,39,46
5419,Mon-05419,Fighting,54,100,41,60,71,36,75
5420,Mon-05420,Psychic,17,53,55,29,75,102,61
5421,Mon-05421,Dark,24,42,35,120,102,130,68
5422,Mon-05422,Grass,12,115,89,78,32,104,102
5423,Mon-05423,Rock,43,106,116,80,120,115,47
5424,Mon-05424,Rock,28,53,77,93,32,121,97
5425,Mon-05425,Poison,23,97,116,62,90,125,104
5426,Mon-05426,Fairy,55,46,123,120,43,107,130
5427,Mon-05427,Water,50,40,116,79,122,106,70
5428,Mon-05428,Fairy,22,93,38,125,85,107,29
5429,Mon-05429,Water,70,112,42,106,124,55,94
5430,Mon-05430,Psychic,35,121,53,110,123,79,104
5431,Mon-05431,Normal,35,71,90,149,49,44,23
5432,Mon-05432,Fighting,48,35,115,88,46,78,41
5433,Mon-05433,Ground,14,80,54,62,32,76,58
5434,Mon-05434,Grass,43,95,93,116,99,27,76
5435,Mon-05435,Electric,59,127,40,113,22,29,77
5436,Mon-05436,Electric,13,32,80,85,41,125,41
5437,Mon-05437,Electric,57,92,106,67,120,81,42
5438,Mon-05438,Fighting,4,76,63,142,90,23,123
5439,Mon-05439,Fire,61,85,38,56,70,61,99
5440,Mon-05440,Grass,4,30,65,34,35,118,76
5441,Mon-05441,Poison,18,21,104,104,113,100,56
5442,Mon-05442,Ground,36,87,123,35,113,111,72
5443,Mon-05443,Water,62,42,88,120,25,89,127
5444,Mon-05444,Fairy,72,88,94,131,102,97,54
5445,Mon-05445,Rock,47,22,66,115,56,47,56
5446,Mon-05446,Rock,14,108,123,54,95,113,69
5447,Mon-05447,Ground,39,56,116,143,52,101,40
5448,Mon-05448,Ghost,79,70,127,36,21,46,32
5449,Mon-05449,Grass,10,58,115,38,103,54,119
5450,Mon-05450,Ghost,72,66,80,63,112,105,95
5451,Mon-05451,Psychic,39,78,126,93,95,47,57
5452,Mon-05452,Rock,1,91,87,114,36,94,83
5453,Mon-05453,Rock,70,96,86,61,69,66,75
5454,Mon-05454,Poison,3,129,92,140,79,51,31
5455,Mon-05455,Fighting,37,39,40,127,108,37,103
5456,Mon-05456,Electric,20,116,113,54,106,100,31
5457,Mon-05457,Fairy,59,86,60,32,118,56,83
5458,Mon-05458,Normal,6,54,93,113,90,81,52
5459,Mon-05459,Ghost,10,121,113,47,124,48,68
5460,Mon-05460,Ghost,54,98,32,60,110,36,72
5461,Mon-05461,Water,100,40,53,122,42,22,68
5462,Mon-05462,Electric,4,39,124,48,98,124,44
5463,Mon-05463,Dark,47,93,60,69,29,53,29
5464,Mon-05464,Fighting,81,100,93,141,103,83,34
5465,Mon-05465,Fighting,30,25,82,110,44,71,100
5466,Mon-05466,Fairy,50,89,116,103,53,61,30
5467,Mon-05467,Fire,84,78,76,150,83,112,76
5468,Mon-05468,Water,73,127,67,122,62,121,53
5469,Mon-05469,Ghost,30,102,21,82,91,40,97
5470,Mon-05470,Rock,76,120,72,108,75,23,89
5471,Mon-05471,Poison,68,23,84,92,90,56,40
5472,Mon-05472,Poison,51,104,96,70,85,31,95
5473,Mon-05473,Grass,45,57,106,147,42,23,93
5474,Mon-05474,Dark,93,81,106,99,96,109,51
5475,Mon-05475,Electric,88,117,70,119,126,28,113
5476,Mon-05476,Water,100,116,28,76,81,27,68
5477,Mon-05477,Psychic,68,45,48,49,87,59,23
5478,Mon-05478,Grass,36,46,65,40,98,83,89
5479,Mon-05479,Fairy,11,100,128,126,29,75,69
5480,Mon-05480,Psychic,13,117,105,90,36,102,59
5481,Mon-05481,Electric,96,87,119,89,81,103,70
5482,Mon-05482,Psychic,37,26,130,40,63,21,128
5483,Mon-05483,Ghost,12,38,34,124,96,104,63
5484,Mon-05484,Fighting,23,103,21,58,121,24,96
5485,Mon-05485,Water,3,102,83,100,106,121,114
5486,Mon-05486,Grass,54,119,49,69,44,53,84
5487,Mon-05487,Rock,60,79,116,53,54,120,118
5488,Mon-05488,Electric,38,67,71,45,35,130,75
5489,Mon-05489,Dark,75,32,21,127,30,31,45
5490,Mon-05490,Fire,49,106,44,36,102,62,74
5491,Mon-05491,Psychic,96,125,57,25,96,32,33
5492,Mon-05492,Ground,77,25,22,63,41,127,52
5493,Mon-05493,Fire,8,74,55,136,98,75,42
5494,Mon-05494,Electric,28,59,79,113,70,112,28
5495,Mon-05495,Fighting,76,102,119,128,117,85,37
5496,Mon-05496,Rock,54,104,92,50,99,114,113
5497,Mon-05497,Water,76,44,30,147,50,86,115
5498,Mon-05498,Water,34,125,66,39,73,25,120
5499,Mon-05499,Dark,4,35,105,29,45,73,22
5500,Mon-05500,Poison,79,106,61,85,120,92,128
5501,Mon-05501,Fairy,79,102,82,80,77,128,58
5502,Mon-05502,Rock,64,38,129,61,117,112,64
5503,Mon-05503,Fighting,41,94,35,46,76,76,40
5504,Mon-05504,Water,1,50,73,65,75,109,125
5505,Mon-05505,Water,73,50,87,72,40,123,130
5506,Mon-05506,Fighting,67,29,108,100,126,117,97
5507,Mon-05507,Water,67,102,112,70,94,129,28
5508,Mon-05508,Fighting,18,109,51,55,52,59,66
5509,Mon-05509,Rock,74,76,71,100,113,69,50
5510,Mon-05510,Ground,73,106,112,98,45,21,121
5511,Mon-05511,Grass,86,58,113,80,30,34,92
5512,Mon-05512,Ground,57,82,111,38,94,110,127
5513,Mon-05513,Water,74,107,94,146,103,56,112
5514,Mon-05514,Grass,41,67,49,90,83,68,79
5515,Mon-05515,Dark,70,88,60,59,99,59,51
5516,Mon-05516,Rock,70,36,92,116,47,122,106
5517,Mon-05517,Fighting,78,76,48,77,50,118,97
5518,Mon-05518,Fire,86,114,95,45,61,102,106
5519,Mon-05519,Fire,1,105,77,113,43,126,123
5520,Mon-05520,Psychic,78,53,69,36,45,80,87
5521,Mon-05521,Poison,80,80,59,59,25,38,94
5522,Mon-05522,Ghost,55,88,105,108,46,90,66
5523,Mon-05523,Fighting,52,124,71,116,80,22,74
5524,Mon-05524,Poison,73,112,54,149,60,66,34
5525,Mon-05525,Poison,46,110,62,114,67,112,41
5526,Mon-05526,Rock,42,103,73,54,122,40,130
5527,Mon-05527,Dark,81,59,88,114,20,82,39
5528,Mon-05528,Rock,79,61,129,119,112,106,27
5529,Mon-05529,Normal,21,71,57,110,23,103,108
5530,Mon-05530,Psychic,83,67,39,119,76,85,34
5531,Mon-05531,Rock,33,126,128,128,34,56,71
5532,Mon-05532,Ghost,14,117,36,96,73,46,61
5533,Mon-05533,Normal,88,119,120,150,119,37,66
5534,Mon-05534,Dark,24,87,35,106,23,101,64
5535,Mon-05535,Poison,21,41,60,31,76,49,24
5536,Mon-05536,Psychic,27,35,130,46,71,92,49
5537,Mon-05537,Fire,50,50,38,87,70,25,91
5538,Mon-05538,Psychic,17,92,37,79,89,52,28
5539,Mon-05539,Fairy,16,60,87,127,56,62,49
5540,Mon-05540,Grass,40,92,41,109,106,105,119
5541,Mon-05541,Grass,22,117,22,25,46,31,92
5542,Mon-05542,Psychic,20,57,97,82,59,72,76
5543,Mon-05543,Ground,92,122,126,93,71,71,80
5544,Mon-05544,Rock,60,76,104,148,122,55,127
5545,Mon-05545,Ghost,2,109,127,108,79,108,25
5546,Mon-05546,Fire,11,26,78,47,113,128,117
5547,Mon-05547,Normal,82,50,88,49,35,25,73
5548,Mon-05548,Grass,27,123,129,64,29,123,74
5549,Mon-05549,Fighting,16,118,75,75,75,119,45
5550,Mon-05550,Fighting,67,83,24,38,120,113,63
5551,Mon-05551,Ground,84,23,46,124,45,33,80
5552,Mon-05552,Electric,40,26,88,33,44,63,48
5553,Mon-05553,Water,75,66,115,33,36,92,58
5554,Mon-05554,Electric,43,119,87,41,122,42,130
5555,Mon-05555,Fighting,11,61,65,41,30,46,110
5556,Mon-05556,Water,80,118,55,96,90,82,87
5557,Mon-05557,Poison,92,79,95,128,62,113,52
5558,Mon-05558,Water,99,34,119,143,65,38,113
5559,Mon-05559,Grass,11,82,50,126,98,21,115
5560,Mon-05560,Water,57,60,81,111,68,130,129
5561,Mon-05561,Dark,63,45,67,99,22,66,94
5562,Mon-05562,Psychic,8,94,47,63,82,28,44
5563,Mon-05563,Fairy,96,42,64,77,22,126,61
5564,Mon-05564,Normal,11,120,29,134,113,50,122
5565,Mon-05565,Normal,27,109,78,38,124,32,31
5566,Mon-05566,Psychic,97,106,31,129,112,94,108
5567,Mon-05567,Rock,56,28,72,127,65,104,75
5568,Mon-05568,Fire,68,126,119,32,66,34,70
5569,Mon-05569,Electric,50,74,36,55,84,100,37
5570,Mon-05570,Rock,76,101,47,64,114,61,125
5571,Mon-05571,Fire,9,41,100,140,103,55,43
5572,Mon-05572,Rock,68,105,120,80,72,94,85
5573,Mon-05573,Fire,7,55,126,122,110,26,81
5574,Mon-05574,Fighting,18,98,33,100,66,38,63
5575,Mon-05575,Fire,51,50,46,35,105,112,36
5576,Mon-05576,Fire,45,123,129,109,47,129,37
5577,Mon-05577,Normal,16,98,76,105,70,120,90
5578,Mon-05578,Water,80,70,112,134,111,106,100
5579,Mon-05579,Fairy,31,70,21,140,47,34,46
5580,Mon-05580,Fairy,87,20,32,99,88,54,105
5581,Mon-05581,Water,2,53,42,135,51,114,95
5582,Mon-05582,Dark,24,107,29,42,67,99,42
5583,Mon-05583,Normal,30,112,118,102,55,112,62
5584,Mon-05584,Electric,60,130,109,97,93,65,61
5585,Mon-05585,Normal,41,29,63,46,103,84,81
5586,Mon-05586,Dark,16,47,28,92,115,101,26
5587,Mon-05587,Psychic,58,105,31,110,59,106,125
5588,Mon-05588,Psychic,96,60,49,77,41,100,81
5589,Mon-05589,Ground,14,47,100,108,123,24,96
5590,Mon-05590,Ghost,26,51,108,118,63,42,86
5591,Mon-05591,Ghost,48,121,79,99,92,75,64
5592,Mon-05592,Psychic,73,115,120,75,62,97,114
5593,Mon-05593,Fighting,14,20,123,58,112,127,55
5594,Mon-05594,Dark,24,113,105,108,28,53,22
5595,Mon-05595,Grass,24,81,28,138,24,106,82
5596,Mon-05596,Ghost,62,113,118,83,57,93,33
5597,Mon-05597,Dark,9,89,120,88,66,49,111
5598,Mon-05598,Water,66,96,82,139,104,39,23
5599,Mon-05599,Ground,43,84,86,62,72,89,43
5600,Mon-05600,Fighting,33,101,106,126,48,56,124
5601,Mon-05601,Poison,87,110,85,57,28,43,49
5602,Mon-05602,Fire,82,76,58,57,110,44,76
5603,Mon-05603,Psychic,81,32,97,60,76,44,116
5604,Mon-05604,Rock,89,30,107,31,126,30,47
5605,Mon-05605,Normal,24,66,35,83,56,41,53
5606,Mon-05606,Poison,86,72,95,69,44,128,22
5607,Mon-05607,Fairy,18,115,39,54,50,41,109
5608,Mon-05608,Rock,34,23,83,120,65,65,30
5609,Mon-05609,Normal,56,118,31,90,35,75,128
5610,Mon-05610,Dark,75,26,130,49,34,97,99
5611,Mon-05611,Fighting,58,75,94,49,108,54,54
5612,Mon-05612,Fairy,56,66,72,127,96,111,73
5613,Mon-05613,Ground,38,81,75,59,75,106,77
5614,Mon-05614,Grass,60,24,88,74,73,76,101
5615,Mon-05615,Rock,48,104,33,40,75,119,61
5616,Mon-05616,Psychic,48,34,76,126,85,58,49
5617,Mon-05617,Grass,59,106,99,70,51,74,34
5618,Mon-05618,Ghost,61,82,48,113,106,86,68
5619,Mon-05619,Psychic,33,118,73,76,20,41,73
5620,Mon-05620,Psychic,14,128,56,126,106,29,89
5621,Mon-05621,Fire,30,113,37,75,108,130,112
5622,Mon-05622,Electric,41,70,128,137,77,25,43
5623,Mon-05623,Electric,17,66,85,116,52,25,44
5624,Mon-05624,Normal,18,93,63,85,117,31,51
5625,Mon-05625,Fairy,96,92,57,85,110,81,38
5626,Mon-05626,Psychic,29,107,95,103,123,49,35
5627,Mon-05627,Dark,74,73,32,112,21,44,108
5628,Mon-05628,Fighting,13,71,82,114,90,115,99
5629,Mon-05629,Water,98,33,45,29,20,124,112
5630,Mon-05630,Poison,22,38,118,58,24,117,84
5631,Mon-05631,Water,40,111,107,80,26,56,110
5632,Mon-05632,Grass,79,129,104,92,106,29,69
5633,Mon-05633,Grass,21,86,36,36,100,126,117
5634,Mon-05634,Water,55,58,28,50,119,80,82
5635,Mon-05635,Poison,79,26,70,83,90,127,23
5636,Mon-05636,Water,3,24,59,81,81,38,38
5637,Mon-05637,Dark,3,95,100,102,40,124,77
5638,Mon-05638,Ghost,79,91,99,33,97,54,110
5639,Mon-05639,Grass,27,51,64,125,121,107,36
5640,Mon-05640,Ghost,91,40,37,62,59,32,103
5641,Mon-05641,Grass,93,27,55,94,97,102,118
5642,Mon-05642,Rock,89,95,75,144,75,72,40
5643,Mon-05643,Psychic,100,87,48,72,77,125,81
5644,Mon-05644,Rock,83,56,55,64,108,36,118
5645,Mon-05645,Electric,39,101,46,58,52,44,54
5646,Mon-05646,Dark,100,113,27,107,117,90,63
5647,Mon-05647,Psychic,35,77,86,145,129,109,69
5648,Mon-05648,Electric,59,49,130,95,32,118,71
5649,Mon-05649,Ghost,1,20,125,49,76,32,56
5650,Mon-05650,Fire,97,108,123,144,21,20,78
5651,Mon-05651,Ground,60,84,93,30,57,60,49
5652,Mon-05652,Dark,95,58,102,76,61,30,108
5653,Mon-05653,Electric,36,20,27,40,93,64,95
5654,Mon-05654,Normal,32,110,42,29,63,72,38
5655,Mon-05655,Normal,53,122,98,150,60,130,114
5656,Mon-05656,Psychic,87,73,129,35,105,23,49
5657,Mon-05657,Grass,55,49,120,139,104,55,78
5658,Mon-05658,Poison,80,88,90,93,20,57,123
5659,Mon-05659,Ground,22,116,32,65,57,81,95
5660,Mon-05660,Ground,78,85,127,133,104,55,124
5661,Mon-05661,Ground,74,21,55,25,31,90,86
5662,Mon-05662,Ground,90,41,24,111,79,114,109
5663,Mon-05663,Dark,6,30,105,121,74,95,71
5664,Mon-05664,Grass,39,65,39,70,97,93,38
5665,Mon-05665,Rock,9,70,53,62,95,33,39
5666,Mon-05666,Electric,41,79,95,26,76,118,86
5667,Mon-05667,Water,76,104,127,27,65,82,35
5668,Mon-05668,Fighting,65,32,120,30,107,38,69
5669,Mon-05669,Fighting,76,124,38,82,62,90,71
5670,Mon-05670,Rock,74,49,39,91,68,74,28
5671,Mon-05671,Dark,100,77,109,78,66,120,113
5672,Mon-05672,Fire,88,43,55,113,58,91,28
5673,Mon-05673,Water,59,59,28,70,89,126,54
5674,Mon-05674,Poison,88,112,85,124,90,128,115
5675,Mon-05675,Ghost,5,24,92,107,119,46,24
5676,Mon-05676,Psychic,73,73,130,143,69,52,30
5677,Mon-05677,Rock,53,84,73,116,104,43,113
5678,Mon-05678,Water,96,83,108,41,53,45,50
5679,Mon-05679,Fighting,51,62,79,95,126,95,121
5680,Mon-05680,Dark,18,61,122,107,121,125,36
5681,Mon-05681,Normal,73,120,74,26,85,74,38
5682,Mon-05682,Fairy,96,46,94,30,100,109,83
5683,Mon-05683,Normal,2,73,126,27,84,102,125
5684,Mon-05684,Ground,7,60,117,46,41,48,104
5685,Mon-05685,Normal,67,104,64,136,124,114,87
5686,Mon-05686,Rock,56,109,76,55,102,73,49
5687,Mon-05687,Electric,55,114,85,48,66,21,27
5688,Mon-05688,Rock,10,29,33,81,48,99,106
5689,Mon-05689,Fairy,58,30,45,75,94,117,33
5690,Mon-05690,Psychic,57,61,98,150,67,47,39
5691,Mon-05691,Grass,85,68,27,38,111,49,68
5692,Mon-05692,Water,40,26,86,130,44,101,59
5693,Mon-05693,Fighting,35,119,73,53,77,127,116
5694,Mon-05694,Fairy,9,119,73,64,32,48,46
5695,Mon-05695,Ghost,57,67,113,86,99,67,92
5696,Mon-05696,Psychic,65,105,50,147,64,95,70
5697,Mon-05697,Ghost,29,82,107,54,41,114,46
5698,Mon-05698,Dark,74,92,107,68,81,23,128
5699,Mon-05699,Electric,94,116,130,108,83,42,108
5700,Mon-05700,Dark,18,30,111,109,53,119,101
5701,Mon-05701,Water,58,45,76,71,124,78,70
5702,Mon-05702,Fairy,70,67,60,41,28,104,42
5703,Mon-05703,Psychic,2,119,106,124,56,27,91
5704,Mon-05704,Poison,18,85,122,138,47,30,127
5705,Mon-05705,Electric,40,64,51,100,122,101,49
5706,Mon-05706,Psychic,14,23,61,134,47,61,95
5707,Mon-05707,Grass,36,85,75,56,44,124,115
5708,Mon-05708,Grass,15,49,31,133,85,67,70
5709,Mon-05709,Dark,90,56,54,126,48,113,28
5710,Mon-05710,Dark,60,130,38,138,51,80,121
5711,Mon-05711,Fairy,33,78,105,142,47,95,31
5712,Mon-05712,Normal,78,35,74,68,79,92,104
5713,Mon-05713,Fairy,2,25,87,40,103,33,73
5714,Mon-05714,Electric,60,63,28,119,72,108,100
5715,Mon-05715,Ghost,69,27,83,109,118,129,98
5716,Mon-05716,Fairy,81,67,99,106,49,62,42
5717,Mon-05717,Fighting,23,66,96,104,113,58,30
5718,Mon-05718,Ghost,60,117,108,30,102,86,34
5719,Mon-05719,Fairy,77,57,32,109,28,90,42
5720,Mon-05720,Rock,80,50,80,86,94,62,116
5721,Mon-05721,Dark,18,88,73,28,130,50,29
5722,Mon-05722,Electric,98,90,119,132,95,127,95
5723,Mon-05723,Ground,28,24,96,28,48,111,62
5724,Mon-05724,Rock,40,29,125,54,68,83,110
5725,Mon-05725,Normal,20,38,22,62,116,62,86
5726,Mon-05726,Ground,15,106,69,123,55,59,104
5727,Mon-05727,Ghost,26,43,98,35,72,63,111
5728,Mon-05728,Water,14,130,29,73,85,85,120
5729,Mon-05729,Dark,74,68,92,71,111,20,108
5730,Mon-05730,Grass,60,123,45,77,126,92,61
5731,Mon-05731,Ghost,40,47,28,134,98,83,122
5732,Mon-05732,Ground,55,67,92,65,68,36,58
5733,Mon-05733,Ghost,61,35,67,69,65,47,84
5734,Mon-05734,Normal,19,113,65,76,93,50,46
5735,Mon-05735,Rock,30,86,56,74,28,122,110
5736,Mon-05736,Water,89,28,96,145,69,123,31
5737,Mon-05737,Fairy,2,102,88,58,59,106,126
5738,Mon-05738,Rock,96,118,94,39,123,95,73
5739,Mon-05739,Fire,97,96,107,78,114,125,114
5740,Mon-05740,Ghost,26,109,87,35,49,101,75
5741,Mon-05741,Ghost,33,50,28,125,92,63,35
5742,Mon-05742,Fighting,21,67,37,137,70,59,32
5743,Mon-05743,Fire,57,114,130,129,112,93,118
5744,Mon-05744,Fighting,22,87,51,126,74,65,86
5745,Mon-05745,Ghost,80,87,67,78,91,70,35
5746,Mon-05746,Normal,39,105,61,112,100,127,60
5747,Mon-05747,Psychic,97,88,129,75,111,120,83
5748,Mon-05748,Electric,86,34,111,132,100,87,70
5749,Mon-05749,Ground,41,43,73,49,52,55,28
5750,Mon-05750,Water,60,106,95,42,102,69,76
5751,Mon-05751,Grass,3,46,81,147,55,56,39
5752,Mon-05752,Dark,7,93,91,70,101,66,54
5753,Mon-05753,Normal,51,72,125,64,125,60,94
5754,Mon-05754,Poison,48,88,94,109,72,69,96
5755,Mon-05755,Ghost,40,46,32,68,119,75,28
5756,Mon-05756,Grass,10,54,75,119,37,91,76
5757,Mon-05757,Grass,84,96,110,79,67,118,48
5758,Mon-05758,Ghost,41,39,24,123,116,78,68
5759,Mon-05759,Electric,48,54,59,35,101,43,109
5760,Mon-05760,Poison,41,130,42,116,56,40,65
5761,Mon-05761,Fire,50,36,100,66,75,92,85
5762,Mon-05762,Poison,65,84,35,78,32,130,22
5763,Mon-05763,Water,77,36,89,142,110,53,74
5764,Mon-05764,Fire,55,98,27,85,34,29,105
5765,Mon-05765,Electric,17,34,122,34,82,29,92
5766,Mon-05766,Fire,88,83,55,82,74,50,127
5767,Mon-05767,Ghost,29,68,65,55,88,125,107
5768,Mon-05768,Fairy,2,96,107,84,67,106,34
5769,Mon-05769,Rock,4,20,62,52,29,107,26
5770,Mon-05770,Rock,78,77,32,106,93,56,52
5771,Mon-05771,Grass,39,80,120,54,119,125,110
5772,Mon-05772,Fire,3,46,32,83,87,65,114
5773,Mon-05773,Water,82,53,75,145,24,64,100
5774,Mon-05774,Water,31,98,33,105,31,124,98
5775,Mon-05775,Fire,98,81,97,114,50,104,94
5776,Mon-05776,Fairy,88,84,49,122,52,52,54
5777,Mon-05777,Psychic,5,123,123,140,33,92,95
5778,Mon-05778,Fairy,70,64,42,136,119,58,92
5779,Mon-05779,Fairy,61,116,94,133,101,88,29
5780,Mon-05780,Rock,18,128,21,67,105,35,121
5781,Mon-05781,Psychic,35,83,32,103,126,24,104
5782,Mon-05782,Fairy,50,43,50,128,116,126,44
5783,Mon-05783,Water,15,66,118,95,38,27,51
5784,Mon-05784,Ghost,73,25,130,41,22,64,95
5785,Mon-05785,Grass,28,97,88,89,100,41,47
5786,Mon-05786,Rock,94,50,57,52,121,21,110
5787,Mon-05787,Ground,81,122,54,111,97,103,72
5788,Mon-05788,Ghost,64,92,43,133,115,51,30
5789,Mon-05789,Fire,12,74,57,113,87,108,96
5790,Mon-05790,Dark,3,40,75,94,70,81,123
5791,Mon-05791,Fire,15,31,96,100,34,91,56
5792,Mon-05792,Water,50,94,45,92,94,94,126
5793,Mon-05793,Fire,79,105,23,81,52,41,99
5794,Mon-05794,Poison,16,49,82,53,50,70,101
5795,Mon-05795,Ground,71,21,46,110,117,106,60
5796,Mon-05796,Psychic,5,55,64,69,93,45,77
5797,Mon-05797,Normal,27,104,99,44,69,32,44
5798,Mon-05798,Normal,60,84,119,125,108,66,87
5799,Mon-05799,Psychic,83,29,79,94,101,119,115
5800,Mon-05800,Psychic,78,32,122,90,73,55,91
5801,Mon-05801,Ground,54,31,49,90,128,62,116
5802,Mon-05802,Dark,4,104,99,34,23,34,37
5803,Mon-05803,Fire,30,106,128,92,74,100,87
5804,Mon-05804,Ghost,79,65,43,93,66,57,52
5805,Mon-05805,Ground,9,96,101,89,33,38,82
5806,Mon-05806,Ghost,71,22,72,25,100,31,31
5807,Mon-05807,Water,71,82,117,119,31,54,62
5808,Mon-05808,Poison,76,50,53,102,98,42,61
5809,Mon-05809,Normal,22,111,126,120,103,74,78
5810,Mon-05810,Psychic,25,74,108,88,73,67,102
5811,Mon-05811,Ghost,20,114,98,66,47,75,83
5812,Mon-05812,Fire,40,82,23,129,129,60,118
5813,Mon-05813,Fairy,53,70,29,69,98,30,51
5814,Mon-05814,Ghost,12,125,93,82,32,106,61
5815,Mon-05815,Ground,57,130,73,27,101,80,72
5816,Mon-05816,Electric,24,70,55,45,37,40,88
5817,Mon-05817,Fire,57,59,113,39,89,28,114
5818,Mon-05818,Ghost,31,91,73,78,48,124,86
5819,Mon-05819,Ground,96,39,70,58,90,122,126
5820,Mon-05820,Rock,32,62,55,66,109,40,72
5821,Mon-05821,Fairy,88,113,128,121,107,66,78
5822,Mon-05822,Normal,18,119,60,111,104,84,97
5823,Mon-05823,Normal,9,66,48,125,98,68,36
5824,Mon-05824,Electric,19,63,94,127,105,112,36
5825,Mon-05825,Ground,42,117,23,56,120,84,57
5826,Mon-05826,Psychic,91,42,86,102,117,49,28
5827,Mon-05827,Grass,18,26,82,134,105,106,66
5828,Mon-05828,Ghost,79,28,47,63,69,117,58
5829,Mon-05829,Poison,70,32,105,72,52,27,88
5830,Mon-05830,Ghost,35,117,24,91,55,114,127
5831,Mon-05831,Psychic,34,24,128,125,88,98,82
5832,Mon-05832,Psychic,95,56,115,43,86,121,125
5833,Mon-05833,Dark,72,86,39,83,67,121,87
5834,Mon-05834,Poison,24,87,74,55,65,25,90
5835,Mon-05835,Fire,92,112,41,114,100,68,112
5836,Mon-05836,Rock,41,128,88,55,78,27,84
5837,Mon-05837,Rock,8,64,59,69,22,21,127
5838,Mon-05838,Fire,82,45,74,68,35,121,90
5839,Mon-05839,Normal,87,30,126,33,56,47,57
5840,Mon-05840,Fire,45,118,88,109,63,26,67
5841,Mon-05841,Ghost,71,61,116,57,101,124,91
5842,Mon-05842,Fairy,24,119,89,86,72,65,52
5843,Mon-05843,Water,86,58,72,112,67,33,101
5844,Mon-05844,Fighting,37,103,21,124,29,48,20
5845,Mon-05845,Electric,27,91,29,140,26,21,100
5846,Mon-05846,Electric,51,99,79,40,130,95,22
5847,Mon-05847,Poison,27,92,75,104,115,123,38
5848,Mon-05848,Poison,63,54,75,66,24,63,127
5849,Mon-05849,Grass,75,31,113,121,70,115,112
5850,Mon-05850,Electric,41,21,30,73,122,58,102
5851,Mon-05851,Dark,79,66,93,26,99,71,123
5852,Mon-05852,Fighting,44,118,102,132,28,43,96
5853,Mon-05853,Ground,98,91,91,120,67,20,31
5854,Mon-05854,Psychic,27,94,46,66,115,38,113
5855,Mon-05855,Grass,71,48,65,130,53,84,46
5856,Mon-05856,Poison,54,73,26,76,80,31,87
5857,Mon-05857,Water,95,65,39,76,55,110,119
5858,Mon-05858,Fire,22,35,109,62,41,121,94
5859,Mon-05859,Normal,20,88,88,87,115,51,24
5860,Mon-05860,Psychic,87,60,116,150,45,50,107
5861,Mon-05861,Grass,91,64,96,31,84,39,108
5862,Mon-05862,Water,75,86,46,99,59,65,33
5863,Mon-05863,Psychic,48,23,110,47,88,120,124
5864,Mon-05864,Electric,42,123,96,40,108,63,40
5865,Mon-05865,Normal,67,44,41,32,81,105,25
5866,Mon-05866,Ghost,75,95,20,59,36,55,81
5867,Mon-05867,Psychic,28,106,104,117,51,69,95
5868,Mon-05868,Rock,1,37,100,117,46,74,30
5869,Mon-05869,Fairy,8,47,29,125,96,120,37
5870,Mon-05870,Fairy,35,65,71,43,96,75,93
5871,Mon-05871,Dark,69,110,121,38,35,87,29
5872,Mon-05872,Rock,45,90,107,148,88,114,112
5873,Mon-05873,Psychic,62,71,110,141,71,124,50
5874,Mon-05874,Psychic,47,114,63,113,66,119,112
5875,Mon-05875,Water,26,72,33,130,115,31,102
5876,Mon-05876,Poison,75,118,58,126,26,32,55
5877,Mon-05877,Psychic,73,105,96,97,100,68,108
5878,Mon-05878,Dark,97,39,113,84,81,58,42
5879,Mon-05879,Poison,83,62,91,148,48,95,73
5880,Mon-05880,Ground,38,22,24,110,45,67,126
5881,Mon-05881,Normal,71,46,85,136,38,65,118
5882,Mon-05882,Fighting,36,22,40,51,87,30,121
5883,Mon-05883,Rock,88,31,87,53,92,58,36
5884,Mon-05884,Dark,62,20,65,104,50,83,54
5885,Mon-05885,Fairy,84,94,79,145,62,97,28
5886,Mon-05886,Dark,29,65,86,103,128,38,119
5887,Mon-05887,Fire,2,72,90,80,98,87,107
5888,Mon-05888,Poison,15,104,20,28,85,83,117
5889,Mon-05889,Electric,54,109,127,44,33,51,32
5890,Mon-05890,Normal,97,79,83,54,83,118,57
5891,Mon-05891,Grass,63,70,76,50,63,69,99
5892,Mon-05892,Water,81,92,62,113,112,49,60
5893,Mon-05893,Ground,47,66,31,111,41,98,52
5894,Mon-05894,Fighting,96,69,89,72,130,40,123
5895,Mon-05895,Water,95,53,60,149,124,89,79
5896,Mon-05896,Fire,22,41,120,74,106,95,102
5897,Mon-05897,Fighting,87,42,93,81,75,70,105
5898,Mon-05898,Ground,2,92,68,91,85,42,88
5899,Mon-05899,Water,60,112,23,97,120,48,102
5900,Mon-05900,Normal,44,67,81,49,115,44,125
5901,Mon-05901,Electric,31,30,113,62,109,32,75
5902,Mon-05902,Dark,94,87,71,111,40,130,116
5903,Mon-05903,Ghost,67,120,92,131,65,113,27
5904,Mon-05904,Fire,14,78,33,78,104,77,28
5905,Mon-05905,Fairy,14,22,65,39,33,111,63
5906,Mon-05906,Psychic,12,29,108,132,95,92,75
5907,Mon-05907,Fighting,31,77,67,98,59,88,56
5908,Mon-05908,Grass,7,115,118,79,82,99,119
5909,Mon-05909,Ground,27,26,65,98,121,83,22
5910,Mon-05910,Normal,77,103,110,128,116,82,32
5911,Mon-05911,Poison,88,106,91,25,60,35,89
5912,Mon-05912,Ground,79,25,125,70,98,87,28
5913,Mon-05913,Fire,50,43,79,143,21,69,41
5914,Mon-05914,Fire,70,20,71,62,99,47,115
5915,Mon-05915,Fighting,95,82,59,147,35,73,110
5916,Mon-05916,Water,6,39,92,60,120,112,106
5917,Mon-05917,Fire,91,121,128,83,53,71,58
5918,Mon-05918,Rock,73,30,38,33,97,72,38
5919,Mon-05919,Poison,39,92,123,116,93,46,55
5920,Mon-05920,Fighting,45,107,128,55,48,109,40
5921,Mon-05921,Rock,44,39,105,131,113,33,46
5922,Mon-05922,Water,16,48,84,41,40,112,112
5923,Mon-05923,Fairy,24,108,115,39,119,123,47
5924,Mon-05924,Normal,30,30,49,84,76,39,43
5925,Mon-05925,Water,1,69,90,35,71,81,48
5926,Mon-05926,Rock,51,47,109,66,46,85,35
5927,Mon-05927,Grass,48,21,109,111,20,115,115
5928,Mon-05928,Fairy,33,70,85,88,97,56,120
5929,Mon-05929,Electric,18,74,62,95,101,94,42
5930,Mon-05930,Normal,97,58,125,36,113,31,109
5931,Mon-05931,Poison,68,110,94,110,127,111,49
5932,Mon-05932,Fire,48,30,105,36,52,104,64
5933,Mon-05933,Fighting,73,67,89,97,82,43,130
5934,Mon-05934,Normal,38,40,117,124,121,33,89
5935,Mon-05935,Ground,22,104,73,116,82,31,109
5936,Mon-05936,Poison,68,81,80,69,102,112,67
5937,Mon-05937,Fire,78,98,109,44,99,88,88
5938,Mon-05938,Dark,66,31,77,129,129,61,50
5939,Mon-05939,Psychic,57,70,47,52,57,80,101
5940,Mon-05940,Fire,1,25,104,87,42,81,129
5941,Mon-05941,Electric,64,55,61,54,121,30,37
5942,Mon-05942,Ground,62,124,31,28,71,68,80
5943,Mon-05943,Psychic,42,100,61,77,41,87,49
5944,Mon-05944,Fairy,25,28,25,94,91,87,90
5945,Mon-05945,Fairy,98,60,117,120,114,40,70
5946,Mon-05946,Fighting,38,116,129,116,104,123,65
5947,Mon-05947,Electric,28,38,49,129,57,32,63
5948,Mon-05948,Water,71,104,121,127,121,115,75
5949,Mon-05949,Psychic,49,55,98,75,24,129,42
5950,Mon-05950,Ground,56,72,126,67,118,103,51
5951,Mon-05951,Water,65,117,38,100,40,81,27
5952,Mon-05952,Electric,37,94,26,85,46,41,67
5953,Mon-05953,Rock,16,51,122,62,54,56,87
5954,Mon-05954,Water,17,20,49,29,66,80,89
5955,Mon-05955,Normal,94,46,86,84,25,30,43
5956,Mon-05956,Electric,51,66,120,84,99,98,110
5957,Mon-05957,Fire,42,34,58,143,34,121,66
5958,Mon-05958,Electric,32,117,29,127,34,102,109
5959,Mon-05959,Ground,73,26,107,58,20,124,111
5960,Mon-05960,Ground,92,80,70,38,126,72,21
5961,Mon-05961,Rock,77,128,22,124,25,48,25
5962,Mon-05962,Ghost,54,57,57,86,102,21,79
5963,Mon-05963,Fighting,48,79,78,30,90,68,113
5964,Mon-05964,Water,87,28,117,119,112,32,61
5965,Mon-05965,Normal,86,100,45,68,69,91,87
5966,Mon-05966,Normal,40,128,77,46,120,109,87
5967,Mon-05967,Dark,97,105,40,108,72,32,104
5968,Mon-05968,Water,83,36,52,123,39,77,117
5969,Mon-05969,Dark,85,59,49,122,120,79,83
5970,Mon-05970,Psychic,6,100,78,59,66,54,106
5971,Mon-05971,Poison,14,108,93,99,20,44,86
5972,Mon-05972,Water,30,64,32,83,92,99,56
5973,Mon-05973,Psychic,77,126,28,134,55,45,83
5974,Mon-05974,Fighting,8,42,101,48,111,23,102
5975,Mon-05975,Electric,9,102,52,128,37,86,119
5976,Mon-05976,Dark,4,75,88,68,101,27,31
5977,Mon-05977,Fire,20,99,28,102,112,54,57
5978,Mon-05978,Dark,92,86,86,88,33,29,34
5979,Mon-05979,Psychic,73,67,120,68,84,81,39
5980,Mon-05980,Water,72,110,68,54,91,44,45
5981,Mon-05981,Grass,30,113,84,70,122,49,120
5982,Mon-05982,Dark,63,110,52,101,52,64,64
5983,Mon-05983,Electric,78,29,51,102,74,74,122
5984,Mon-05984,Rock,54,66,27,103,65,99,76
5985,Mon-05985,Grass,86,103,73,107,61,123,22
5986,Mon-05986,Ground,57,116,125,31,130,86,64
5987,Mon-05987,Psychic,33,60,32,74,92,73,100
5988,Mon-05988,Ground,64,102,66,64,37,84,89
5989,Mon-05989,Water,95,82,112,75,115,75,60
5990,Mon-05990,Water,83,44,75,73,31,20,33
5991,Mon-05991,Psychic,50,119,104,47,117,74,104
5992,Mon-05992,Psychic,60,69,61,146,65,102,77
5993,Mon-05993,Fighting,98,87,86,25,95,115,107
5994,Mon-05994,Ground,75,52,129,100,115,30,50
5995,Mon-05995,Fighting,51,22,86,83,116,95,37
5996,Mon-05996,Fire,29,70,108,113,38,32,60
5997,Mon-05997,Fairy,91,100,96,129,65,23,46
5998,Mon-05998,Poison,98,56,30,106,28,25,76
5999,Mon-05999,Psychic,8,123,37,121,91,33,75
6000,Mon-06000,Poison,4,103,87,59,66,29,34
6001,Mon-06001,Psychic,12,91,58,150,130,84,71
6002,Mon-06002,Grass,39,109,73,35,90,122,63
6003,Mon-06003,Rock,16,115,73,109,68,104,77
6004,Mon-06004,Fighting,89,100,108,43,37,101,104
6005,Mon-06005,Normal,92,111,129,54,51,32,70
6006,Mon-06006,Fire,19,99,130,128,109,124,50
6007,Mon-06007,Water,83,115,28,110,35,75,120
6008,Mon-06008,Poison,15,31,102,104,113,23,104
6009,Mon-06009,Ground,79,58,100,129,86,91,126
6010,Mon-06010,Dark,37,118,116,60,78,98,45
6011,Mon-06011,Fire,5,72,67,105,72,64,88
6012,Mon-06012,Normal,43,21,75,50,23,99,103
6013,Mon-06013,Fighting,83,114,70,85,45,96,119
6014,Mon-06014,Normal,94,92,61,76,77,84,41
6015,Mon-06015,Psychic,13,121,47,102,73,58,48
6016,Mon-06016,Rock,84,21,91,33,43,130,125
6017,Mon-06017,Electric,30,36,21,28,109,89,82
6018,Mon-06018,Electric,47,76,103,28,69,71,37
6019,Mon-06019,Dark,11,40,113,58,63,104,41
6020,Mon-06020,Grass,98,77,45,97,104,46,130
6021,Mon-06021,Fire,80,58,43,44,36,126,119
6022,Mon-06022,Ghost,65,43,75,149,26,101,45
6023,Mon-06023,Fighting,73,105,113,77,55,90,81
6024,Mon-06024,Normal,88,24,32,63,20,49,98
6025,Mon-06025,Psychic,15,117,67,137,61,59,69
6026,Mon-06026,Rock,25,37,44,47,34,125,53
6027,Mon-06027,Fire,4,84,114,48,93,100,97
6028,Mon-06028,Fairy,49,130,117,72,25,32,29
6029,Mon-06029,Fire,50,32,29,33,42,109,43
6030,Mon-06030,Dark,3,122,36,110,48,33,22
6031,Mon-06031,Dark,67,53,37,122,86,66,118
6032,Mon-06032,Electric,1,102,110,69,64,66,36
6033,Mon-06033,Electric,80,115,119,134,105,60,116
6034,Mon-06034,Fairy,71,45,61,25,106,74,65
6035,Mon-06035,Poison,82,58,37,91,62,36,31
6036,Mon-06036,Rock,12,115,93,116,23,93,84
6037,Mon-06037,Dark,88,31,118,72,126,95,55
6038,Mon-06038,Ghost,55,32,121,144,58,114,73
6039,Mon-06039,Dark,87,53,69,79,79,69,128
6040,Mon-06040,Rock,70,86,106,140,123,78,89
6041,Mon-06041,Electric,66,109,126,108,92,34,21
6042,Mon-06042,Poison,4,82,111,54,83,58,30
6043,Mon-06043,Dark,70,74,72,129,57,82,105
6044,Mon-06044,Fighting,45,116,48,28,111,66,95
6045,Mon-06045,Ground,85,39,61,48,41,129,74
6046,Mon-06046,Electric,69,120,60,123,73,50,107
6047,Mon-06047,Fire,8,54,129,138,58,25,44
6048,Mon-06048,Psychic,89,50,101,73,30,116,45
6049,Mon-06049,Fairy,7,125,115,107,50,77,65
6050,Mon-06050,Ghost,30,91,106,112,40,27,107
6051,Mon-06051,Electric,22,67,72,118,30,123,129
6052,Mon-06052,Ghost,98,56,107,139,104,43,47
6053,Mon-06053,Ghost,16,69,91,35,98,126,88
6054,Mon-06054,Fairy,85,107,102,49,115,58,69
6055,Mon-06055,Dark,23,36,53,140,23,57,117
6056,Mon-06056,Psychic,66,39,45,93,71,43,109
6057,Mon-06057,Rock,10,53,40,91,93,39,39
6058,Mon-06058,Fire,40,73,52,75,74,108,96
6059,Mon-06059,Psychic,63,110,128,70,22,66,21
6060,Mon-06060,Water,72,43,124,55,69,81,75
6061,Mon-06061,Fairy,88,107,36,75,33,55,49
6062,Mon-06062,Ghost,82,120,81,34,22,67,61
6063,Mon-06063,Fire,52,68,124,61,101,73,56
6064,Mon-06064,Ghost,31,126,103,150,30,54,82
6065,Mon-06065,Electric,27,119,87,45,53,86,114
6066,Mon-06066,Poison,100,108,86,117,130,71,77
6067,Mon-06067,Poison,61,62,56,29,125,105,116
6068,Mon-06068,Grass,91,53,122,117,24,106,127
6069,Mon-06069,Psychic,44,115,29,58,64,90,44
6070,Mon-06070,Normal,49,69,116,113,58,31,111
6071,Mon-06071,Fairy,83,23,116,87,89,119,44
6072,Mon-06072,Rock,73,99,49,122,96,97,32
6073,Mon-06073,Fighting,21,58,76,109,28,101,43
6074,Mon-06074,Fairy,53,123,118,95,67,92,65
6075,Mon-06075,Grass,22,114,72,117,51,77,38
6076,Mon-06076,Fairy,77,31,53,146,129,82,85
6077,Mon-06077,Electric,3,120,27,100,52,33,86
6078,Mon-06078,Fairy,83,125,68,46,23,121,98
6079,Mon-06079,Water,93,103,50,39,89,109,121
6080,Mon-06080,Fire,3,50,114,93,117,120,39
6081,Mon-06081,Ground,64,94,115,79,111,99,128
6082,Mon-06082,Fire,8,116,55,101,34,49,112
6083,Mon-06083,Dark,37,110,43,109,102,57,25
6084,Mon-06084,Dark,34,67,52,48,42,116,89
6085,Mon-06085,Normal,52,98,64,118,36,45,48
6086,Mon-06086,Poison,92,62,94,149,78,88,27
6087,Mon-06087,Grass,47,48,36,65,109,93,95
6088,Mon-06088,Electric,40,94,130,142,116,40,26
6089,Mon-06089,Water,10,71,97,141,88,29,39
6090,Mon-06090,Psychic,89,44,34,77,65,23,96
6091,Mon-06091,Normal,32,93,54,125,85,107,29
6092,Mon-06092,Poison,47,55,97,142,52,52,103
6093,Mon-06093,Fairy,10,85,75,132,35,45,22
6094,Mon-06094,Electric,29,60,78,73,64,120,54
6095,Mon-06095,Ground,56,118,24,108,38,85,48
6096,Mon-06096,Normal,91,114,65,99,30,22,37
6097,Mon-06097,Dark,33,72,88,77,102,53,79
6098,Mon-06098,Ghost,57,98,103,105,113,72,44
6099,Mon-06099,Ghost,88,39,69,142,103,72,36
6100,Mon-06100,Ghost,37,130,81,28,121,106,63
6101,Mon-06101,Dark,30,43,44,138,73,108,75
6102,Mon-06102,Water,5,116,108,71,95,23,90
6103,Mon-06103,Ground,91,113,97,129,42,51,29
6104,Mon-06104,Water,12,39,102,38,69,86,40
6105,Mon-06105,Ghost,22,20,94,137,31,23,25
6106,Mon-06106,Fairy,14,101,129,81,88,83,107
6107,Mon-06107,Normal,71,116,117,140,68,28,82
6108,Mon-06108,Normal,37,99,110,78,81,83,47
6109,Mon-06109,Poison,71,26,57,119,114,28,79
6110,Mon-06110,Fighting,61,91,27,100,25,101,109
6111,Mon-06111,Electric,2,63,20,50,69,70,104
6112,Mon-06112,Water,31,121,106,56,63,125,122
6113,Mon-06113,Poison,1,108,119,92,102,29,45
6114,Mon-06114,Rock,7,108,92,86,92,116,38
6115,Mon-06115,Fire,48,65,100,102,99,65,104
6116,Mon-06116,Fighting,27,55,29,126,114,74,121
6117,Mon-06117,Normal,9,111,82,122,53,97,39
6118,Mon-06118,Grass,41,32,87,32,59,89,98
6119,Mon-06119,Fighting,46,31,37,87,58,117,83
6120,Mon-06120,Psychic,100,26,103,43,110,112,118
6121,Mon-06121,Psychic,67,76,57,89,71,44,41
6122,Mon-06122,Poison,40,28,41,92,104,50,58
6123,Mon-06123,Rock,48,84,97,150,47,117,88
6124,Mon-06124,Ghost,9,38,68,73,123,109,115
6125,Mon-06125,Normal,39,118,79,81,73,128,111
6126,Mon-06126,Water,59,67,80,89,129,121,72
6127,Mon-06127,Fire,3,30,89,41,69,89,61
6128,Mon-06128,Fighting,92,96,65,32,24,126,41
6129,Mon-06129,Water,52,57,110,114,49,101,64
6130,Mon-06130,Rock,79,49,117,62,68,118,130
6131,Mon-06131,Electric,28,93,73,70,34,73,45
6132,Mon-06132,Water,84,126,38,150,105,127,125
6133,Mon-06133,Psychic,37,128,50,56,58,28,51
6134,Mon-06134,Fighting,93,68,105,138,111,120,33
6135,Mon-06135,Ghost,53,114,48,104,127,126,99
6136,Mon-06136,Fire,64,43,106,58,29,107,70
6137,Mon-06137,Electric,21,113,93,145,50,124,101
6138,Mon-06138,Water,100,124,69,103,87,66,129
6139,Mon-06139,Poison,20,77,34,64,116,55,36
6140,Mon-06140,Fairy,4,78,79,81,119,34,80
6141,Mon-06141,Fairy,44,82,96,71,41,41,49
6142,Mon-06142,Grass,84,28,37,131,45,116,75
6143,Mon-06143,Ghost,93,115,111,83,42,27,48
6144,Mon-06144,Poison,86,101,41,29,58,42,41
6145,Mon-06145,Ghost,56,116,65,111,87,75,77
6146,Mon-06146,Normal,92,32,79,120,63,59,66
6147,Mon-06147,Water,50,109,102,74,100,122,105
6148,Mon-06148,Fire,48,60,44,141,63,23,75
6149,Mon-06149,Dark,19,110,57,78,85,24,86
6150,Mon-06150,Grass,79,130,109,58,82,50,99
6151,Mon-06151,Ghost,32,117,56,113,48,87,26
6152,Mon-06152,Fairy,20,121,88,41,26,59,69
6153,Mon-06153,Grass,37,32,64,149,44,112,78
6154,Mon-06154,Rock,61,56,26,111,106,30,90
6155,Mon-06155,Ground,28,52,77,64,102,62,24
6156,Mon-06156,Grass,36,77,59,35,33,92,31
6157,Mon-06157,Fighting,34,128,49,98,62,87,114
6158,Mon-06158,Psychic,60,96,115,98,110,77,104
6159,Mon-06159,Dark,72,80,105,125,109,69,66
6160,Mon-06160,Fire,68,109,50,60,21,30,20
6161,Mon-06161,Poison,15,39,78,51,107,27,48
6162,Mon-06162,Grass,35,93,99,77,107,26,91
6163,Mon-06163,Poison,65,75,25,128,32,75,95
6164,Mon-06164,Normal,22,42,30,139,59,118,111
6165,Mon-06165,Fairy,7,91,79,69,25,29,81
6166,Mon-06166,Grass,33,113,123,31,92,27,105
6167,Mon-06167,Psychic,68,111,122,38,115,96,46
6168,Mon-06168,Fire,67,113,69,93,39,75,36
6169,Mon-06169,Psychic,13,110,98,28,59,54,57
6170,Mon-06170,Fighting,68,72,74,116,79,21,113
6171,Mon-06171,Electric,20,25,120,29,27,109,118
6172,Mon-06172,Electric,75,127,83,78,53,93,28
6173,Mon-06173,Water,57,70,118,125,44,85,41
6174,Mon-06174,Water,13,90,60,83,20,45,27
6175,Mon-06175,Fire,36,22,123,110,94,123,104
6176,Mon-06176,Electric,82,118,100,67,100,26,111
6177,Mon-06177,Normal,44,118,105,124,28,101,122
6178,Mon-06178,Electric,69,123,21,78,34,100,40
6179,Mon-06179,Fighting,75,39,109,119,27,100,77
6180,Mon-06180,Fighting,4,113,38,144,124,86,69
6181,Mon-06181,Dark,94,89,123,73,83,53,128
6182,Mon-06182,Psychic,34,36,40,54,80,70,123
6183,Mon-06183,Fairy,80,83,111,142,29,69,112
6184,Mon-06184,Ground,47,72,90,110,20,116,43
6185,Mon-06185,Water,58,89,63,135,123,102,57
6186,Mon-06186,Rock,37,29,118,72,124,72,106
6187,Mon-06187,Ghost,86,82,63,68,80,100,87
6188,Mon-06188,Dark,12,95,27,40,34,127,84
6189,Mon-06189,Psychic,90,99,28,122,23,96,28
6190,Mon-06190,Fighting,21,105,114,131,112,59,65
6191,Mon-06191,Poison,89,89,62,128,78,20,128
6192,Mon-06192,Ghost,3,97,110,61,56,117,70
6193,Mon-06193,Poison,2,30,22,86,21,21,118
6194,Mon-06194,Water,10,108,28,87,83,76,65
6195,Mon-06195,Poison,55,60,129,40,117,27,114
6196,Mon-06196,Water,27,80,35,25,112,117,111
6197,Mon-06197,Poison,60,80,96,67,101,23,89
6198,Mon-06198,Ghost,82,128,58,89,25,95,110
6199,Mon-06199,Ground,3,56,75,149,104,105,25
6200,Mon-06200,Fire,53,62,32,135,95,101,61
6201,Mon-06201,Rock,74,104,49,115,113,80,29
6202,Mon-06202,Poison,43,90,104,146,36,85,97
6203,Mon-06203,Grass,93,55,79,122,115,76,52
6204,Mon-06204,Electric,67,58,75,91,99,104,79
6205,Mon-06205,Fire,4,111,124,139,104,29,113
6206,Mon-06206,Fairy,55,112,65,140,37,118,103
6207,Mon-06207,Ghost,39,36,109,50,114,105,93
6208,Mon-06208,Normal,14,64,100,60,22,127,25
6209,Mon-06209,Electric,96,105,71,147,44,30,88
6210,Mon-06210,Water,23,33,52,25,37,43,57
6211,Mon-06211,Water,9,40,59,90,45,44,129
6212,Mon-06212,Ground,23,37,116,73,89,65,57
6213,Mon-06213,Ground,83,78,53,118,122,110,103
6214,Mon-06214,Water,60,70,92,145,129,107,86
6215,Mon-06215,Water,82,55,33,65,32,96,57
6216,Mon-06216,Grass,47,35,58,52,127,63,43
6217,Mon-06217,Ground,12,90,123,66,32,30,48
6218,Mon-06218,Dark,39,109,79,115,102,97,79
6219,Mon-06219,Dark,20,43,111,70,40,28,118
6220,Mon-06220,Electric,56,93,48,105,111,42,128
6221,Mon-06221,Normal,27,108,104,68,58,65,54
6222,Mon-06222,Grass,98,81,129,118,117,106,24
6223,Mon-06223,Normal,38,83,122,32,80,86,44
6224,Mon-06224,Psychic,32,38,68,68,78,31,75
6225,Mon-06225,Fairy,99,126,95,64,68,47,64
6226,Mon-06226,Dark,53,126,119,100,45,114,35
6227,Mon-06227,Normal,18,99,110,106,77,84,39
6228,Mon-06228,Ghost,49,120,128,116,93,92,84
6229,Mon-06229,Water,26,87,23,138,35,59,49
6230,Mon-06230,Grass,72,93,79,125,35,110,46
6231,Mon-06231,Ground,58,112,107,30,67,85,61
6232,Mon-06232,Electric,74,24,101,110,112,29,120
6233,Mon-06233,Electric,95,44,37,27,59,100,113
6234,Mon-06234,Normal,73,42,83,77,65,52,55
6235,Mon-06235,Electric,35,90,38,99,126,113,105
6236,Mon-06236,Fairy,21,46,30,65,49,90,126
6237,Mon-06237,Dark,53,63,32,113,60,41,51
6238,Mon-06238,Psychic,45,74,125,125,113,23,20
6239,Mon-06239,Normal,32,102,50,101,77,29,45
6240,Mon-06240,Grass,82,77,70,91,32,47,112
6241,Mon-06241,Ghost,91,22,48,147,43,33,31
6242,Mon-06242,Rock,39,96,119,107,128,93,49
6243,Mon-06243,Normal,69,67,118,53,109,38,125
6244,Mon-06244,Fire,99,32,92,107,125,69,42
6245,Mon-06245,Water,2,92,111,85,73,56,73
6246,Mon-06246,Dark,37,49,31,27,87,93,118
6247,Mon-06247,Normal,74,71,130,140,35,23,114
6248,Mon-06248,Fighting,50,127,66,125,99,64,53
6249,Mon-06249,Electric,80,46,64,102,83,112,47
6250,Mon-06250,Ground,48,118,41,109,24,47,84
6251,Mon-06251,Electric,7,71,117,97,114,114,55
6252,Mon-06252,Normal,44,123,38,68,68,39,101
6253,Mon-06253,Water,41,114,115,142,130,99,95
6254,Mon-06254,Poison,85,112,99,94,118,51,66
6255,Mon-06255,Fairy,15,42,105,67,66,59,65
6256,Mon-06256,Fighting,16,107,23,111,21,77,31
6257,Mon-06257,Fairy,15,60,101,44,36,98,97
6258,Mon-06258,Fighting,57,121,127,65,52,78,122
6259,Mon-06259,Ghost,100,129,63,41,53,83,117
6260,Mon-06260,Grass,62,87,69,35,59,52,91
6261,Mon-06261,Water,82,121,32,128,126,93,100
6262,Mon-06262,Normal,86,79,74,80,94,27,119
6263,Mon-06263,Water,61,23,94,132,41,29,44
6264,Mon-06264,Electric,61,117,53,105,98,37,105
6265,Mon-06265,Psychic,25,78,102,54,26,117,31
6266,Mon-06266,Electric,97,24,29,51,27,88,105
6267,Mon-06267,Fire,79,27,94,82,91,58,44
6268,Mon-06268,Normal,88,100,85,36,44,89,85
6269,Mon-06269,Normal,99,122,45,98,68,49,20
6270,Mon-06270,Dark,35,97,58,82,111,101,20
6271,Mon-06271,Ground,15,69,46,42,63,63,92
6272,Mon-06272,Fire,86,54,89,91,41,88,117
6273,Mon-06273,Ghost,48,66,90,131,130,47,32
6274,Mon-06274,Electric,96,55,81,139,51,23,112
6275,Mon-06275,Poison,70,50,41,77,93,130,103
6276,Mon-06276,Psychic,26,34,44,34,38,92,100
6277,Mon-06277,Fire,36,83,110,133,37,91,50
6278,Mon-06278,Normal,62,44,71,94,103,86,117
6279,Mon-06279,Grass,40,36,68,120,119,119,87
6280,Mon-06280,Electric,29,50,54,30,23,22,40
6281,Mon-06281,Dark,21,108,123,62,128,125,117
6282,Mon-06282,Rock,65,83,46,60,53,70,51
6283,Mon-06283,Dark,4,74,105,115,129,84,75
6284,Mon-06284,Psychic,10,85,105,110,79,124,37
6285,Mon-06285,Fighting,5,82,47,118,105,108,63
6286,Mon-06286,Psychic,74,75,21,75,20,58,91
6287,Mon-06287,Grass,3,113,47,64,37,120,119
6288,Mon-06288,Grass,42,101,49,48,125,29,68
6289,Mon-06289,Fighting,13,40,102,56,38,36,88
6290,Mon-06290,Grass,59,110,78,45,116,45,31
6291,Mon-06291,Fairy,4,39,67,128,33,49,46
6292,Mon-06292,Grass,3,28,72,110,91,94,83
6293,Mon-06293,Electric,42,66,125,110,61,64,24
6294,Mon-06294,Psychic,70,63,124,136,68,114,57
6295,Mon-06295,Water,11,107,22,118,98,89,26
6296,Mon-06296,Rock,50,97,113,65,37,87,74
6297,Mon-06297,Ground,82,26,60,64,58,105,49
6298,Mon-06298,Grass,63,75,103,41,81,65,49
6299,Mon-06299,Grass,76,108,129,115,59,58,71
6300,Mon-06300,Electric,32,101,77,135,46,31,37
6301,Mon-06301,Fighting,95,75,89,115,24,113,104
6302,Mon-06302,Ghost,15,88,67,84,90,45,70
6303,Mon-06303,Normal,61,82,28,66,26,92,120
6304,Mon-06304,Grass,44,45,24,80,36,107,45
6305,Mon-06305,Dark,4,82,59,59,46,61,26
6306,Mon-06306,Grass,95,94,111,45,99,38,64
6307,Mon-06307,Dark,71,26,57,79,33,95,31
6308,Mon-06308,Fire,23,97,67,54,55,56,62
6309,Mon-06309,Poison,6,47,78,118,28,114,105
6310,Mon-06310,Electric,68,20,55,139,75,69,124
6311,Mon-06311,Water,55,103,74,49,40,57,70
6312,Mon-06312,Fairy,5,63,87,25,37,100,40
6313,Mon-06313,Grass,99,65,114,135,55,62,63
6314,Mon-06314,Water,72,89,103,62,48,108,51
6315,Mon-06315,Psychic,47,82,110,57,25,96,33
6316,Mon-06316,Electric,24,88,78,132,69,118,107
6317,Mon-06317,Fairy,28,124,97,130,75,67,101
6318,Mon-06318,Fighting,46,92,36,98,70,29,52
6319,Mon-06319,Fire,6,25,36,44,69,39,73
6320,Mon-06320,Ghost,37,44,122,113,130,20,73
6321,Mon-06321,Water,22,69,87,118,50,114,67
6322,Mon-06322,Rock,12,72,32,80,57,47,104
6323,Mon-06323,Fairy,13,60,65,95,76,42,97
6324,Mon-06324,Grass,35,40,127,92,29,87,20
6325,Mon-06325,Grass,39,31,22,108,129,47,44
6326,Mon-06326,Poison,36,36,69,89,78,128,126
6327,Mon-06327,Grass,69,125,112,147,97,116,65
6328,Mon-06328,Fighting,53,63,125,29,55,70,71
6329,Mon-06329,Poison,20,126,60,31,96,91,104
6330,Mon-06330,Rock,98,57,121,44,117,62,104
6331,Mon-06331,Fairy,74,54,99,43,84,67,82
6332,Mon-06332,Fighting,48,74,65,87,43,73,122
6333,Mon-06333,Ground,5,125,106,34,95,62,85
6334,Mon-06334,Fire,92,82,108,49,114,68,117
6335,Mon-06335,Ground,75,23,50,90,96,40,70
6336,Mon-06336,Ground,47,50,29,138,93,92,44
6337,Mon-06337,Fire,17,128,106,126,71,27,32
6338,Mon-06338,Grass,11,37,29,52,40,120,81
6339,Mon-06339,Dark,29,112,106,31,99,120,118
6340,Mon-06340,Fire,24,123,59,118,64,43,65
6341,Mon-06341,Psychic,21,43,98,123,45,24,100
6342,Mon-06342,Grass,41,82,87,142,74,73,79
6343,Mon-06343,Normal,5,86,24,79,22,26,109
6344,Mon-06344,Electric,33,108,21,32,77,64,106
6345,Mon-06345,Fire,88,108,89,143,80,103,97
6346,Mon-06346,Grass,87,26,77,61,64,54,59
6347,Mon-06347,Water,1,55,24,73,98,119,65
6348,Mon-06348,Psychic,68,124,128,77,84,21,72
6349,Mon-06349,Grass,100,59,46,149,60,98,111
6350,Mon-06350,Fighting,58,47,115,70,99,75,87
6351,Mon-06351,Psychic,40,89,32,95,32,46,39
6352,Mon-06352,Electric,50,41,45,88,76,67,50
6353,Mon-06353,Ground,22,36,78,149,35,50,54
6354,Mon-06354,Normal,40,108,78,144,86,88,87
6355,Mon-06355,Normal,94,33,87,104,21,126,104
6356,Mon-06356,Water,62,118,39,38,115,75,36
6357,Mon-06357,Dark,44,47,49,68,23,97,100
6358,Mon-06358,Psychic,13,31,49,108,75,87,89
6359,Mon-06359,Ground,91,102,68,126,93,111,42
6360,Mon-06360,Rock,17,39,122,119,66,82,35
6361,Mon-06361,Normal,73,60,71,86,43,69,36
6362,Mon-06362,Fairy,31,58,130,109,47,33,106
6363,Mon-06363,Grass,28,76,47,63,113,106,46
6364,Mon-06364,Fire,18,72,46,105,34,119,41
6365,Mon-06365,Poison,38,41,31,85,98,128,66
6366,Mon-06366,Dark,68,46,43,111,52,101,91
6367,Mon-06367,Fairy,42,41,54,134,21,59,69
6368,Mon-06368,Dark,3,26,62,128,65,98,84
6369,Mon-06369,Grass,27,92,99,117,30,55,60
6370,Mon-06370,Grass,17,72,69,121,104,119,67
6371,Mon-06371,Rock,41,32,96,46,105,24,84
6372,Mon-06372,Normal,91,56,29,48,44,119,91
6373,Mon-06373,Ground,97,94,125,130,105,101,101
6374,Mon-06374,Dark,100,51,36,93,97,118,113
6375,Mon-06375,Electric,12,64,23,79,95,46,56
6376,Mon-06376,Fighting,49,102,67,108,28,76,33
6377,Mon-06377,Rock,5,94,92,35,34,48,30
6378,Mon-06378,Fighting,50,97,46,45,37,98,95
6379,Mon-06379,Water,58,62,38,43,110,90,67
6380,Mon-06380,Grass,78,73,113,96,56,96,65
6381,Mon-06381,Grass,34,113,111,33,78,102,101
6382,Mon-06382,Ground,4,116,103,30,72,24,94
6383,Mon-06383,Fire,46,26,44,110,130,65,121
6384,Mon-06384,Ground,43,113,79,117,40,48,117
6385,Mon-06385,Dark,63,119,96,57,106,124,103
6386,Mon-06386,Fire,10,124,68,112,32,78,92
6387,Mon-06387,Poison,62,49,39,37,128,37,119
6388,Mon-06388,Fire,41,75,112,76,82,63,37
6389,Mon-06389,Fire,74,24,124,71,49,78,126
6390,Mon-06390,Psychic,99,32,38,68,65,56,66
6391,Mon-06391,Electric,23,82,98,134,100,88,47
6392,Mon-06392,Electric,76,42,118,34,66,105,80
6393,Mon-06393,Water,13,44,80,104,27,88,119
6394,Mon-06394,Psychic,99,52,25,59,54,84,34
6395,Mon-06395,Grass,49,70,96,86,121,92,39
6396,Mon-06396,Electric,75,36,122,50,61,51,91
6397,Mon-06397,Psychic,78,109,49,117,74,90,94
6398,Mon-06398,Rock,61,94,35,32,40,25,99
6399,Mon-06399,Dark,39,107,48,34,22,107,119
6400,Mon-06400,Water,76,122,110,66,50,62,104
6401,Mon-06401,Normal,48,86,81,136,116,110,110
6402,Mon-06402,Dark,66,60,22,28,80,48,33
6403,Mon-06403,Ghost,62,128,85,47,61,128,59
6404,Mon-06404,Electric,47,82,110,86,77,77,98
6405,Mon-06405,Psychic,12,71,40,27,110,124,111
6406,Mon-06406,Psychic,30,66,84,92,120,52,60
6407,Mon-06407,Fire,94,24,45,70,55,77,84
6408,Mon-06408,Psychic,53,126,22,106,112,99,43
6409,Mon-06409,Water,64,110,64,32,108,98,116
6410,Mon-06410,Psychic,26,97,105,47,20,48,78
6411,Mon-06411,Ground,71,44,94,46,119,64,30
6412,Mon-06412,Rock,49,123,31,117,45,45,83
6413,Mon-06413,Dark,22,39,40,118,105,92,49
6414,Mon-06414,Fairy,15,46,79,39,118,66,70
6415,Mon-06415,Poison,40,27,55,75,83,20,58
6416,Mon-06416,Fighting,57,51,56,113,54,52,113
6417,Mon-06417,Poison,29,56,68,25,114,60,113
6418,Mon-06418,Dark,25,108,104,37,73,82,37
6419,Mon-06419,Normal,27,56,83,106,105,121,55
6420,Mon-06420,Rock,30,126,114,96,94,129,65
6421,Mon-06421,Ground,74,53,31,114,55,94,114
6422,Mon-06422,Poison,50,78,71,83,80,120,49
6423,Mon-06423,Ghost,47,85,81,138,42,21,97
6424,Mon-06424,Fire,17,112,104,40,20,115,25
6425,Mon-06425,Grass,55,103,77,44,96,78,126
6426,Mon-06426,Electric,97,116,121,105,42,61,57
6427,Mon-06427,Grass,75,124,112,133,77,60,49
6428,Mon-06428,Water,45,33,96,27,31,58,99
6429,Mon-06429,Fire,31,30,64,114,92,109,87
6430,Mon-06430,Ground,36,69,55,147,38,70,78
6431,Mon-06431,Fire,3,36,79,96,47,32,123
6432,Mon-06432,Normal,3,74,71,129,36,120,66
6433,Mon-06433,Fairy,78,85,23,57,121,87,79
6434,Mon-06434,Water,85,50,45,126,89,63,72
6435,Mon-06435,Dark,97,30,112,82,93,99,39
6436,Mon-06436,Ground,63,127,70,62,65,58,54
6437,Mon-06437,Fighting,93,61,125,49,115,86,86
6438,Mon-06438,Ground,42,113,47,132,27,20,33
6439,Mon-06439,Psychic,26,89,127,115,65,50,101
6440,Mon-06440,Normal,25,93,109,124,29,57,85
6441,Mon-06441,Fire,24,106,59,113,97,108,92
6442,Mon-06442,Poison,75,49,87,57,125,103,110
6443,Mon-06443,Dark,1,44,129,49,105,108,73
6444,Mon-06444,Electric,95,130,90,106,37,73,107
6445,Mon-06445,Fairy,78,94,123,56,107,60,103
6446,Mon-06446,Psychic,39,52,32,106,48,78,45
6447,Mon-06447,Grass,71,91,38,138,58,49,50
6448,Mon-06448,Fighting,14,63,20,119,83,78,68
6449,Mon-06449,Electric,44,115,56,84,70,93,30
6450,Mon-06450,Grass,11,76,107,139,40,127,81
6451,Mon-06451,Fairy,12,54,126,94,78,60,121
6452,Mon-06452,Fighting,1,96,80,84,41,32,109
6453,Mon-06453,Electric,80,103,66,145,99,58,100
6454,Mon-06454,Psychic,75,61,123,67,28,111,41
6455,Mon-06455,Fighting,90,103,85,51,109,70,108
6456,Mon-06456,Grass,99,45,79,42,128,66,34
6457,Mon-06457,Dark,97,46,29,104,102,70,65
6458,Mon-06458,Electric,100,111,43,89,87,48,123
6459,Mon-06459,Dark,2,88,97,122,68,112,104
6460,Mon-06460,Water,79,23,97,43,78,94,36
6461,Mon-06461,Fire,73,94,75,65,76,125,77
6462,Mon-06462,Fighting,17,53,97,40,118,30,129
6463,Mon-06463,Fighting,14,50,96,63,34,99,69
6464,Mon-06464,Ground,98,67,27,145,85,28,86
6465,Mon-06465,Normal,89,70,112,137,81,29,62
6466,Mon-06466,Rock,33,118,96,87,49,113,75
6467,Mon-06467,Water,8,68,44,37,65,57,77
6468,Mon-06468,Electric,34,52,43,150,72,55,40
6469,Mon-06469,Normal,1,105,126,44,23,41,124
6470,Mon-06470,Fairy,69,80,48,37,73,32,115
6471,Mon-06471,Rock,39,20,23,76,38,93,31
6472,Mon-06472,Water,5,90,23,143,64,78,39
6473,Mon-06473,Ghost,98,75,45,125,50,86,91
6474,Mon-06474,Electric,83,83,89,70,103,37,64
6475,Mon-06475,Fire,91,40,70,82,126,129,95
6476,Mon-06476,Fire,100,73,101,32,32,20,25
6477,Mon-06477,Rock,2,91,45,59,48,69,103
6478,Mon-06478,Fairy,78,95,45,109,37,77,22
6479,Mon-06479,Fire,79,95,64,77,73,31,41
6480,Mon-06480,Rock,79,130,107,148,61,84,100
6481,Mon-06481,Water,27,75,75,81,70,86,58
6482,Mon-06482,Grass,40,67,104,131,27,78,43
6483,Mon-06483,Fire,93,80,30,116,116,60,118
6484,Mon-06484,Ghost,7,56,65,88,129,123,86
6485,Mon-06485,Ground,65,54,68,134,121,39,51
6486,Mon-06486,Electric,80,96,27,134,75,102,100
6487,Mon-06487,Electric,80,54,54,65,94,61,34
6488,Mon-06488,Electric,60,103,51,60,25,62,74
6489,Mon-06489,Fairy,77,102,70,114,87,46,40
6490,Mon-06490,Dark,91,125,38,28,87,94,92
6491,Mon-06491,Fairy,77,34,49,113,101,41,50
6492,Mon-06492,Normal,12,60,126,79,106,61,46
6493,Mon-06493,Poison,25,105,35,121,20,73,48
6494,Mon-06494,Ground,31,67,110,41,65,21,110
6495,Mon-06495,Psychic,35,92,80,97,73,109,116
6496,Mon-06496,Dark,37,101,28,92,73,56,42
6497,Mon-06497,Poison,22,118,64,26,80,118,37
6498,Mon-06498,Fighting,69,45,76,91,97,91,85
6499,Mon-06499,Electric,12,48,50,107,85,48,91
6500,Mon-06500,Fire,79,72,49,76,45,93,112
6501,Mon-06501,Fire,66,76,99,102,93,69,111
6502,Mon-06502,Poison,97,120,23,66,86,74,108
6503,Mon-06503,Psychic,1,24,123,102,42,113,24
6504,Mon-06504,Electric,30,47,55,55,90,91,25
6505,Mon-06505,Fairy,90,121,62,60,77,129,40
6506,Mon-06506,Electric,50,88,34,33,109,123,60
6507,Mon-06507,Fighting,57,94,117,37,63,114,101
6508,Mon-06508,Psychic,3,47,44,41,118,71,114
6509,Mon-06509,Poison,77,89,109,48,79,74,99
6510,Mon-06510,Electric,26,61,56,115,124,117,114
6511,Mon-06511,Rock,97,101,23,52,31,116,61
6512,Mon-06512,Fire,38,30,65,69,34,61,90
6513,Mon-06513,Ground,19,51,78,46,44,98,35
6514,Mon-06514,Rock,60,91,71,78,110,86,32
6515,Mon-06515,Psychic,48,87,129,55,76,32,111
6516,Mon-06516,Ghost,48,113,77,66,94,33,64
6517,Mon-06517,Electric,95,108,106,33,22,29,100
6518,Mon-06518,Ground,37,21,61,88,61,48,126
6519,Mon-06519,Rock,40,30,36,58,59,123,83
6520,Mon-06520,Normal,63,59,75,107,122,55,31
6521,Mon-06521,Grass,18,126,82,150,31,122,92
6522,Mon-06522,Electric,83,72,66,86,115,68,108
6523,Mon-06523,Fighting,23,118,105,89,60,70,50
6524,Mon-06524,Fire,25,26,127,129,105,48,66
6525,Mon-06525,Fire,2,126,28,68,52,93,89
6526,Mon-06526,Fighting,35,26,27,42,26,85,102
6527,Mon-06527,Fairy,59,109,50,115,95,53,40
6528,Mon-06528,Electric,71,117,85,106,39,107,26
6529,Mon-06529,Psychic,90,52,24,84,36,97,90
6530,Mon-06530,Water,78,53,41,73,121,98,21
6531,Mon-06531,Grass,33,84,65,28,45,69,70
6532,Mon-06532,Grass,83,100,61,95,129,91,53
6533,Mon-06533,Fire,20,33,113,93,58,58,68
6534,Mon-06534,Water,21,46,80,89,50,130,116
6535,Mon-06535,Dark,36,103,116,63,70,68,123
6536,Mon-06536,Electric,54,109,104,44,50,50,95
6537,Mon-06537,Grass,21,37,65,96,122,70,61
6538,Mon-06538,Grass,91,118,128,103,87,124,87
6539,Mon-06539,Rock,28,116,113,46,102,124,35
6540,Mon-06540,Fighting,40,116,74,40,28,59,130
6541,Mon-06541,Fairy,61,46,114,85,46,118,117
6542,Mon-06542,Grass,43,94,48,31,86,53,58
6543,Mon-06543,Water,41,37,43,49,74,41,22
6544,Mon-06544,Rock,99,41,107,105,127,44,114
6545,Mon-06545,Water,44,27,107,62,100,50,23
6546,Mon-06546,Ground,12,74,44,83,52,52,32
6547,Mon-06547,Dark,74,98,103,111,70,53,20
6548,Mon-06548,Fairy,71,42,76,47,102,62,38
6549,Mon-06549,Ground,22,40,82,53,65,21,121
6550,Mon-06550,Fairy,86,50,113,62,78,61,73
6551,Mon-06551,Fire,40,41,37,77,108,78,38
6552,Mon-06552,Ground,16,112,64,95,51,64,126
6553,Mon-06553,Ground,18,38,52,34,31,73,66
6554,Mon-06554,Fairy,72,50,81,84,65,44,98
6555,Mon-06555,Psychic,22,53,37,111,44,33,80
6556,Mon-06556,Water,47,42,33,132,81,119,32
6557,Mon-06557,Normal,74,124,97,92,114,129,98
6558,Mon-06558,Normal,86,43,26,103,104,65,125
6559,Mon-06559,Dark,49,74,66,127,100,104,128
6560,Mon-06560,Psychic,91,82,129,116,80,35,104
6561,Mon-06561,Dark,31,48,130,92,118,40,94
6562,Mon-06562,Psychic,88,72,39,96,122,77,101
6563,Mon-06563,Fighting,26,38,122,150,104,98,127
6564,Mon-06564,Water,7,73,57,120,32,97,81
6565,Mon-06565,Rock,73,22,42,55,53,57,120
6566,Mon-06566,Ghost,76,68,76,82,126,117,63
6567,Mon-06567,Rock,93,60,74,118,28,90,55
6568,Mon-06568,Fire,93,58,61,90,81,55,32
6569,Mon-06569,Fairy,11,32,67,79,90,72,71
6570,Mon-06570,Ground,63,130,30,101,63,53,88
6571,Mon-06571,Fire,71,22,49,72,98,35,65
6572,Mon-06572,Normal,61,36,41,110,28,20,34
6573,Mon-06573,Normal,2,31,123,117,44,71,68
6574,Mon-06574,Rock,5,128,74,138,52,20,85
6575,Mon-06575,Grass,68,55,80,145,38,126,33
6576,Mon-06576,Grass,86,67,68,114,68,117,79
6577,Mon-06577,Electric,18,103,118,120,72,103,62
6578,Mon-06578,Fire,5,25,108,122,124,103,86
6579,Mon-06579,Fire,41,27,96,66,73,89,20
6580,Mon-06580,Water,32,40,54,140,103,101,111
6581,Mon-06581,Water,99,95,54,89,29,113,64
6582,Mon-06582,Fighting,93,128,124,134,26,76,65
6583,Mon-06583,Normal,56,88,123,52,63,111,32
6584,Mon-06584,Grass,95,116,51,64,56,46,68
6585,Mon-06585,Normal,23,117,57,103,122,118,64
6586,Mon-06586,Fire,100,50,56,97,74,98,26
6587,Mon-06587,Ghost,45,40,107,75,74,32,84
6588,Mon-06588,Grass,48,37,125,52,114,40,51
6589,Mon-06589,Fire,6,108,118,53,116,34,59
6590,Mon-06590,Fire,18,94,113,116,106,46,28
6591,Mon-06591,Ghost,20,116,58,27,68,108,91
6592,Mon-06592,Rock,49,76,55,40,43,111,35
6593,Mon-06593,Fairy,19,128,118,141,23,130,85
6594,Mon-06594,Normal,11,119,63,148,25,34,67
6595,Mon-06595,Dark,61,109,43,34,110,82,102
6596,Mon-06596,Dark,88,109,113,42,34,111,65
6597,Mon-06597,Psychic,7,33,73,66,66,127,92
6598,Mon-06598,Psychic,57,102,29,98,75,30,123
6599,Mon-06599,Rock,97,125,119,48,81,93,48
6600,Mon-06600,Electric,41,52,52,148,29,28,33
6601,Mon-06601,Rock,19,110,54,87,78,29,87
6602,Mon-06602,Grass,8,58,79,92,47,112,36
6603,Mon-06603,Ground,94,43,49,49,57,122,44
6604,Mon-06604,Fairy,41,101,112,63,111,40,103
6605,Mon-06605,Dark,11,38,96,117,71,113,96
6606,Mon-06606,Ground,87,73,82,104,64,121,22
6607,Mon-06607,Rock,81,123,42,53,21,79,85
6608,Mon-06608,Poison,71,37,74,80,130,39,92
6609,Mon-06609,Rock,9,37,50,48,85,102,55
6610,Mon-06610,Fire,9,124,126,76,103,80,102
6611,Mon-06611,Grass,22,106,107,52,68,59,100
6612,Mon-06612,Fire,16,71,32,148,49,116,89
6613,Mon-06613,Ground,54,64,78,62,50,88,47
6614,Mon-06614,Rock,40,127,106,84,20,49,51
6615,Mon-06615,Fairy,77,100,78,105,118,65,80
6616,Mon-06616,Ghost,11,120,34,30,78,54,31
6617,Mon-06617,Electric,73,30,35,51,59,78,65
6618,Mon-06618,Poison,94,78,101,149,98,50,130
6619,Mon-06619,Ground,14,100,78,112,34,90,91
6620,Mon-06620,Fire,66,23,80,55,72,69,115
6621,Mon-06621,Dark,51,76,49,79,68,25,56
6622,Mon-06622,Fairy,10,26,49,133,120,20,101
6623,Mon-06623,Grass,30,119,65,49,108,30,101
6624,Mon-06624,Poison,79,95,80,62,105,37,40
6625,Mon-06625,Grass,87,40,72,55,48,29,44
6626,Mon-06626,Water,37,77,117,108,77,93,67
6627,Mon-06627,Grass,11,32,40,91,128,86,90
6628,Mon-06628,Rock,25,109,72,88,22,22,98
6629,Mon-06629,Psychic,85,41,46,72,92,65,128
6630,Mon-06630,Fairy,57,87,20,66,57,52,31
6631,Mon-06631,Grass,44,28,66,89,102,75,91
6632,Mon-06632,Fire,2,37,26,125,74,84,126
6633,Mon-06633,Ground,79,128,61,127,97,75,38
6634,Mon-06634,Fighting,47,62,90,123,47,64,126
6635,Mon-06635,Ground,55,33,61,30,117,24,113
6636,Mon-06636,Rock,85,97,95,86,112,107,36
6637,Mon-06637,Psychic,57,42,52,74,90,108,43
6638,Mon-06638,Fighting,93,85,64,142,67,115,41
6639,Mon-06639,Normal,56,109,117,77,36,97,30
6640,Mon-06640,Ghost,35,95,46,56,42,56,60
6641,Mon-06641,Electric,93,47,75,56,64,96,69
6642,Mon-06642,Rock,65,46,99,49,106,120,70
6643,Mon-06643,Grass,77,44,60,80,125,23,112
6644,Mon-06644,Water,23,90,53,58,87,76,68
6645,Mon-06645,Dark,68,94,97,96,124,92,41
6646,Mon-06646,Poison,57,77,28,54,41,129,96
6647,Mon-06647,Fire,11,64,49,98,102,75,91
6648,Mon-06648,Fire,26,26,65,102,79,117,72
6649,Mon-06649,Fire,92,112,44,109,35,104,91
6650,Mon-06650,Fighting,58,93,79,136,97,107,40
6651,Mon-06651,Fairy,78,90,88,34,120,30,106
6652,Mon-06652,Fairy,18,31,127,31,69,75,48
6653,Mon-06653,Grass,22,51,86,82,48,102,25
6654,Mon-06654,Ground,95,53,85,90,53,33,65
6655,Mon-06655,Ghost,43,86,100,120,86,126,46
6656,Mon-06656,Fighting,89,107,43,53,96,95,77
6657,Mon-06657,Dark,81,116,72,82,44,114,71
6658,Mon-06658,Fire,34,77,112,102,96,90,122
6659,Mon-06659,Fighting,95,60,39,107,102,119,66
6660,Mon-06660,Psychic,78,65,52,93,21,119,30
6661,Mon-06661,Psychic,13,101,44,99,62,28,76
6662,Mon-06662,Water,10,55,126,45,45,124,109
6663,Mon-06663,Poison,13,66,59,83,108,78,49
6664,Mon-06664,Ground,75,107,56,93,91,74,54
6665,Mon-06665,Ghost,15,80,110,34,79,47,40
6666,Mon-06666,Fire,29,71,120,147,44,64,100
6667,Mon-06667,Poison,44,101,20,104,73,80,38
6668,Mon-06668,Poison,14,52,117,115,126,79,48
6669,Mon-06669,Rock,34,26,98,92,130,98,29
6670,Mon-06670,Psychic,68,107,115,142,38,95,62
6671,Mon-06671,Water,98,70,29,25,73,102,116
6672,Mon-06672,Grass,47,56,24,145,103,84,69
6673,Mon-06673,Ground,75,30,57,51,53,130,33
6674,Mon-06674,Rock,54,122,114,136,130,117,103
6675,Mon-06675,Electric,47,100,75,32,71,126,59
6676,Mon-06676,Dark,53,50,100,64,58,100,38
6677,Mon-06677,Grass,96,87,47,96,124,47,22
6678,Mon-06678,Fire,6,71,57,107,86,127,58
6679,Mon-06679,Electric,52,56,117,26,26,121,37
6680,Mon-06680,Ghost,6,54,74,70,31,52,78
6681,Mon-06681,Fairy,88,28,106,131,128,118,67
6682,Mon-06682,Water,61,128,91,48,89,77,92
6683,Mon-06683,Fairy,5,122,39,144,116,100,50
6684,Mon-06684,Fairy,63,116,124,114,129,57,28
6685,Mon-06685,Rock,44,54,125,147,102,48,32
6686,Mon-06686,Psychic,5,130,106,138,127,64,30
6687,Mon-06687,Poison,98,50,72,53,125,40,49
6688,Mon-06688,Fighting,38,111,67,143,65,35,99
6689,Mon-06689,Electric,3,31,53,87,90,68,80
6690,Mon-06690,Poison,62,54,91,57,111,125,60
6691,Mon-06691,Rock,38,84,54,137,125,24,46
6692,Mon-06692,Water,66,127,40,84,111,56,38
6693,Mon-06693,Fairy,17,49,26,111,109,51,36
6694,Mon-06694,Dark,83,67,67,101,56,43,49
6695,Mon-06695,Fighting,43,113,110,62,67,28,75
6696,Mon-06696,Fairy,43,72,107,148,111,39,86
6697,Mon-06697,Water,81,95,114,130,34,78,124
6698,Mon-06698,Water,55,66,87,91,38,67,125
6699,Mon-06699,Fire,1,20,116,97,107,88,49
6700,Mon-06700,Dark,58,51,106,33,128,115,101
6701,Mon-06701,Rock,65,82,109,116,66,32,34
6702,Mon-06702,Ghost,32,22,76,139,115,56,108
6703,Mon-06703,Normal,19,45,29,147,59,117,123
6704,Mon-06704,Fighting,6,125,62,95,76,46,87
6705,Mon-06705,Fighting,85,21,114,150,128,30,79
6706,Mon-06706,Fire,1,47,102,125,62,46,61
6707,Mon-06707,Psychic,59,88,21,88,118,63,118
6708,Mon-06708,Poison,84,82,30,125,125,48,126
6709,Mon-06709,Fighting,36,42,93,44,101,75,98
6710,Mon-06710,Fairy,21,26,128,110,27,42,29
6711,Mon-06711,Ghost,72,119,101,103,126,84,117
6712,Mon-06712,Poison,64,81,125,87,75,116,109
6713,Mon-06713,Grass,2,83,27,106,52,55,59
6714,Mon-06714,Rock,58,26,117,132,74,80,48
6715,Mon-06715,Fire,1,43,34,97,68,99,105
6716,Mon-06716,Poison,40,28,118,72,62,27,87
6717,Mon-06717,Grass,31,128,128,78,95,57,103
6718,Mon-06718,Grass,84,105,76,96,32,90,129
6719,Mon-06719,Fairy,98,80,79,98,90,48,60
6720,Mon-06720,Water,70,95,75,64,47,65,113
6721,Mon-06721,Rock,74,38,81,92,107,70,72
6722,Mon-06722,Electric,3,129,111,61,129,123,114
6723,Mon-06723,Fairy,7,77,51,144,72,32,46
6724,Mon-06724,Psychic,78,77,51,92,109,90,111
6725,Mon-06725,Psychic,43,126,127,130,55,127,98
6726,Mon-06726,Ground,51,30,114,72,113,120,70
6727,Mon-06727,Rock,70,67,79,74,79,81,122
6728,Mon-06728,Psychic,35,29,42,61,76,63,63
6729,Mon-06729,Normal,69,67,126,96,31,35,102
6730,Mon-06730,Water,73,49,117,102,93,49,77
6731,Mon-06731,Normal,25,71,56,96,107,108,35
6732,Mon-06732,Poison,69,97,80,130,76,22,51
6733,Mon-06733,Fairy,17,51,66,89,37,99,108
6734,Mon-06734,Water,32,25,113,128,95,123,73
6735,Mon-06735,Fairy,79,37,96,32,89,67,114
6736,Mon-06736,Electric,99,99,74,70,115,109,34
6737,Mon-06737,Psychic,7,84,127,114,126,129,105
6738,Mon-06738,Poison,65,128,87,73,46,104,119
6739,Mon-06739,Psychic,57,119,73,117,52,75,130
6740,Mon-06740,Fire,61,37,122,99,125,82,101
6741,Mon-06741,Fairy,79,101,69,86,33,43,72
6742,Mon-06742,Normal,7,30,66,95,121,34,26
6743,Mon-06743,Fairy,74,30,63,138,37,107,42
6744,Mon-06744,Psychic,28,108,44,110,66,77,93
6745,Mon-06745,Dark,16,64,50,148,35,123,117
6746,Mon-06746,Fairy,45,130,30,37,128,102,104
6747,Mon-06747,Normal,3,20,100,127,75,49,87
6748,Mon-06748,Ghost,64,75,85,137,117,126,115
6749,Mon-06749,Fire,57,54,123,141,23,20,54
6750,Mon-06750,Fairy,52,129,87,92,24,30,56
6751,Mon-06751,Ghost,4,94,28,86,79,87,29
6752,Mon-06752,Grass,77,105,88,98,24,87,90
6753,Mon-06753,Poison,4,52,39,140,80,101,40
6754,Mon-06754,Rock,27,119,24,134,98,91,50
6755,Mon-06755,Grass,40,113,93,142,74,48,30
6756,Mon-06756,Poison,71,107,23,147,106,36,114
6757,Mon-06757,Poison,41,72,65,103,31,126,42
6758,Mon-06758,Grass,82,122,119,57,47,57,117
6759,Mon-06759,Water,94,94,48,43,37,38,45
6760,Mon-06760,Fairy,77,27,97,138,75,27,28
6761,Mon-06761,Rock,4,118,61,44,63,108,128
6762,Mon-06762,Dark,78,22,32,33,79,113,51
6763,Mon-06763,Ghost,21,95,41,84,36,117,100
6764,Mon-06764,Psychic,89,47,28,118,69,114,31
6765,Mon-06765,Grass,98,119,36,117,104,38,40
6766,Mon-06766,Normal,9,101,37,57,27,21,64
6767,Mon-06767,Poison,10,109,118,88,107,75,103
6768,Mon-06768,Rock,70,97,109,137,44,76,20
6769,Mon-06769,Ghost,15,82,59,125,116,23,90
6770,Mon-06770,Electric,97,115,100,140,110,117,106
6771,Mon-06771,Ground,55,52,42,121,69,91,31
6772,Mon-06772,Grass,58,78,90,36,28,95,67
6773,Mon-06773,Electric,87,53,42,50,62,80,125
6774,Mon-06774,Fire,22,32,91,46,89,130,79
6775,Mon-06775,Poison,56,117,59,41,57,106,103
6776,Mon-06776,Rock,100,75,115,133,90,84,102
6777,Mon-06777,Poison,3,25,112,113,111,75,65
6778,Mon-06778,Normal,18,111,57,140,126,112,99
6779,Mon-06779,Psychic,15,124,24,65,64,59,125
6780,Mon-06780,Rock,34,93,55,148,129,115,54
6781,Mon-06781,Water,13,56,51,142,47,35,25
6782,Mon-06782,Psychic,18,115,67,38,124,23,106
6783,Mon-06783,Normal,86,102,83,134,35,25,54
6784,Mon-06784,Ground,47,51,129,38,80,60,91
6785,Mon-06785,Psychic,36,56,26,81,94,78,37
6786,Mon-06786,Ground,42,129,81,47,24,119,44
6787,Mon-06787,Ground,98,125,39,98,69,121,104
6788,Mon-06788,Rock,50,95,80,27,50,23,23
6789,Mon-06789,Ghost,47,24,90,131,110,105,75
6790,Mon-06790,Fire,93,45,109,85,72,42,103
6791,Mon-06791,Electric,4,59,82,134,31,63,72
6792,Mon-06792,Poison,48,79,39,79,24,115,38
6793,Mon-06793,Fire,75,116,121,95,22,129,90
6794,Mon-06794,Ghost,52,114,64,117,24,108,32
6795,Mon-06795,Dark,87,50,73,147,73,40,84
6796,Mon-06796,Electric,89,32,91,72,55,24,66
6797,Mon-06797,Ground,34,50,49,90,43,130,80
6798,Mon-06798,Normal,82,46,129,65,62,46,122
6799,Mon-06799,Grass,25,119,24,30,68,45,118
6800,Mon-06800,Electric,24,21,37,135,84,77,99
6801,Mon-06801,Dark,98,112,129,95,75,38,74
6802,Mon-06802,Poison,2,92,70,71,123,93,108
6803,Mon-06803,Ground,36,31,119,122,61,115,31
6804,Mon-06804,Poison,63,96,120,128,63,58,49
6805,Mon-06805,Grass,42,84,129,149,65,72,71
6806,Mon-06806,Dark,85,20,100,80,25,119,112
6807,Mon-06807,Fire,26,44,95,38,103,118,62
6808,Mon-06808,Grass,56,58,88,86,79,30,66
6809,Mon-06809,Normal,13,43,95,80,64,103,125
6810,Mon-06810,Rock,22,84,48,51,59,22,128
6811,Mon-06811,Normal,18,88,110,98,77,37,24
6812,Mon-06812,Poison,75,38,40,77,120,89,83
6813,Mon-06813,Grass,21,33,73,136,64,33,96
6814,Mon-06814,Rock,67,92,61,31,67,40,87
6815,Mon-06815,Fighting,35,72,104,115,34,69,127
6816,Mon-06816,Ghost,57,49,48,100,55,66,121
6817,Mon-06817,Rock,88,48,42,54,103,82,47
6818,Mon-06818,Rock,87,24,109,69,100,122,125
6819,Mon-06819,Poison,2,114,74,133,109,66,66
6820,Mon-06820,Grass,79,113,99,70,74,53,21
6821,Mon-06821,Poison,96,81,117,108,119,43,59
6822,Mon-06822,Fighting,67,58,112,89,81,117,45
6823,Mon-06823,Fighting,19,43,64,137,34,44,122
6824,Mon-06824,Ghost,67,54,38,108,36,20,88
6825,Mon-06825,Rock,64,122,126,130,75,76,54
6826,Mon-06826,Fairy,67,29,54,138,61,101,20
6827,Mon-06827,Electric,43,111,105,41,31,21,60
6828,Mon-06828,Poison,53,53,105,130,25,90,55
6829,Mon-06829,Rock,66,49,69,146,88,68,69
6830,Mon-06830,Dark,47,109,38,29,103,106,41
6831,Mon-06831,Fire,78,126,72,82,44,23,79
6832,Mon-06832,Fighting,71,130,36,57,47,119,78
6833,Mon-06833,Normal,31,49,59,148,79,116,100
6834,Mon-06834,Ground,62,85,62,69,33,96,86
6835,Mon-06835,Fire,76,52,77,48,112,88,100
6836,Mon-06836,Psychic,49,41,40,37,85,98,40
6837,Mon-06837,Rock,72,62,113,124,60,37,35
6838,Mon-06838,Rock,13,26,28,32,84,119,79
6839,Mon-06839,Grass,39,38,129,63,38,105,129
6840,Mon-06840,Rock,71,86,54,94,55,103,64
6841,Mon-06841,Electric,90,96,74,30,79,74,100
6842,Mon-06842,Normal,65,50,117,47,126,35,129
6843,Mon-06843,Electric,67,81,92,150,113,76,30
6844,Mon-06844,Ghost,35,104,26,82,90,80,27
6845,Mon-06845,Normal,71,119,87,63,57,48,93
6846,Mon-06846,Grass,36,83,82,134,122,122,113
6847,Mon-06847,Fighting,6,46,123,35,34,63,94
6848,Mon-06848,Dark,25,99,82,58,53,125,130
6849,Mon-06849,Grass,62,38,130,133,67,117,24
6850,Mon-06850,Grass,97,35,78,119,81,28,80
6851,Mon-06851,Poison,50,59,41,79,94,36,98
6852,Mon-06852,Electric,87,56,76,148,65,63,95
6853,Mon-06853,Poison,78,36,121,97,124,89,23
6854,Mon-06854,Rock,57,25,21,118,65,32,34
6855,Mon-06855,Fairy,81,125,64,149,89,44,130
6856,Mon-06856,Electric,41,95,25,88,25,115,58
6857,Mon-06857,Normal,45,99,113,85,37,69,40
6858,Mon-06858,Fire,74,27,76,108,44,81,40
6859,Mon-06859,Ghost,64,108,99,33,20,79,39
6860,Mon-06860,Fairy,53,60,127,79,116,127,84
6861,Mon-06861,Water,44,103,112,112,89,33,75
6862,Mon-06862,Fairy,98,74,65,72,114,77,124
6863,Mon-06863,Rock,7,46,123,114,56,28,72
6864,Mon-06864,Normal,6,49,72,75,31,25,23
6865,Mon-06865,Fire,48,35,128,49,56,73,78
6866,Mon-06866,Poison,4,112,129,43,22,120,74
6867,Mon-06867,Poison,35,67,44,93,53,65,56
6868,Mon-06868,Normal,57,106,106,49,31,99,100
6869,Mon-06869,Ground,41,112,97,71,43,122,124
6870,Mon-06870,Ghost,21,38,105,90,90,20,67
6871,Mon-06871,Fighting,29,56,38,31,126,97,100
6872,Mon-06872,Dark,61,33,76,77,46,119,79
6873,Mon-06873,Psychic,96,21,36,64,129,119,100
6874,Mon-06874,Water,79,129,119,64,104,101,70
6875,Mon-06875,Psychic,55,93,116,139,33,123,48
6876,Mon-06876,Poison,14,70,84,141,20,86,86
6877,Mon-06877,Ground,25,42,34,62,32,22,63
6878,Mon-06878,Ghost,45,85,92,135,99,129,27
6879,Mon-06879,Electric,25,80,68,53,94,117,102
6880,Mon-06880,Dark,69,44,107,68,118,41,80
6881,Mon-06881,Grass,37,21,31,143,78,126,87
6882,Mon-06882,Fire,84,72,65,37,24,92,76
6883,Mon-06883,Psychic,27,76,60,73,130,70,118
6884,Mon-06884,Ground,50,108,125,126,116,110,40
6885,Mon-06885,Fairy,72,63,53,143,99,90,28
6886,Mon-06886,Ghost,21,30,129,144,121,107,79
6887,Mon-06887,Fairy,77,117,122,135,51,58,116
6888,Mon-06888,Ghost,59,65,85,146,79,63,71
6889,Mon-06889,Grass,65,100,39,84,79,30,66
6890,Mon-06890,Psychic,46,24,44,65,51,118,85
6891,Mon-06891,Psychic,94,23,21,73,130,49,57
6892,Mon-06892,Fairy,78,22,106,40,82,35,82
6893,Mon-06893,Electric,20,107,100,42,122,28,127
6894,Mon-06894,Dark,56,46,55,147,54,62,64
6895,Mon-06895,Water,91,107,101,49,74,74,73
6896,Mon-06896,Grass,28,124,84,102,123,112,106
6897,Mon-06897,Grass,54,93,110,54,39,92,94
6898,Mon-06898,Poison,76,129,29,108,80,109,59
6899,Mon-06899,Fairy,28,123,42,84,108,20,78
6900,Mon-06900,Fire,52,100,109,38,108,23,72
6901,Mon-06901,Poison,56,109,61,71,103,45,64
6902,Mon-06902,Fire,18,86,126,117,87,62,67
6903,Mon-06903,Fairy,18,44,117,125,20,28,21
6904,Mon-06904,Grass,57,31,30,61,52,116,73
6905,Mon-06905,Normal,18,62,64,62,108,127,54
6906,Mon-06906,Dark,95,72,101,116,75,73,108
6907,Mon-06907,Dark,53,58,35,78,59,109,89
6908,Mon-06908,Electric,71,31,115,33,117,41,98
6909,Mon-06909,Fairy,40,76,30,40,58,23,49
6910,Mon-06910,Ground,30,75,32,72,62,119,24
6911,Mon-06911,Fighting,49,125,80,59,64,110,62
6912,Mon-06912,Grass,72,125,47,39,57,104,74
6913,Mon-06913,Normal,40,88,90,123,76,111,67
6914,Mon-06914,Fighting,29,114,63,82,126,98,33
6915,Mon-06915,Psychic,15,54,50,114,130,109,42
6916,Mon-06916,Normal,55,127,112,25,57,127,100
6917,Mon-06917,Grass,68,124,37,75,61,117,120
6918,Mon-06918,Grass,53,33,74,85,115,118,129
6919,Mon-06919,Grass,26,97,38,97,83,71,76
6920,Mon-06920,Water,25,70,35,146,39,110,88
6921,Mon-06921,Ground,38,49,42,82,80,46,87
6922,Mon-06922,Normal,35,65,48,86,107,54,62
6923,Mon-06923,Fighting,21,120,65,137,64,116,56
6924,Mon-06924,Electric,95,122,71,75,88,60,28
6925,Mon-06925,Ground,33,58,35,74,105,112,24
6926,Mon-06926,Water,26,71,24,45,33,74,56
6927,Mon-06927,Poison,61,77,30,115,128,50,60
6928,Mon-06928,Grass,81,101,90,27,27,65,78
6929,Mon-06929,Grass,47,73,128,52,32,84,127
6930,Mon-06930,Fire,67,63,22,77,53,27,117
6931,Mon-06931,Fighting,10,122,23,79,22,81,41
6932,Mon-06932,Electric,54,61,106,29,92,31,76
6933,Mon-06933,Ghost,7,49,100,91,78,74,81
6934,Mon-06934,Rock,14,56,101,147,59,55,129
6935,Mon-06935,Fighting,60,56,39,38,129,87,64
6936,Mon-06936,Fairy,21,81,116,87,50,113,60
6937,Mon-06937,Grass,4,93,89,99,117,29,104
6938,Mon-06938,Ghost,18,34,37,65,84,29,20
6939,Mon-06939,Electric,78,118,32,97,96,70,30
6940,Mon-06940,Dark,59,48,86,67,125,103,89
6941,Mon-06941,Dark,39,32,106,45,48,51,56
6942,Mon-06942,Fire,98,94,106,130,33,106,44
6943,Mon-06943,Fighting,39,43,85,150,107,20,111
6944,Mon-06944,Grass,88,103,77,73,91,52,47
6945,Mon-06945,Normal,35,125,97,36,41,77,22
6946,Mon-06946,Ghost,3,96,34,45,121,89,21
6947,Mon-06947,Electric,12,106,60,137,99,60,120
6948,Mon-06948,Rock,28,74,30,135,80,117,78
6949,Mon-06949,Fairy,19,58,113,86,34,67,21
6950,Mon-06950,Fighting,16,88,87,134,127,90,47
6951,Mon-06951,Ground,39,59,106,53,78,32,56
6952,Mon-06952,Fighting,98,117,75,75,86,123,130
6953,Mon-06953,Ghost,21,72,123,39,23,76,79
6954,Mon-06954,Rock,24,75,123,93,94,72,112
6955,Mon-06955,Ghost,100,94,88,113,112,49,69
6956,Mon-06956,Fighting,21,41,112,146,107,87,100
6957,Mon-06957,Psychic,84,82,93,120,61,20,24
6958,Mon-06958,Rock,63,103,100,108,42,70,59
6959,Mon-06959,Ghost,93,106,47,109,69,106,71
6960,Mon-06960,Fairy,56,44,129,104,82,106,27
6961,Mon-06961,Psychic,60,26,40,77,49,89,49
6962,Mon-06962,Normal,23,41,97,88,88,61,94
6963,Mon-06963,Ghost,58,110,87,46,122,78,95
6964,Mon-06964,Fighting,68,49,30,27,33,38,22
6965,Mon-06965,Fighting,99,26,105,124,47,89,49
6966,Mon-06966,Ghost,10,86,28,87,70,44,69
6967,Mon-06967,Poison,16,117,76,134,39,55,50
6968,Mon-06968,Water,2,44,110,40,105,101,25
6969,Mon-06969,Ground,80,24,33,74,26,33,24
6970,Mon-06970,Electric,9,35,60,57,24,56,82
6971,Mon-06971,Psychic,92,34,76,130,59,59,60
6972,Mon-06972,Electric,37,42,122,72,65,125,82
6973,Mon-06973,Ghost,29,40,62,105,98,107,98
6974,Mon-06974,Fairy,98,90,33,35,36,61,78
6975,Mon-06975,Dark,73,44,34,91,107,87,81
6976,Mon-06976,Fire,55,80,42,80,39,46,99
6977,Mon-06977,Fighting,89,64,116,101,125,107,40
6978,Mon-06978,Poison,76,92,105,98,76,58,45
6979,Mon-06979,Psychic,64,92,66,38,105,120,100
6980,Mon-06980,Psychic,33,85,114,31,23,118,46
6981,Mon-06981,Dark,99,119,121,40,99,47,117
6982,Mon-06982,Water,72,41,116,52,67,65,66
6983,Mon-06983,Dark,95,78,20,116,75,121,28
6984,Mon-06984,Water,97,63,31,58,22,30,98
6985,Mon-06985,Normal,55,79,100,147,88,93,67
6986,Mon-06986,Electric,36,35,62,35,122,77,32
6987,Mon-06987,Dark,95,55,37,88,130,82,43
6988,Mon-06988,Fighting,100,124,91,115,118,83,118
6989,Mon-06989,Water,13,108,59,31,99,75,71
6990,Mon-06990,Normal,64,67,121,89,43,58,47
6991,Mon-06991,Rock,61,32,84,33,60,72,80
6992,Mon-06992,Electric,75,91,46,124,27,128,34
6993,Mon-06993,Psychic,98,53,123,83,44,28,63
6994,Mon-06994,Ground,26,56,86,133,47,37,86
6995,Mon-06995,Grass,98,30,52,107,94,26,126
6996,Mon-06996,Ground,65,52,35,64,23,89,50
6997,Mon-06997,Poison,9,43,81,44,123,56,111
6998,Mon-06998,Rock,52,23,102,44,101,24,65
6999,Mon-06999,Psychic,14,85,112,29,94,42,118
7000,Mon-07000,Fairy,96,127,34,62,83,48,26
7001,Mon-07001,Fire,77,33,67,116,48,29,35
7002,Mon-07002,Psychic,91,25,130,69,80,105,71
7003,Mon-07003,Fighting,61,31,93,43,90,22,107
7004,Mon-07004,Electric,40,80,30,35,114,117,53
7005,Mon-07005,Dark,43,111,121,80,95,128,33
7006,Mon-07006,Dark,95,54,96,51,109,121,38
7007,Mon-07007,Dark,16,33,71,117,70,43,52
7008,Mon-07008,Fairy,89,30,106,67,65,45,62
7009,Mon-07009,Ghost,43,87,91,40,106,129,83
7010,Mon-07010,Ghost,60,59,48,59,87,89,105
7011,Mon-07011,Poison,67,59,108,80,63,80,34
7012,Mon-07012,Poison,9,46,48,29,69,115,104
7013,Mon-07013,Ghost,15,119,45,39,81,41,129
7014,Mon-07014,Ground,17,61,86,146,89,65,60
7015,Mon-07015,Psychic,78,98,22,68,60,36,42
7016,Mon-07016,Ghost,8,102,89,119,36,108,128
7017,Mon-07017,Grass,62,26,81,139,119,42,121
7018,Mon-07018,Psychic,11,47,99,39,53,34,33
7019,Mon-07019,Normal,77,119,37,111,37,60,113
7020,Mon-07020,Ground,98,117,84,129,47,82,114
7021,Mon-07021,Dark,42,65,69,27,116,42,53
7022,Mon-07022,Grass,22,37,39,64,38,119,128
7023,Mon-07023,Psychic,45,53,70,41,97,111,41
7024,Mon-07024,Dark,70,125,122,29,65,122,83
7025,Mon-07025,Rock,73,94,111,62,87,60,98
7026,Mon-07026,Ghost,64,28,38,48,100,63,26
7027,Mon-07027,Fighting,59,99,113,137,44,78,122
7028,Mon-07028,Psychic,64,36,82,54,63,120,122
7029,Mon-07029,Normal,22,53,25,119,107,75,61
7030,Mon-07030,Rock,21,73,122,31,129,63,68
7031,Mon-07031,Electric,94,59,78,102,114,93,61
7032,Mon-07032,Rock,58,97,121,112,53,34,39
7033,Mon-07033,Ground,87,37,30,44,46,130,118
7034,Mon-07034,Psychic,63,117,38,79,125,96,118
7035,Mon-07035,Dark,46,85,120,142,96,69,83
7036,Mon-07036,Fire,58,53,46,102,41,30,67
7037,Mon-07037,Ground,70,126,80,126,91,55,95
7038,Mon-07038,Electric,19,73,86,78,55,83,75
7039,Mon-07039,Ground,47,66,125,55,37,128,103
7040,Mon-07040,Ghost,73,22,57,84,38,74,83
7041,Mon-07041,Poison,9,130,103,75,61,130,39
7042,Mon-07042,Poison,8,113,101,148,46,77,120
7043,Mon-07043,Dark,17,39,97,78,107,106,67
7044,Mon-07044,Poison,60,125,77,104,37,30,75
7045,Mon-07045,Psychic,24,108,27,99,40,108,93
7046,Mon-07046,Poison,44,66,49,71,89,46,118
7047,Mon-07047,Water,14,123,82,72,68,65,66
7048,Mon-07048,Grass,26,82,65,131,42,55,38
7049,Mon-07049,Psychic,2,96,40,51,27,79,31
7050,Mon-07050,Fighting,81,40,96,77,29,88,88
7051,Mon-07051,Dark,47,32,71,109,52,59,66
7052,Mon-07052,Rock,18,78,107,32,49,26,78
7053,Mon-07053,Rock,53,56,80,110,84,88,114
7054,Mon-07054,Psychic,94,128,61,129,95,66,56
7055,Mon-07055,Poison,83,29,32,80,38,111,91
7056,Mon-07056,Fighting,89,104,31,98,67,97,43
7057,Mon-07057,Fire,41,86,76,86,71,61,97
7058,Mon-07058,Psychic,37,117,59,108,37,25,27
7059,Mon-07059,Fairy,32,130,99,31,74,79,42
7060,Mon-07060,Fighting,31,116,89,102,27,108,49
7061,Mon-07061,Rock,92,61,51,82,54,106,40
7062,Mon-07062,Ground,14,97,104,29,100,57,95
7063,Mon-07063,Ghost,86,38,82,125,47,43,63
7064,Mon-07064,Normal,92,73,117,44,98,28,50
7065,Mon-07065,Fire,85,49,125,99,31,87,49
7066,Mon-07066,Ground,63,47,126,132,71,49,100
7067,Mon-07067,Fire,86,83,34,141,120,106,80
7068,Mon-07068,Fairy,4,34,78,104,78,86,117
7069,Mon-07069,Fighting,82,83,23,115,110,25,76
7070,Mon-07070,Ground,52,64,117,98,46,96,97
7071,Mon-07071,Rock,96,45,97,122,40,48,122
7072,Mon-07072,Rock,9,82,49,147,73,116,109
7073,Mon-07073,Grass,94,103,87,82,47,22,103
7074,Mon-07074,Ground,58,87,82,77,100,60,83
7075,Mon-07075,Grass,11,29,80,46,59,20,116
7076,Mon-07076,Grass,51,82,79,148,105,90,125
7077,Mon-07077,Rock,4,89,129,139,23,73,33
7078,Mon-07078,Grass,9,95,105,113,57,79,104
7079,Mon-07079,Water,54,67,64,108,46,97,21
7080,Mon-07080,Normal,82,30,105,50,95,119,55
7081,Mon-07081,Dark,11,34,35,139,42,62,109
7082,Mon-07082,Electric,27,56,51,32,73,83,100
7083,Mon-07083,Fighting,40,90,33,102,59,88,88
7084,Mon-07084,Psychic,55,102,118,56,102,117,94
7085,Mon-07085,Water,1,94,22,82,61,41,37
7086,Mon-07086,Dark,64,54,118,36,96,78,103
7087,Mon-07087,Psychic,50,68,112,41,29,112,31
7088,Mon-07088,Fighting,97,25,125,72,103,51,55
7089,Mon-07089,Water,31,108,105,75,90,60,29
7090,Mon-07090,Electric,50,59,70,136,38,69,76
7091,Mon-07091,Electric,9,76,110,100,32,98,115
7092,Mon-07092,Fairy,92,69,129,28,55,94,117
7093,Mon-07093,Poison,84,51,119,142,129,34,21
7094,Mon-07094,Dark,36,38,107,101,49,42,128
7095,Mon-07095,Psychic,47,125,105,129,72,110,42
7096,Mon-07096,Psychic,86,33,92,141,69,94,59
7097,Mon-07097,Poison,30,124,118,89,52,77,51
7098,Mon-07098,Ghost,24,32,67,47,71,66,74
7099,Mon-07099,Water,25,30,75,81,39,127,20
7100,Mon-07100,Fire,71,120,113,111,94,117,56
7101,Mon-07101,Fairy,22,125,49,29,37,64,53
7102,Mon-07102,Normal,9,119,104,144,83,59,99
7103,Mon-07103,Rock,17,106,32,69,55,116,115
7104,Mon-07104,Ghost,99,74,84,108,84,58,24
7105,Mon-07105,Rock,88,31,23,148,80,65,65
7106,Mon-07106,Ground,96,85,130,134,90,121,125
7107,Mon-07107,Ground,28,77,113,118,87,31,122
7108,Mon-07108,Water,45,101,47,62,50,98,80
7109,Mon-07109,Fire,50,23,36,91,85,96,103
7110,Mon-07110,Electric,53,28,91,88,45,62,50
7111,Mon-07111,Poison,3,85,120,133,63,40,109
7112,Mon-07112,Ghost,60,114,55,30,43,115,24
7113,Mon-07113,Poison,4,123,126,27,79,108,77
7114,Mon-07114,Normal,28,83,70,39,106,115,82
7115,Mon-07115,Psychic,30,60,69,145,87,57,39
7116,Mon-07116,Electric,68,72,57,93,30,126,85
7117,Mon-07117,Fairy,90,76,50,113,28,103,124
7118,Mon-07118,Fire,70,88,57,36,55,46,97
7119,Mon-07119,Rock,44,45,39,26,85,73,35
7120,Mon-07120,Electric,53,63,61,106,51,55,78
7121,Mon-07121,Electric,52,80,52,113,130,79,98
7122,Mon-07122,Grass,15,114,26,78,85,40,77
7123,Mon-07123,Fighting,96,109,60,35,119,101,37
7124,Mon-07124,Ground,92,103,24,86,122,71,53
7125,Mon-07125,Rock,25,43,40,105,30,93,70
7126,Mon-07126,Rock,12,65,100,51,117,91,41
7127,Mon-07127,Ground,17,81,22,62,25,93,67
7128,Mon-07128,Rock,63,127,54,119,31,104,47
7129,Mon-07129,Normal,3,59,95,51,79,93,35
7130,Mon-07130,Ghost,11,121,22,37,79,77,61
7131,Mon-07131,Rock,65,103,101,104,91,84,21
7132,Mon-07132,Rock,15,90,29,27,24,90,105
7133,Mon-07133,Dark,7,97,26,79,31,109,24
7134,Mon-07134,Psychic,3,108,41,96,107,72,33
7135,Mon-07135,Rock,71,97,115,33,85,53,53
7136,Mon-07136,Grass,37,94,25,107,61,48,91
7137,Mon-07137,Poison,29,61,30,128,40,40,69
7138,Mon-07138,Poison,64,67,125,147,43,86,24
7139,Mon-07139,Water,18,86,87,58,54,101,57
7140,Mon-07140,Electric,53,113,83,66,73,55,24
7141,Mon-07141,Ground,49,92,24,102,110,79,67
7142,Mon-07142,Fairy,68,129,63,100,68,61,50
7143,Mon-07143,Fighting,63,95,83,101,68,119,119
7144,Mon-07144,Fighting,68,65,79,64,124,120,59
7145,Mon-07145,Poison,22,83,77,32,30,127,85
7146,Mon-07146,Grass,15,89,32,28,23,115,41
7147,Mon-07147,Rock,54,116,129,150,130,116,73
7148,Mon-07148,Psychic,6,48,97,76,125,81,118
7149,Mon-07149,Fighting,46,47,46,81,64,80,22
7150,Mon-07150,Water,63,42,127,103,46,53,53
7151,Mon-07151,Electric,83,26,53,50,33,103,59
7152,Mon-07152,Water,66,94,34,73,36,55,71
7153,Mon-07153,Dark,100,126,119,80,119,57,65
7154,Mon-07154,Ground,56,88,36,36,102,124,130
7155,Mon-07155,Fire,45,26,26,100,113,21,35
7156,Mon-07156,Electric,25,60,89,49,78,33,48
7157,Mon-07157,Electric,68,120,49,25,93,106,72
7158,Mon-07158,Poison,82,25,36,103,119,96,88
7159,Mon-07159,Ghost,33,87,31,62,59,106,29
7160,Mon-07160,Electric,8,68,33,115,80,71,102
7161,Mon-07161,Fairy,2,121,126,92,52,20,78
7162,Mon-07162,Psychic,64,76,94,28,76,53,50
7163,Mon-07163,Ghost,67,82,113,112,43,115,62
7164,Mon-07164,Fire,13,100,88,30,42,93,26
7165,Mon-07165,Fighting,3,111,80,64,59,117,93
7166,Mon-07166,Ghost,66,77,44,111,125,21,107
7167,Mon-07167,Electric,40,100,127,75,50,55,130
7168,Mon-07168,Dark,42,109,111,73,93,96,52
7169,Mon-07169,Dark,27,78,78,52,83,21,50
7170,Mon-07170,Water,72,99,31,80,86,69,55
7171,Mon-07171,Grass,75,60,104,61,34,117,34
7172,Mon-07172,Grass,6,59,56,144,107,37,66
7173,Mon-07173,Dark,9,20,43,111,107,27,33
7174,Mon-07174,Normal,56,94,102,139,31,90,24
7175,Mon-07175,Fighting,61,47,112,67,63,45,57
7176,Mon-07176,Normal,15,110,88,144,116,40,114
7177,Mon-07177,Ghost,16,125,28,60,46,80,127
7178,Mon-07178,Psychic,69,117,86,63,75,87,115
7179,Mon-07179,Dark,46,50,121,62,111,110,126
7180,Mon-07180,Ghost,12,92,96,99,109,31,116
7181,Mon-07181,Poison,61,103,49,102,62,106,92
7182,Mon-07182,Poison,8,76,91,33,99,94,40
7183,Mon-07183,Fighting,24,76,47,95,123,95,110
7184,Mon-07184,Ground,72,68,117,145,70,46,128
7185,Mon-07185,Ghost,23,54,113,76,128,111,75
7186,Mon-07186,Fire,7,83,83,113,105,33,93
7187,Mon-07187,Rock,96,130,35,104,91,96,62
7188,Mon-07188,Dark,23,44,64,148,99,34,85
7189,Mon-07189,Fighting,52,25,33,105,40,90,22
7190,Mon-07190,Ghost,83,26,105,84,20,70,100
7191,Mon-07191,Electric,99,84,95,26,111,38,77
7192,Mon-07192,Ghost,81,49,48,126,98,41,103
7193,Mon-07193,Fighting,34,71,115,67,124,68,61
7194,Mon-07194,Grass,86,125,104,141,76,60,66
7195,Mon-07195,Fairy,2,28,123,55,62,70,36
7196,Mon-07196,Water,33,39,51,80,113,68,84
7197,Mon-07197,Fighting,20,43,39,129,124,22,122
7198,Mon-07198,Rock,53,70,73,44,109,67,84
7199,Mon-07199,Fire,90,97,49,59,111,65,119
7200,Mon-07200,Electric,78,40,102,124,38,63,20
7201,Mon-07201,Grass,100,32,67,64,116,45,101
7202,Mon-07202,Rock,14,29,89,145,22,41,21
7203,Mon-07203,Ground,76,108,39,92,103,29,67
7204,Mon-07204,Psychic,73,23,29,128,41,89,72
7205,Mon-07205,Poison,46,89,124,93,24,80,71
7206,Mon-07206,Dark,10,84,69,30,102,110,81
7207,Mon-07207,Poison,11,31,35,127,57,46,105
7208,Mon-07208,Fairy,92,81,110,77,116,65,98
7209,Mon-07209,Ground,30,51,34,73,51,41,25
7210,Mon-07210,Electric,64,77,130,117,97,124,103
7211,Mon-07211,Ghost,95,35,62,60,91,107,64
7212,Mon-07212,Normal,50,94,71,78,111,36,85
7213,Mon-07213,Electric,21,108,48,101,115,109,121
7214,Mon-07214,Electric,49,20,29,99,85,122,51
7215,Mon-07215,Fire,23,79,65,116,58,93,87
7216,Mon-07216,Grass,19,91,60,35,76,129,88
7217,Mon-07217,Rock,82,20,69,150,86,41,75
7218,Mon-07218,Ground,35,100,74,101,127,52,48
7219,Mon-07219,Water,69,80,89,102,39,90,103
7220,Mon-07220,Ghost,73,53,28,136,28,79,110
7221,Mon-07221,Ground,55,73,60,86,71,99,124
7222,Mon-07222,Fighting,55,95,115,28,66,127,66
7223,Mon-07223,Grass,19,91,125,41,119,45,34
7224,Mon-07224,Rock,53,106,79,144,50,116,119
7225,Mon-07225,Fire,76,23,60,149,36,34,87
7226,Mon-07226,Electric,20,107,66,35,33,70,34
7227,Mon-07227,Electric,24,23,106,111,119,68,106
7228,Mon-07228,Psychic,70,92,64,108,87,109,98
7229,Mon-07229,Water,99,58,124,45,128,67,112
7230,Mon-07230,Electric,40,27,23,124,49,112,67
7231,Mon-07231,Water,83,96,87,82,29,37,72
7232,Mon-07232,Fairy,19,81,77,54,71,130,34
7233,Mon-07233,Normal,57,93,70,95,39,41,67
7234,Mon-07234,Ghost,95,61,72,139,35,85,82
7235,Mon-07235,Fairy,45,50,37,52,117,75,116
7236,Mon-07236,Rock,51,89,58,102,63,30,43
7237,Mon-07237,Psychic,16,43,59,117,27,78,24
7238,Mon-07238,Grass,53,110,93,103,42,116,52
7239,Mon-07239,Poison,59,95,86,106,60,79,42
7240,Mon-07240,Poison,99,130,65,116,119,98,70
7241,Mon-07241,Psychic,21,23,77,54,90,129,98
7242,Mon-07242,Psychic,37,85,83,37,77,53,60
7243,Mon-07243,Dark,65,81,25,149,84,24,57
7244,Mon-07244,Ghost,95,115,118,65,108,96,63
7245,Mon-07245,Fairy,24,67,119,144,41,107,128
7246,Mon-07246,Fairy,70,123,60,58,73,35,64
7247,Mon-07247,Water,88,46,104,58,62,59,99
7248,Mon-07248,Fighting,64,114,64,28,24,59,21
7249,Mon-07249,Fairy,43,77,27,80,81,103,32
7250,Mon-07250,Electric,24,124,116,144,97,117,60
7251,Mon-07251,Ground,29,44,49,137,93,101,79
7252,Mon-07252,Rock,6,48,59,63,25,52,63
7253,Mon-07253,Normal,16,82,83,76,63,88,49
7254,Mon-07254,Electric,44,81,68,109,63,49,85
7255,Mon-07255,Electric,15,36,49,145,37,90,48
7256,Mon-07256,Dark,2,92,108,101,80,127,73
7257,Mon-07257,Ghost,70,65,59,50,78,93,32
7258,Mon-07258,Fire,8,36,85,69,106,107,39
7259,Mon-07259,Fighting,15,76,93,116,104,102,120
7260,Mon-07260,Ghost,60,97,123,27,119,72,85
7261,Mon-07261,Normal,93,23,73,100,67,34,53
7262,Mon-07262,Fairy,73,122,72,121,42,128,23
7263,Mon-07263,Psychic,4,87,121,68,80,60,106
7264,Mon-07264,Fighting,17,48,73,92,93,118,56
7265,Mon-07265,Poison,75,103,53,115,56,113,70
7266,Mon-07266,Water,74,113,24,99,72,95,88
7267,Mon-07267,Normal,40,126,56,28,121,80,28
7268,Mon-07268,Poison,95,107,41,98,105,50,89
7269,Mon-07269,Normal,89,42,53,54,87,35,130
7270,Mon-07270,Fire,75,38,79,118,124,116,40
7271,Mon-07271,Water,75,43,78,57,21,126,123
7272,Mon-07272,Water,79,117,40,148,79,94,57
7273,Mon-07273,Fire,15,53,71,39,49,129,20
7274,Mon-07274,Dark,71,56,70,137,51,44,70
7275,Mon-07275,Ground,94,118,24,29,107,76,42
7276,Mon-07276,Rock,23,42,51,111,108,39,65
7277,Mon-07277,Psychic,2,65,100,69,73,79,38
7278,Mon-07278,Fighting,37,52,22,49,78,118,96
7279,Mon-07279,Ghost,27,53,53,52,86,52,60
7280,Mon-07280,Rock,95,86,72,29,117,66,102
7281,Mon-07281,Psychic,45,102,38,41,22,77,43
7282,Mon-07282,Electric,67,49,91,74,82,71,24
7283,Mon-07283,Grass,99,24,99,44,27,127,56
7284,Mon-07284,Psychic,79,90,57,146,124,67,102
7285,Mon-07285,Fighting,75,80,45,129,46,48,129
7286,Mon-07286,Grass,97,93,106,84,21,56,117
7287,Mon-07287,Water,69,69,43,36,109,53,20
7288,Mon-07288,Electric,24,106,36,149,102,54,121
7289,Mon-07289,Fighting,73,89,23,116,120,119,64
7290,Mon-07290,Rock,33,104,30,48,58,76,26
7291,Mon-07291,Rock,34,101,116,31,50,62,46
7292,Mon-07292,Normal,65,75,123,103,94,35,118
7293,Mon-07293,Electric,32,56,80,30,124,127,86
7294,Mon-07294,Dark,3,84,122,102,124,37,38
7295,Mon-07295,Grass,100,90,98,80,64,58,108
7296,Mon-07296,Fire,58,83,65,135,92,97,57
7297,Mon-07297,Fighting,68,78,99,73,111,20,33
7298,Mon-07298,Normal,81,58,66,81,102,55,62
7299,Mon-07299,Water,64,34,126,93,86,125,105
7300,Mon-07300,Ghost,62,67,114,148,37,22,53
7301,Mon-07301,Grass,80,117,113,113,90,46,37
7302,Mon-07302,Normal,30,99,78,109,38,29,52
7303,Mon-07303,Dark,83,103,77,64,70,97,108
7304,Mon-07304,Electric,73,101,32,85,83,21,38
7305,Mon-07305,Fairy,19,122,92,49,22,25,71
7306,Mon-07306,Electric,15,45,32,74,67,72,93
7307,Mon-07307,Ghost,88,99,79,128,54,103,26
7308,Mon-07308,Electric,90,27,34,37,32,120,84
7309,Mon-07309,Electric,100,47,72,45,91,44,106
7310,Mon-07310,Ghost,11,23,106,98,100,83,88
7311,Mon-07311,Poison,90,67,54,125,119,108,40
7312,Mon-07312,Dark,87,35,86,147,97,100,77
7313,Mon-07313,Electric,77,62,48,98,40,127,120
7314,Mon-07314,Ground,50,34,53,107,30,28,44
7315,Mon-07315,Water,51,23,40,61,111,25,37
7316,Mon-07316,Poison,43,73,37,76,25,96,85
7317,Mon-07317,Fairy,3,65,61,64,62,60,66
7318,Mon-07318,Psychic,51,66,33,38,62,101,92
7319,Mon-07319,Water,24,58,118,71,40,99,86
7320,Mon-07320,Dark,21,65,102,52,90,69,25
7321,Mon-07321,Fairy,6,20,44,99,105,130,100
7322,Mon-07322,Poison,46,73,118,119,119,117,129
7323,Mon-07323,Fire,5,114,60,148,72,60,35
7324,Mon-07324,Rock,85,35,78,135,68,20,84
7325,Mon-07325,Water,89,35,97,65,42,130,61
7326,Mon-07326,Poison,81,106,105,143,29,127,90
7327,Mon-07327,Ghost,31,75,20,143,113,119,85
7328,Mon-07328,Normal,17,48,51,88,113,26,83
7329,Mon-07329,Poison,51,107,57,50,128,99,35
7330,Mon-07330,Rock,68,56,85,122,33,126,96
7331,Mon-07331,Grass,3,87,116,39,66,62,94
7332,Mon-07332,Water,86,81,68,70,90,103,92
7333,Mon-07333,Water,44,38,71,92,117,79,41
7334,Mon-07334,Poison,82,103,29,133,65,71,108
7335,Mon-07335,Poison,8,88,78,148,35,99,43
7336,Mon-07336,Rock,43,43,74,128,120,84,37
7337,Mon-07337,Poison,46,104,90,86,29,96,56
7338,Mon-07338,Electric,5,88,113,35,98,44,38
7339,Mon-07339,Normal,71,114,82,125,60,52,57
7340,Mon-07340,Ghost,94,111,25,132,20,91,44
7341,Mon-07341,Electric,55,55,110,84,78,81,28
7342,Mon-07342,Electric,40,123,72,94,61,62,126
7343,Mon-07343,Ghost,64,23,74,132,68,112,95
7344,Mon-07344,Fairy,37,57,116,41,40,57,59
7345,Mon-07345,Water,36,87,85,127,94,72,62
7346,Mon-07346,Fairy,76,79,107,89,51,55,55
7347,Mon-07347,Fire,60,45,117,111,36,82,103
7348,Mon-07348,Ground,27,42,74,49,64,82,45
7349,Mon-07349,Fairy,41,106,129,102,40,56,30
7350,Mon-07350,Fire,84,117,39,58,80,105,73
7351,Mon-07351,Psychic,53,95,116,90,79,37,44
7352,Mon-07352,Poison,8,78,114,91,108,105,120
7353,Mon-07353,Fairy,86,105,31,145,128,27,59
7354,Mon-07354,Fighting,75,46,36,109,29,47,94
7355,Mon-07355,Psychic,27,127,24,95,24,65,63
7356,Mon-07356,Dark,97,33,50,75,68,67,40
7357,Mon-07357,Electric,96,84,130,67,27,90,55
7358,Mon-07358,Grass,100,57,33,107,114,124,112
7359,Mon-07359,Fairy,38,120,23,136,109,104,28
7360,Mon-07360,Ground,93,47,70,97,67,80,124
7361,Mon-07361,Fighting,81,91,59,108,126,29,22
7362,Mon-07362,Fighting,88,37,89,66,77,130,99
7363,Mon-07363,Poison,55,40,87,95,80,55,96
7364,Mon-07364,Fairy,28,66,111,97,106,88,85
7365,Mon-07365,Fairy,23,108,66,110,81,109,27
7366,Mon-07366,Ground,97,50,71,64,99,97,94
7367,Mon-07367,Psychic,51,97,22,68,46,32,27
7368,Mon-07368,Electric,93,83,127,70,76,48,101
7369,Mon-07369,Electric,56,128,43,78,109,130,106
7370,Mon-07370,Poison,54,53,86,61,127,105,115
7371,Mon-07371,Grass,8,47,117,49,41,90,63
7372,Mon-07372,Grass,41,120,87,88,24,69,93
7373,Mon-07373,Dark,56,56,89,132,85,124,40
7374,Mon-07374,Grass,11,43,39,28,26,100,78
7375,Mon-07375,Water,17,111,98,108,95,101,99
7376,Mon-07376,Ground,60,110,41,127,67,121,40
7377,Mon-07377,Ghost,25,26,96,128,108,126,112
7378,Mon-07378,Dark,71,115,84,132,37,115,61
7379,Mon-07379,Rock,47,90,74,64,25,93,122
7380,Mon-07380,Fire,41,50,100,37,44,45,29
7381,Mon-07381,Water,12,79,99,150,27,49,44
7382,Mon-07382,Dark,41,46,42,113,36,37,100
7383,Mon-07383,Fire,55,38,61,70,104,108,41
7384,Mon-07384,Psychic,58,34,73,132,96,57,130
7385,Mon-07385,Fairy,28,38,36,69,89,45,124
7386,Mon-07386,Fairy,3,84,59,119,66,100,30
7387,Mon-07387,Ground,94,109,24,146,44,82,113
7388,Mon-07388,Psychic,96,73,68,121,112,47,68
7389,Mon-07389,Psychic,91,21,42,107,117,61,113
7390,Mon-07390,Fairy,29,67,44,49,47,73,97
7391,Mon-07391,Fairy,61,102,110,142,119,108,54
7392,Mon-07392,Normal,15,112,35,78,89,20,23
7393,Mon-07393,Grass,91,101,33,103,58,104,55
7394,Mon-07394,Electric,1,61,55,102,43,28,68
7395,Mon-07395,Psychic,48,92,22,56,85,115,79
7396,Mon-07396,Normal,86,27,116,100,21,33,108
7397,Mon-07397,Fire,73,65,129,74,55,47,110
7398,Mon-07398,Fighting,87,79,109,69,96,60,52
7399,Mon-07399,Psychic,50,23,108,133,75,130,41
7400,Mon-07400,Electric,10,21,31,115,36,64,93
7401,Mon-07401,Dark,1,108,81,86,37,109,102
7402,Mon-07402,Ground,16,44,29,27,97,48,87
7403,Mon-07403,Ghost,6,33,53,114,112,62,88
7404,Mon-07404,Electric,45,85,74,118,96,77,97
7405,Mon-07405,Electric,6,51,95,45,37,34,65
7406,Mon-07406,Psychic,19,128,50,120,94,23,46
7407,Mon-07407,Grass,42,125,48,75,50,58,107
7408,Mon-07408,Rock,74,111,111,117,85,107,38
7409,Mon-07409,Grass,68,53,44,130,85,31,26
7410,Mon-07410,Grass,6,117,73,113,118,110,21
7411,Mon-07411,Ghost,91,48,51,143,111,88,63
7412,Mon-07412,Dark,55,46,114,34,28,50,73
7413,Mon-07413,Poison,35,128,79,65,20,32,80
7414,Mon-07414,Fire,39,94,32,32,123,81,40
7415,Mon-07415,Electric,85,29,36,46,53,67,67
7416,Mon-07416,Ghost,47,118,127,72,27,32,92
7417,Mon-07417,Psychic,25,37,124,27,41,94,52
7418,Mon-07418,Ground,43,95,105,74,74,112,80
7419,Mon-07419,Normal,7,68,28,41,118,70,50
7420,Mon-07420,Rock,16,21,101,39,122,70,112
7421,Mon-07421,Grass,32,107,93,130,92,117,69
7422,Mon-07422,Fire,23,96,124,118,49,63,109
7423,Mon-07423,Fire,35,118,73,82,99,46,57
7424,Mon-07424,Normal,7,87,72,96,113,114,60
7425,Mon-07425,Fairy,62,103,90,61,65,78,104
7426,Mon-07426,Electric,12,120,36,86,85,124,52
7427,Mon-07427,Normal,22,128,102,122,74,121,99
7428,Mon-07428,Fighting,98,82,75,90,115,110,29
7429,Mon-07429,Ghost,1,21,40,124,87,59,113
7430,Mon-07430,Poison,28,58,110,86,25,99,103
7431,Mon-07431,Dark,51,88,49,70,116,72,82
7432,Mon-07432,Dark,31,32,115,137,81,104,75
7433,Mon-07433,Poison,33,32,50,138,67,123,61
7434,Mon-07434,Water,13,63,74,53,40,101,57
7435,Mon-07435,Dark,43,121,68,83,97,75,54
7436,Mon-07436,Ground,76,55,101,122,22,130,98
7437,Mon-07437,Ground,59,123,40,57,39,115,42
7438,Mon-07438,Psychic,93,109,47,119,96,47,50
7439,Mon-07439,Dark,70,53,41,138,50,124,63
7440,Mon-07440,Poison,79,45,45,54,103,73,73
7441,Mon-07441,Poison,44,111,70,44,49,48,49
7442,Mon-07442,Poison,62,103,85,144,101,52,68
7443,Mon-07443,Fighting,58,89,115,150,95,107,109
7444,Mon-07444,Fairy,82,128,66,133,100,62,49
7445,Mon-07445,Dark,51,31,65,102,101,92,39
7446,Mon-07446,Ghost,41,62,37,35,108,69,107
7447,Mon-07447,Fighting,8,86,30,140,60,129,49
7448,Mon-07448,Fighting,86,27,104,50,72,35,98
7449,Mon-07449,Ground,44,128,90,47,27,84,125
7450,Mon-07450,Psychic,80,83,79,115,58,59,77
7451,Mon-07451,Rock,68,54,69,74,71,107,80
7452,Mon-07452,Water,1,46,77,134,105,124,96
7453,Mon-07453,Normal,66,20,113,135,120,58,33
7454,Mon-07454,Psychic,49,85,41,126,93,120,29
7455,Mon-07455,Rock,24,128,75,130,34,87,40
7456,Mon-07456,Normal,27,24,46,93,42,26,67
7457,Mon-07457,Poison,64,65,31,134,79,106,113
7458,Mon-07458,Fire,9,93,96,140,68,81,86
7459,Mon-07459,Ghost,61,67,98,60,123,127,115
7460,Mon-07460,Dark,85,92,114,78,40,70,63
7461,Mon-07461,Fighting,9,99,22,102,83,47,109
7462,Mon-07462,Fighting,1,127,39,133,106,39,99
7463,Mon-07463,Fighting,7,87,83,74,68,28,31
7464,Mon-07464,Poison,74,98,110,57,47,98,77
7465,Mon-07465,Ground,85,53,124,65,34,128,90
7466,Mon-07466,Psychic,99,36,107,125,89,91,62
7467,Mon-07467,Electric,3,31,120,90,90,86,105
7468,Mon-07468,Psychic,49,32,110,57,101,23,66
7469,Mon-07469,Dark,5,111,55,115,112,21,98
7470,Mon-07470,Fire,38,24,84,108,130,75,99
7471,Mon-07471,Dark,31,73,90,90,40,77,44
7472,Mon-07472,Psychic,61,88,59,103,68,67,27
7473,Mon-07473,Ground,91,94,118,54,55,123,117
7474,Mon-07474,Water,81,27,105,48,116,56,113
7475,Mon-07475,Poison,7,115,77,126,33,129,125
7476,Mon-07476,Ghost,25,68,73,110,93,49,26
7477,Mon-07477,Psychic,28,21,107,148,54,56,97
7478,Mon-07478,Normal,26,34,44,143,20,53,34
7479,Mon-07479,Psychic,36,115,44,70,86,106,73
7480,Mon-07480,Poison,61,124,64,83,63,56,109
7481,Mon-07481,Water,74,103,34,132,96,70,48
7482,Mon-07482,Dark,94,57,70,25,63,32,61
7483,Mon-07483,Ground,71,125,68,133,41,64,74
7484,Mon-07484,Water,30,50,76,46,33,42,70
7485,Mon-07485,Electric,19,45,71,57,40,104,22
7486,Mon-07486,Rock,38,104,119,85,68,110,61
7487,Mon-07487,Dark,80,55,50,113,49,49,113
7488,Mon-07488,Ground,100,77,65,69,32,129,30
7489,Mon-07489,Fighting,40,93,101,143,55,67,58
7490,Mon-07490,Fighting,18,38,51,123,112,112,87
7491,Mon-07491,Ghost,1,122,92,118,113,47,62
7492,Mon-07492,Normal,8,38,126,122,60,115,96
7493,Mon-07493,Water,64,130,61,28,77,35,49
7494,Mon-07494,Rock,59,50,46,128,40,60,41
7495,Mon-07495,Water,65,66,41,101,65,62,122
7496,Mon-07496,Grass,3,48,21,48,86,40,103
7497,Mon-07497,Poison,44,79,51,123,22,126,53
7498,Mon-07498,Fighting,19,20,114,38,115,52,31
7499,Mon-07499,Rock,34,38,48,102,120,66,68
7500,Mon-07500,Grass,63,77,125,96,123,21,106
7501,Mon-07501,Fire,28,97,125,28,43,95,88
7502,Mon-07502,Fire,66,126,95,72,119,39,97
7503,Mon-07503,Dark,29,112,128,40,32,51,78
7504,Mon-07504,Water,52,122,65,144,117,121,121
7505,Mon-07505,Electric,46,108,126,126,35,116,33
7506,Mon-07506,Poison,39,106,80,150,58,32,110
7507,Mon-07507,Poison,13,58,28,86,125,89,127
7508,Mon-07508,Dark,58,120,112,66,76,102,113
7509,Mon-07509,Fairy,100,126,125,145,44,125,51
7510,Mon-07510,Psychic,65,77,118,63,61,46,126
7511,Mon-07511,Water,75,33,66,77,56,56,127
7512,Mon-07512,Poison,81,24,31,41,122,46,113
7513,Mon-07513,Fire,4,74,84,128,65,79,55
7514,Mon-07514,Dark,80,90,116,40,30,86,108
7515,Mon-07515,Rock,25,81,113,29,38,41,115
7516,Mon-07516,Dark,67,119,88,129,81,22,41
7517,Mon-07517,Ghost,99,79,107,130,21,35,48
7518,Mon-07518,Water,90,93,23,132,47,43,103
7519,Mon-07519,Dark,42,104,89,133,87,84,109
7520,Mon-07520,Normal,84,119,32,42,114,42,90
7521,Mon-07521,Rock,62,87,103,70,30,109,80
7522,Mon-07522,Fairy,14,81,25,121,57,91,126
7523,Mon-07523,Fairy,24,28,86,63,63,42,57
7524,Mon-07524,Rock,96,91,125,123,115,129,99
7525,Mon-07525,Electric,92,39,32,139,107,98,125
7526,Mon-07526,Electric,90,60,67,146,123,116,48
7527,Mon-07527,Electric,39,79,24,122,88,94,27
7528,Mon-07528,Grass,33,29,99,125,39,93,38
7529,Mon-07529,Ground,81,97,122,100,124,73,94
7530,Mon-07530,Electric,3,51,20,34,103,92,51
7531,Mon-07531,Water,90,77,80,79,93,105,99
7532,Mon-07532,Fire,61,58,108,145,58,129,73
7533,Mon-07533,Ground,64,59,22,139,108,85,115
7534,Mon-07534,Rock,44,63,73,55,64,103,92
7535,Mon-07535,Fairy,98,25,34,119,55,125,85
7536,Mon-07536,Ghost,75,41,122,63,50,87,43
7537,Mon-07537,Fire,6,107,76,77,93,104,56
7538,Mon-07538,Fairy,53,33,77,106,88,40,45
7539,Mon-07539,Electric,86,75,130,87,45,118,26
7540,Mon-07540,Fighting,8,35,107,101,58,128,53
7541,Mon-07541,Grass,74,79,54,37,45,60,125
7542,Mon-07542,Ghost,25,91,89,62,102,118,109
7543,Mon-07543,Fighting,51,72,52,127,58,110,46
7544,Mon-07544,Fighting,89,105,77,103,106,45,60
7545,Mon-07545,Rock,50,49,110,131,45,130,100
7546,Mon-07546,Water,4,81,125,146,63,84,28
7547,Mon-07547,Fairy,3,50,125,69,22,38,100
7548,Mon-07548,Water,74,76,75,58,20,31,80
7549,Mon-07549,Normal,94,27,119,64,23,76,99
7550,Mon-07550,Electric,30,49,119,97,27,77,20
7551,Mon-07551,Normal,94,98,80,56,122,115,123
7552,Mon-07552,Normal,46,106,24,74,50,76,94
7553,Mon-07553,Ground,6,50,33,46,79,64,39
7554,Mon-07554,Fairy,54,48,92,73,125,55,113
7555,Mon-07555,Ground,98,53,112,144,74,76,23
7556,Mon-07556,Ghost,26,50,121,78,63,49,38
7557,Mon-07557,Normal,97,130,46,120,100,102,107
7558,Mon-07558,Normal,66,92,119,79,102,35,113
7559,Mon-07559,Fighting,40,62,111,79,31,111,30
7560,Mon-07560,Rock,70,71,73,107,123,43,95
7561,Mon-07561,Fighting,41,76,61,38,33,42,109
7562,Mon-07562,Fairy,9,81,72,69,57,128,30
7563,Mon-07563,Rock,88,62,94,42,125,63,28
7564,Mon-07564,Rock,38,128,109,50,82,95,45
7565,Mon-07565,Dark,57,52,39,114,83,63,44
7566,Mon-07566,Normal,75,67,57,47,114,128,45
7567,Mon-07567,Fire,9,20,33,50,69,36,108
7568,Mon-07568,Fighting,73,74,124,97,88,71,42
7569,Mon-07569,Dark,37,114,65,68,80,30,78
7570,Mon-07570,Fire,55,130,47,40,32,83,57
7571,Mon-07571,Ground,46,72,42,145,53,102,55
7572,Mon-07572,Normal,78,35,28,141,105,72,120
7573,Mon-07573,Fire,19,99,72,98,56,114,55
7574,Mon-07574,Rock,11,91,105,91,120,105,44
7575,Mon-07575,Fighting,42,126,55,126,126,125,45
7576,Mon-07576,Electric,12,76,64,147,105,130,122
7577,Mon-07577,Ground,25,20,90,38,20,126,112
7578,Mon-07578,Ghost,66,119,59,37,103,68,81
7579,Mon-07579,Water,82,94,102,66,128,130,81
7580,Mon-07580,Fairy,70,108,55,63,103,93,77
7581,Mon-07581,Rock,32,33,69,137,90,29,85
7582,Mon-07582,Normal,82,70,128,89,87,29,94
7583,Mon-07583,Ground,41,70,112,127,74,64,26
7584,Mon-07584,Water,19,49,83,109,47,81,109
7585,Mon-07585,Ground,76,113,63,116,73,29,103
7586,Mon-07586,Rock,52,40,130,145,121,84,126
7587,Mon-07587,Fire,38,27,71,99,29,95,67
7588,Mon-07588,Ground,67,46,58,122,34,96,20
7589,Mon-07589,Fairy,73,129,86,58,117,127,61
7590,Mon-07590,Normal,23,32,65,57,111,60,64
7591,Mon-07591,Dark,12,84,118,98,76,24,87
7592,Mon-07592,Grass,52,40,43,138,59,126,39
7593,Mon-07593,Water,6,63,25,31,32,78,28
7594,Mon-07594,Normal,64,81,67,88,94,89,36
7595,Mon-07595,Fairy,44,22,125,50,79,79,95
7596,Mon-07596,Grass,22,46,26,136,109,74,36
7597,Mon-07597,Grass,60,85,109,90,60,38,90
7598,Mon-07598,Fighting,38,21,20,30,108,82,98
7599,Mon-07599,Fire,39,74,81,25,125,112,83
7600,Mon-07600,Fire,22,86,70,105,37,32,25
7601,Mon-07601,Psychic,68,43,37,54,104,63,32
7602,Mon-07602,Fire,91,38,102,30,87,123,112
7603,Mon-07603,Normal,62,74,39,44,65,66,88
7604,Mon-07604,Psychic,24,99,68,44,43,37,103
7605,Mon-07605,Normal,84,21,81,68,37,126,124
7606,Mon-07606,Rock,13,57,77,115,32,35,65
7607,Mon-07607,Fighting,29,130,23,133,49,47,119
7608,Mon-07608,Normal,4,57,69,92,77,71,67
7609,Mon-07609,Ghost,85,56,92,144,79,62,120
7610,Mon-07610,Grass,5,101,78,124,129,66,95
7611,Mon-07611,Electric,55,73,101,45,102,105,44
7612,Mon-07612,Fire,20,63,106,117,128,81,21
7613,Mon-07613,Grass,22,107,39,54,103,73,121
7614,Mon-07614,Electric,61,23,109,146,83,98,62
7615,Mon-07615,Water,81,99,119,131,110,86,115
7616,Mon-07616,Grass,2,62,113,33,105,89,39
7617,Mon-07617,Fairy,16,118,114,46,109,73,70
7618,Mon-07618,Rock,29,100,43,80,47,81,40
7619,Mon-07619,Water,95,124,92,118,100,51,33
7620,Mon-07620,Electric,6,34,70,94,44,65,81
7621,Mon-07621,Grass,18,40,129,35,55,38,69
7622,Mon-07622,Grass,41,120,112,104,98,29,47
7623,Mon-07623,Water,33,63,37,106,76,114,57
7624,Mon-07624,Ghost,5,110,124,142,107,109,61
7625,Mon-07625,Normal,55,96,97,58,99,50,44
7626,Mon-07626,Fighting,61,75,80,29,102,71,99
7627,Mon-07627,Normal,18,24,69,119,36,130,52
7628,Mon-07628,Normal,69,28,74,113,31,78,88
7629,Mon-07629,Ground,6,99,105,90,47,21,101
7630,Mon-07630,Electric,74,30,104,112,59,84,56
7631,Mon-07631,Fighting,26,20,81,47,111,117,27
7632,Mon-07632,Ground,23,44,130,40,24,45,25
7633,Mon-07633,Psychic,20,121,45,75,79,125,85
7634,Mon-07634,Fighting,87,89,67,137,107,104,22
7635,Mon-07635,Fire,51,99,86,89,60,26,33
7636,Mon-07636,Poison,70,92,38,105,54,129,74
7637,Mon-07637,Psychic,21,82,75,150,42,89,51
7638,Mon-07638,Water,6,48,112,63,67,43,66
7639,Mon-07639,Grass,4,67,94,85,88,106,97
7640,Mon-07640,Dark,45,80,98,111,84,111,108
7641,Mon-07641,Ghost,33,129,37,44,114,88,62
7642,Mon-07642,Fairy,77,119,36,75,20,127,29
7643,Mon-07643,Ghost,79,101,69,94,52,117,41
7644,Mon-07644,Ground,32,110,55,63,59,54,114
7645,Mon-07645,Ghost,44,109,21,52,63,34,21
7646,Mon-07646,Fire,39,94,81,80,100,109,43
7647,Mon-07647,Electric,68,111,103,135,31,125,127
7648,Mon-07648,Fire,63,28,101,77,51,52,58
7649,Mon-07649,Normal,66,22,31,130,26,81,23
7650,Mon-07650,Fighting,6,69,106,110,83,76,115
7651,Mon-07651,Fighting,34,26,62,41,127,58,101
7652,Mon-07652,Normal,97,57,37,140,128,79,112
7653,Mon-07653,Dark,35,42,72,99,25,78,95
7654,Mon-07654,Ghost,18,126,44,96,33,129,77
7655,Mon-07655,Normal,20,92,94,112,83,57,98
7656,Mon-07656,Fire,3,24,102,30,49,36,29
7657,Mon-07657,Rock,79,89,100,56,45,70,31
7658,Mon-07658,Psychic,1,101,32,125,95,35,85
7659,Mon-07659,Grass,60,56,58,103,54,37,72
7660,Mon-07660,Psychic,40,117,75,74,86,90,104
7661,Mon-07661,Dark,10,128,129,83,24,113,123
7662,Mon-07662,Fairy,89,128,80,103,128,32,49
7663,Mon-07663,Psychic,75,30,92,85,29,63,56
7664,Mon-07664,Electric,82,69,57,82,23,40,40
7665,Mon-07665,Electric,94,106,52,94,66,71,109
7666,Mon-07666,Fire,92,69,108,60,117,85,75
7667,Mon-07667,Fairy,71,73,112,96,90,120,58
7668,Mon-07668,Fighting,54,56,26,112,74,119,103
7669,Mon-07669,Ground,70,66,79,114,50,120,71
7670,Mon-07670,Normal,45,97,106,103,45,66,76
7671,Mon-07671,Normal,19,22,37,82,92,107,112
7672,Mon-07672,Psychic,39,108,91,107,75,52,46
7673,Mon-07673,Rock,47,100,72,116,88,23,92
7674,Mon-07674,Ghost,5,35,76,64,65,123,116
7675,Mon-07675,Normal,85,105,85,86,53,120,117
7676,Mon-07676,Fighting,91,77,116,110,39,40,116
7677,Mon-07677,Ghost,42,55,29,108,52,40,43
7678,Mon-07678,Psychic,50,70,42,87,44,120,93
7679,Mon-07679,Rock,85,77,58,58,74,68,83
7680,Mon-07680,Electric,46,43,108,139,51,107,28
7681,Mon-07681,Electric,69,87,85,93,108,120,79
7682,Mon-07682,Fire,52,89,40,93,81,80,45
7683,Mon-07683,Ghost,28,60,22,83,53,30,77
7684,Mon-07684,Dark,80,71,129,120,29,86,88
7685,Mon-07685,Normal,20,88,35,63,33,34,97
7686,Mon-07686,Ground,23,75,23,143,29,96,106
7687,Mon-07687,Grass,70,68,65,32,55,83,84
7688,Mon-07688,Dark,71,126,81,26,56,68,72
7689,Mon-07689,Fighting,96,117,48,89,25,71,128
7690,Mon-07690,Ghost,72,62,38,133,98,126,53
7691,Mon-07691,Electric,3,99,29,26,78,63,52
7692,Mon-07692,Fairy,85,109,65,110,128,114,118
7693,Mon-07693,Normal,42,32,125,74,118,109,127
7694,Mon-07694,Poison,1,85,36,27,21,130,62
7695,Mon-07695,Normal,58,108,83,71,97,119,115
7696,Mon-07696,Rock,18,26,41,106,127,88,121
7697,Mon-07697,Normal,42,57,94,104,108,130,114
7698,Mon-07698,Grass,48,108,26,131,96,97,79
7699,Mon-07699,Psychic,8,123,42,149,35,33,104
7700,Mon-07700,Grass,86,130,20,31,120,30,88
7701,Mon-07701,Ground,52,86,91,133,111,95,23
7702,Mon-07702,Poison,97,24,99,26,79,78,33
7703,Mon-07703,Rock,47,23,39,147,122,116,124
7704,Mon-07704,Fairy,60,110,70,122,71,79,49
7705,Mon-07705,Dark,82,101,52,144,79,46,39
7706,Mon-07706,Normal,22,41,25,33,107,115,128
7707,Mon-07707,Dark,91,34,24,34,99,73,57
7708,Mon-07708,Rock,19,36,124,149,81,125,99
7709,Mon-07709,Electric,100,117,91,60,106,20,107
7710,Mon-07710,Grass,64,104,93,73,119,22,72
7711,Mon-07711,Electric,52,125,52,62,92,34,90
7712,Mon-07712,Rock,22,32,49,44,119,126,77
7713,Mon-07713,Ghost,57,97,108,33,65,33,70
7714,Mon-07714,Rock,56,122,68,42,78,99,29
7715,Mon-07715,Electric,99,79,31,131,91,98,31
7716,Mon-07716,Ground,84,105,74,28,83,117,106
7717,Mon-07717,Fairy,49,86,77,137,39,89,114
7718,Mon-07718,Poison,39,20,83,52,70,22,27
7719,Mon-07719,Ghost,39,67,79,101,34,24,54
7720,Mon-07720,Ghost,38,49,115,57,96,21,62
7721,Mon-07721,Psychic,2,29,47,137,108,86,24
7722,Mon-07722,Electric,4,86,85,30,95,67,65
7723,Mon-07723,Water,76,123,118,115,116,27,125
7724,Mon-07724,Fairy,26,25,128,142,92,22,86
7725,Mon-07725,Fighting,42,56,127,80,62,42,121
7726,Mon-07726,Fire,70,94,100,81,26,73,66
7727,Mon-07727,Ghost,61,54,31,43,23,120,103
7728,Mon-07728,Normal,37,32,129,135,126,111,126
7729,Mon-07729,Dark,76,41,23,145,106,69,79
7730,Mon-07730,Ghost,16,22,81,87,57,51,108
7731,Mon-07731,Fire,48,130,69,112,126,106,41
7732,Mon-07732,Grass,11,74,95,120,47,124,126
7733,Mon-07733,Rock,54,124,106,69,105,54,129
7734,Mon-07734,Fighting,10,96,101,25,43,75,77
7735,Mon-07735,Grass,95,58,45,41,98,32,31
7736,Mon-07736,Poison,66,124,103,138,27,34,53
7737,Mon-07737,Normal,25,48,104,125,95,118,53
7738,Mon-07738,Grass,62,40,22,36,70,45,128
7739,Mon-07739,Fairy,35,109,90,126,84,38,26
7740,Mon-07740,Water,52,81,34,136,24,55,29
7741,Mon-07741,Ground,17,66,82,93,61,58,112
7742,Mon-07742,Psychic,51,85,45,81,37,42,122
7743,Mon-07743,Fairy,11,127,59,150,88,97,48
7744,Mon-07744,Electric,16,51,50,134,20,83,30
7745,Mon-07745,Psychic,59,120,115,73,120,85,125
7746,Mon-07746,Grass,51,121,120,85,39,129,109
7747,Mon-07747,Electric,30,104,108,143,77,123,100
7748,Mon-07748,Water,6,37,100,141,130,51,106
7749,Mon-07749,Normal,43,29,60,104,65,129,125
7750,Mon-07750,Normal,93,33,35,106,80,95,93
7751,Mon-07751,Rock,71,97,83,117,126,36,31
7752,Mon-07752,Fire,6,64,67,61,27,55,106
7753,Mon-07753,Fairy,94,129,51,140,82,45,29
7754,Mon-07754,Fighting,43,20,46,62,82,108,29
7755,Mon-07755,Water,58,61,37,129,100,90,73
7756,Mon-07756,Water,1,49,112,128,86,106,61
7757,Mon-07757,Fire,32,117,55,61,73,36,82
7758,Mon-07758,Fighting,79,33,121,126,80,77,57
7759,Mon-07759,Fire,34,65,94,134,51,80,113
7760,Mon-07760,Psychic,17,116,38,87,57,95,128
7761,Mon-07761,Ground,10,127,26,93,125,61,127
7762,Mon-07762,Normal,93,121,66,89,92,26,72
7763,Mon-07763,Ghost,82,92,29,30,95,118,78
7764,Mon-07764,Water,5,38,125,93,35,67,25
7765,Mon-07765,Grass,93,30,120,109,62,121,117
7766,Mon-07766,Water,83,65,92,95,44,65,48
7767,Mon-07767,Ground,36,73,52,87,125,48,47
7768,Mon-07768,Fire,66,77,116,88,130,71,113
7769,Mon-07769,Grass,26,25,91,92,57,30,128
7770,Mon-07770,Fighting,25,94,59,142,66,82,118
7771,Mon-07771,Ghost,72,63,117,76,96,130,22
7772,Mon-07772,Fairy,21,32,43,53,36,48,122
7773,Mon-07773,Dark,36,121,83,33,82,36,66
7774,Mon-07774,Rock,36,59,96,134,44,35,35
7775,Mon-07775,Poison,16,45,120,47,78,39,36
7776,Mon-07776,Rock,83,74,35,77,100,63,96
7777,Mon-07777,Dark,68,125,51,120,102,47,109
7778,Mon-07778,Poison,87,111,113,47,32,99,64
7779,Mon-07779,Rock,53,31,75,54,52,57,86
7780,Mon-07780,Electric,18,96,103,105,59,60,101
7781,Mon-07781,Ground,28,93,105,104,100,36,66
7782,Mon-07782,Water,36,118,53,55,56,83,111
7783,Mon-07783,Grass,95,127,56,93,71,55,52
7784,Mon-07784,Psychic,24,102,75,113,45,98,48
7785,Mon-07785,Ground,70,92,23,52,58,22,73
7786,Mon-07786,Fire,13,59,108,80,72,91,75
7787,Mon-07787,Poison,96,119,32,60,43,108,54
7788,Mon-07788,Fighting,65,124,123,143,32,99,56
7789,Mon-07789,Ground,44,130,106,73,35,49,53
7790,Mon-07790,Ghost,35,125,59,132,70,97,70
7791,Mon-07791,Electric,36,91,28,135,38,110,96
7792,Mon-07792,Rock,23,126,107,46,23,78,52
7793,Mon-07793,Fire,60,106,69,143,112,91,95
7794,Mon-07794,Fighting,87,46,41,31,127,110,57
7795,Mon-07795,Normal,25,23,67,73,76,73,41
7796,Mon-07796,Rock,75,128,120,45,87,36,50
7797,Mon-07797,Rock,57,67,96,30,38,127,110
7798,Mon-07798,Dark,78,116,96,94,28,56,53
7799,Mon-07799,Rock,77,51,77,100,28,62,92
7800,Mon-07800,Fighting,4,60,36,98,41,88,84
7801,Mon-07801,Ground,3,111,125,77,32,39,96
7802,Mon-07802,Ground,92,78,102,124,101,58,86
7803,Mon-07803,Normal,16,95,77,87,105,84,130
7804,Mon-07804,Dark,58,55,100,92,101,101,122
7805,Mon-07805,Fairy,76,88,60,80,51,35,55
7806,Mon-07806,Grass,51,74,102,51,60,111,63
7807,Mon-07807,Ghost,1,123,127,107,59,50,60
7808,Mon-07808,Poison,2,74,58,129,36,121,92
7809,Mon-07809,Fire,67,29,20,63,72,120,74
7810,Mon-07810,Psychic,90,101,102,83,79,98,127
7811,Mon-07811,Water,35,125,114,137,42,119,99
7812,Mon-07812,Ghost,55,117,111,51,50,37,71
7813,Mon-07813,Fire,94,31,128,78,72,71,55
7814,Mon-07814,Dark,83,130,58,58,30,35,106
7815,Mon-07815,Fighting,55,58,121,68,85,73,112
7816,Mon-07816,Dark,66,112,43,82,58,84,127
7817,Mon-07817,Dark,97,89,85,141,98,82,80
7818,Mon-07818,Electric,80,128,118,26,103,28,107
7819,Mon-07819,Rock,42,57,121,70,61,29,117
7820,Mon-07820,Fire,70,87,88,134,59,130,28
7821,Mon-07821,Fairy,33,95,80,35,78,48,36
7822,Mon-07822,Rock,93,37,71,88,24,74,41
7823,Mon-07823,Normal,10,106,116,44,41,84,45
7824,Mon-07824,Fire,23,35,117,95,33,37,52
7825,Mon-07825,Fighting,35,111,46,115,51,55,20
7826,Mon-07826,Ghost,21,34,35,105,86,86,96
7827,Mon-07827,Poison,60,39,110,95,47,43,87
7828,Mon-07828,Rock,72,74,109,118,77,107,94
7829,Mon-07829,Psychic,90,40,31,92,96,91,107
7830,Mon-07830,Dark,51,28,74,102,94,129,35
7831,Mon-07831,Fighting,63,25,76,35,78,82,56
7832,Mon-07832,Water,60,51,24,27,83,108,69
7833,Mon-07833,Rock,1,74,93,45,69,56,49
7834,Mon-07834,Grass,71,24,127,93,75,97,66
7835,Mon-07835,Rock,3,35,43,74,108,124,71
7836,Mon-07836,Fighting,55,87,106,71,72,111,96
7837,Mon-07837,Poison,100,55,28,81,59,106,44
7838,Mon-07838,Electric,79,104,43,149,126,70,48
7839,Mon-07839,Ghost,51,113,82,72,121,86,51
7840,Mon-07840,Psychic,32,23,122,80,115,85,46
7841,Mon-07841,Ghost,84,125,118,88,111,43,111
7842,Mon-07842,Water,86,95,123,122,62,49,86
7843,Mon-07843,Electric,37,111,129,117,126,91,109
7844,Mon-07844,Ghost,11,73,108,148,92,90,29
7845,Mon-07845,Rock,59,20,60,105,118,96,98
7846,Mon-07846,Poison,64,118,34,145,22,87,94
7847,Mon-07847,Psychic,94,83,111,102,31,84,107
7848,Mon-07848,Ghost,90,24,40,92,22,77,68
7849,Mon-07849,Normal,23,38,77,95,130,90,102
7850,Mon-07850,Fighting,26,42,103,85,55,60,79
7851,Mon-07851,Ghost,100,61,23,50,24,38,109
7852,Mon-07852,Rock,33,69,121,71,103,95,109
7853,Mon-07853,Water,46,67,53,101,107,57,113
7854,Mon-07854,Poison,31,116,43,101,122,104,40
7855,Mon-07855,Poison,40,124,61,44,84,118,99
7856,Mon-07856,Water,57,95,71,126,95,63,43
7857,Mon-07857,Fairy,30,90,70,114,88,35,72
7858,Mon-07858,Electric,42,115,37,91,98,20,120
7859,Mon-07859,Poison,36,49,41,81,77,85,34
7860,Mon-07860,Grass,11,81,73,95,23,117,102
7861,Mon-07861,Water,79,91,45,98,38,119,53
7862,Mon-07862,Fairy,90,51,91,78,123,119,49
7863,Mon-07863,Psychic,50,125,119,133,25,21,25
7864,Mon-07864,Electric,21,46,22,44,29,26,100
7865,Mon-07865,Rock,65,26,24,72,108,127,112
7866,Mon-07866,Dark,54,55,91,75,125,94,70
7867,Mon-07867,Fighting,56,110,23,37,69,118,41
7868,Mon-07868,Fire,60,61,91,36,35,128,88
7869,Mon-07869,Fire,72,44,74,137,85,99,128
7870,Mon-07870,Fire,5,116,70,122,23,64,107
7871,Mon-07871,Poison,10,36,87,70,60,98,104
7872,Mon-07872,Normal,10,37,119,58,82,89,24
7873,Mon-07873,Rock,16,119,34,76,117,116,119
7874,Mon-07874,Fighting,98,55,34,113,32,115,87
7875,Mon-07875,Psychic,74,20,97,62,87,38,92
7876,Mon-07876,Electric,67,68,25,33,23,117,57
7877,Mon-07877,Rock,70,102,67,77,71,97,117
7878,Mon-07878,Dark,4,104,75,100,94,101,77
7879,Mon-07879,Grass,22,29,63,90,23,58,47
7880,Mon-07880,Psychic,80,51,79,46,101,73,60
7881,Mon-07881,Rock,47,88,32,131,129,117,44
7882,Mon-07882,Grass,51,93,49,104,52,35,124
7883,Mon-07883,Electric,76,88,20,115,104,79,108
7884,Mon-07884,Ghost,8,57,126,145,79,127,86
7885,Mon-07885,Fairy,80,115,112,89,121,105,105
7886,Mon-07886,Electric,69,28,48,97,85,36,113
7887,Mon-07887,Normal,41,111,24,121,109,38,58
7888,Mon-07888,Ghost,50,124,49,122,37,75,48
7889,Mon-07889,Rock,8,96,126,131,48,46,121
7890,Mon-07890,Fighting,21,67,110,113,68,117,60
7891,Mon-07891,Fire,25,62,93,32,120,113,24
7892,Mon-07892,Fairy,88,68,122,69,90,125,107
7893,Mon-07893,Grass,12,38,39,99,43,63,44
7894,Mon-07894,Ground,30,44,79,81,118,51,46
7895,Mon-07895,Water,14,90,108,30,88,78,98
7896,Mon-07896,Fighting,29,81,22,58,66,32,130
7897,Mon-07897,Water,2,75,68,63,62,100,29
7898,Mon-07898,Fairy,28,72,59,29,97,116,93
7899,Mon-07899,Psychic,73,28,39,121,117,38,56
7900,Mon-07900,Fighting,77,116,44,72,75,41,119
7901,Mon-07901,Water,38,126,127,124,113,53,119
7902,Mon-07902,Water,71,47,76,134,98,108,31
7903,Mon-07903,Poison,62,54,29,136,28,56,25
7904,Mon-07904,Fairy,91,89,95,139,107,100,65
7905,Mon-07905,Water,81,20,85,87,82,121,27
7906,Mon-07906,Dark,23,31,63,55,78,68,57
7907,Mon-07907,Fire,59,120,64,35,88,35,39
7908,Mon-07908,Poison,79,39,79,103,26,121,127
7909,Mon-07909,Poison,31,84,123,40,120,61,98
7910,Mon-07910,Poison,58,117,104,55,117,86,36
7911,Mon-07911,Electric,41,101,64,55,130,126,88
7912,Mon-07912,Fire,31,50,47,59,86,119,103
7913,Mon-07913,Ghost,20,36,32,71,46,112,109
7914,Mon-07914,Fairy,4,99,41,66,86,59,90
7915,Mon-07915,Ground,75,64,35,91,51,94,85
7916,Mon-07916,Normal,82,127,109,145,76,57,114
7917,Mon-07917,Ground,66,91,83,106,108,80,47
7918,Mon-07918,Dark,25,21,24,110,39,57,128
7919,Mon-07919,Dark,2,47,122,45,70,113,43
7920,Mon-07920,Fire,64,102,36,39,73,103,109
7921,Mon-07921,Grass,20,97,91,48,123,125,127
7922,Mon-07922,Grass,55,102,21,131,79,49,47
7923,Mon-07923,Psychic,98,45,85,46,57,122,92
7924,Mon-07924,Water,1,47,81,148,62,47,112
7925,Mon-07925,Ground,58,43,120,120,53,90,53
7926,Mon-07926,Fire,100,97,86,129,36,39,78
7927,Mon-07927,Ground,34,21,74,63,98,100,108
7928,Mon-07928,Normal,82,110,78,44,104,106,92
7929,Mon-07929,Fire,83,51,90,46,42,106,109
7930,Mon-07930,Grass,49,74,65,133,70,50,51
7931,Mon-07931,Ghost,31,47,99,79,103,109,76
7932,Mon-07932,Fairy,69,67,78,76,97,37,110
7933,Mon-07933,Fairy,62,104,127,56,28,101,45
7934,Mon-07934,Rock,48,42,41,69,25,72,69
7935,Mon-07935,Fire,20,83,100,71,27,39,78
7936,Mon-07936,Fire,75,26,111,119,75,128,109
7937,Mon-07937,Dark,22,39,99,128,121,104,103
7938,Mon-07938,Ground,14,95,128,83,28,36,67
7939,Mon-07939,Electric,7,83,68,67,97,63,125
7940,Mon-07940,Ground,45,87,80,81,101,101,88
7941,Mon-07941,Fairy,13,45,37,47,126,42,88
7942,Mon-07942,Fairy,34,42,61,33,84,72,31
7943,Mon-07943,Fire,25,67,37,54,125,31,45
7944,Mon-07944,Ghost,46,34,107,28,70,22,30
7945,Mon-07945,Rock,78,118,106,29,49,46,21
7946,Mon-07946,Normal,46,49,41,55,127,98,125
7947,Mon-07947,Water,56,99,109,138,77,76,51
7948,Mon-07948,Water,15,37,55,48,56,54,100
7949,Mon-07949,Ghost,12,92,100,112,91,47,78
7950,Mon-07950,Grass,98,42,124,43,66,109,39
7951,Mon-07951,Fire,62,51,112,83,102,93,110
7952,Mon-07952,Normal,2,65,40,101,101,115,86
7953,Mon-07953,Ground,57,33,40,95,22,127,103
7954,Mon-07954,Psychic,2,33,32,125,78,90,106
7955,Mon-07955,Fire,8,103,113,57,114,24,110
7956,Mon-07956,Ground,38,58,80,118,93,124,86
7957,Mon-07957,Rock,66,83,37,75,99,34,37
7958,Mon-07958,Dark,63,91,85,81,128,98,69
7959,Mon-07959,Water,80,89,78,65,58,47,101
7960,Mon-07960,Psychic,18,89,86,150,97,105,112
7961,Mon-07961,Grass,20,128,90,128,23,109,78
7962,Mon-07962,Normal,54,90,38,83,36,108,25
7963,Mon-07963,Water,87,58,62,118,97,50,129
7964,Mon-07964,Poison,73,51,100,140,43,91,90
7965,Mon-07965,Grass,67,108,120,60,107,41,81
7966,Mon-07966,Normal,10,66,46,66,116,118,72
7967,Mon-07967,Fire,88,82,83,121,119,36,67
7968,Mon-07968,Normal,99,110,125,60,25,113,91
7969,Mon-07969,Rock,59,46,86,36,56,36,89
7970,Mon-07970,Ground,34,44,45,99,76,52,52
7971,Mon-07971,Normal,67,25,84,50,21,99,63
7972,Mon-07972,Fairy,65,28,21,98,120,126,38
7973,Mon-07973,Fire,93,88,74,38,127,98,55
7974,Mon-07974,Psychic,12,75,83,85,106,58,128
7975,Mon-07975,Ghost,52,53,26,55,50,54,47
7976,Mon-07976,Grass,71,43,42,91,32,89,115
7977,Mon-07977,Psychic,35,97,129,53,111,69,68
7978,Mon-07978,Water,85,29,89,56,102,42,120
7979,Mon-07979,Electric,7,97,70,138,124,89,83
7980,Mon-07980,Grass,11,120,45,148,62,68,105
7981,Mon-07981,Fairy,80,70,33,66,38,128,63
7982,Mon-07982,Water,13,74,67,106,120,23,27
7983,Mon-07983,Grass,42,79,80,69,31,102,59
7984,Mon-07984,Ghost,29,30,39,46,83,108,89
7985,Mon-07985,Water,69,89,108,37,72,109,45
7986,Mon-07986,Fire,2,60,67,137,80,97,62
7987,Mon-07987,Rock,36,72,26,33,64,128,24
7988,Mon-07988,Grass,99,22,35,86,20,54,57
7989,Mon-07989,Ground,37,117,115,52,89,62,30
7990,Mon-07990,Rock,60,57,57,120,47,123,47
7991,Mon-07991,Ground,99,28,61,41,33,27,62
7992,Mon-07992,Poison,61,106,42,97,65,111,40
7993,Mon-07993,Ground,76,128,109,68,52,102,28
7994,Mon-07994,Psychic,96,77,110,90,100,85,35
7995,Mon-07995,Ghost,62,23,46,48,60,33,92
7996,Mon-07996,Dark,84,130,100,39,77,87,33
7997,Mon-07997,Fire,51,43,70,47,73,68,23
7998,Mon-07998,Fighting,82,46,38,97,114,29,98
7999,Mon-07999,Fairy,65,98,108,106,31,101,71
8000,Mon-08000,Grass,34,56,29,138,23,110,123
8001,Mon-08001,Electric,56,29,117,143,116,81,62
8002,Mon-08002,Electric,34,95,22,119,55,38,62
8003,Mon-08003,Grass,40,49,55,26,99,60,25
8004,Mon-08004,Normal,30,115,45,113,86,80,31
8005,Mon-08005,Fire,50,37,46,113,104,77,113
8006,Mon-08006,Poison,35,120,73,113,93,85,44
8007,Mon-08007,Ghost,63,100,103,108,47,47,28
8008,Mon-08008,Dark,37,46,64,111,75,108,102
8009,Mon-08009,Fairy,50,84,77,98,53,28,130
8010,Mon-08010,Fire,15,124,127,103,64,129,58
8011,Mon-08011,Water,39,27,75,112,80,65,62
8012,Mon-08012,Normal,36,111,107,30,27,112,93
8013,Mon-08013,Dark,97,71,62,89,23,26,32
8014,Mon-08014,Electric,45,125,28,41,97,94,42
8015,Mon-08015,Fairy,3,43,48,141,29,128,116
8016,Mon-08016,Ground,31,99,37,149,120,126,104
8017,Mon-08017,Poison,73,127,120,44,91,69,36
8018,Mon-08018,Ghost,17,58,22,137,109,61,92
8019,Mon-08019,Electric,17,31,111,84,72,117,126
8020,Mon-08020,Electric,38,63,35,109,97,90,44
8021,Mon-08021,Rock,36,86,36,107,40,125,43
8022,Mon-08022,Psychic,49,89,78,39,90,46,123
8023,Mon-08023,Water,4,73,28,139,54,69,126
8024,Mon-08024,Grass,73,123,28,105,105,54,78
8025,Mon-08025,Rock,22,84,106,86,60,66,73
8026,Mon-08026,Fighting,72,91,26,102,106,116,44
8027,Mon-08027,Fire,57,126,86,148,119,119,26
8028,Mon-08028,Ghost,21,124,33,106,20,86,82
8029,Mon-08029,Water,47,57,29,107,26,23,36
8030,Mon-08030,Electric,4,51,94,135,59,69,66
8031,Mon-08031,Psychic,71,103,63,113,80,74,124
8032,Mon-08032,Electric,31,78,22,43,116,99,121
8033,Mon-08033,Electric,39,69,95,128,68,49,71
8034,Mon-08034,Ground,16,97,127,138,114,84,54
8035,Mon-08035,Water,37,93,82,117,100,103,128
8036,Mon-08036,Water,40,121,62,44,98,83,118
8037,Mon-08037,Ground,23,60,113,90,120,112,87
8038,Mon-08038,Psychic,98,103,57,31,54,48,102
8039,Mon-08039,Grass,28,45,88,122,94,88,68
8040,Mon-08040,Ghost,19,124,72,145,108,70,95
8041,Mon-08041,Psychic,55,29,100,29,127,65,81
8042,Mon-08042,Electric,32,103,77,38,45,67,40
8043,Mon-08043,Psychic,46,31,73,142,107,81,27
8044,Mon-08044,Normal,73,117,66,125,44,76,29
8045,Mon-08045,Electric,8,126,52,128,126,83,108
8046,Mon-08046,Fighting,51,110,73,51,79,126,115
8047,Mon-08047,Ghost,3,107,26,105,117,90,76
8048,Mon-08048,Ground,5,73,57,129,83,80,83
8049,Mon-08049,Fire,10,47,28,33,28,122,121
8050,Mon-08050,Fairy,17,129,55,60,58,46,127
8051,Mon-08051,Dark,35,78,59,62,87,47,99
8052,Mon-08052,Poison,94,110,23,93,87,32,77
8053,Mon-08053,Water,91,99,52,56,81,42,69
8054,Mon-08054,Ground,11,97,94,68,98,28,85
8055,Mon-08055,Water,100,59,127,57,84,41,103
8056,Mon-08056,Ghost,64,67,88,33,40,92,130
8057,Mon-08057,Fairy,56,68,99,109,28,97,93
8058,Mon-08058,Ghost,80,86,94,105,52,91,99
8059,Mon-08059,Poison,49,99,124,135,35,120,22
8060,Mon-08060,Dark,27,42,124,97,97,115,59
8061,Mon-08061,Fighting,53,45,32,110,128,56,51
8062,Mon-08062,Electric,73,25,72,70,122,41,111
8063,Mon-08063,Ground,69,78,120,73,82,66,48
8064,Mon-08064,Ghost,17,94,117,76,118,122,52
8065,Mon-08065,Normal,94,43,79,147,93,127,92
8066,Mon-08066,Dark,29,99,69,84,34,42,78
8067,Mon-08067,Normal,82,20,26,133,85,36,65
8068,Mon-08068,Psychic,32,116,73,65,83,101,46
8069,Mon-08069,Rock,7,96,76,111,81,117,119
8070,Mon-08070,Normal,100,95,90,59,108,125,130
8071,Mon-08071,Poison,59,98,77,75,129,126,27
8072,Mon-08072,Ghost,22,59,43,133,46,51,123
8073,Mon-08073,Rock,1,130,127,111,21,108,111
8074,Mon-08074,Water,13,102,44,86,91,94,116
8075,Mon-08075,Fairy,17,40,62,76,32,57,68
8076,Mon-08076,Fighting,93,122,76,125,67,21,64
8077,Mon-08077,Normal,18,102,52,44,123,92,88
8078,Mon-08078,Water,17,54,27,131,93,60,100
8079,Mon-08079,Psychic,84,125,87,102,124,52,123
8080,Mon-08080,Fighting,88,47,46,66,23,21,48
8081,Mon-08081,Fire,21,91,117,112,98,33,127
8082,Mon-08082,Grass,66,94,108,149,54,41,63
8083,Mon-08083,Ghost,54,126,67,69,28,31,93
8084,Mon-08084,Normal,58,83,71,74,54,125,109
8085,Mon-08085,Fairy,32,130,125,142,123,21,92
8086,Mon-08086,Fighting,76,51,22,68,66,63,26
8087,Mon-08087,Poison,89,108,62,132,121,128,117
8088,Mon-08088,Rock,73,47,26,138,32,33,25
8089,Mon-08089,Fairy,91,130,35,98,92,92,79
8090,Mon-08090,Grass,12,104,122,35,68,47,93
8091,Mon-08091,Fighting,66,89,31,32,53,55,47
8092,Mon-08092,Poison,100,27,126,60,80,69,105
8093,Mon-08093,Ghost,54,75,107,27,88,84,86
8094,Mon-08094,Rock,95,35,91,121,22,104,62
8095,Mon-08095,Dark,35,121,102,105,92,88,37
8096,Mon-08096,Dark,90,62,40,82,53,22,94
8097,Mon-08097,Fire,94,112,33,127,109,40,31
8098,Mon-08098,Normal,63,120,60,41,39,89,120
8099,Mon-08099,Ground,71,32,104,88,51,52,32
8100,Mon-08100,Dark,53,104,53,67,127,26,31
8101,Mon-08101,Rock,32,53,39,27,47,80,42
8102,Mon-08102,Rock,54,32,107,85,34,55,112
8103,Mon-08103,Electric,97,48,90,43,81,113,113
8104,Mon-08104,Normal,2,81,79,30,89,118,84
8105,Mon-08105,Electric,21,114,65,51,82,34,108
8106,Mon-08106,Fairy,50,96,106,49,64,106,66
8107,Mon-08107,Electric,34,45,101,104,31,115,130
8108,Mon-08108,Fairy,63,52,60,124,51,91,25
8109,Mon-08109,Fairy,37,53,34,86,26,87,88
8110,Mon-08110,Fire,66,101,116,105,114,71,62
8111,Mon-08111,Dark,11,77,35,37,48,74,59
8112,Mon-08112,Ghost,34,22,67,124,93,28,108
8113,Mon-08113,Ground,70,28,119,88,48,35,105
8114,Mon-08114,Water,48,28,66,78,88,95,80
8115,Mon-08115,Normal,72,126,112,134,30,81,116
8116,Mon-08116,Water,64,76,74,64,30,39,39
8117,Mon-08117,Psychic,33,74,102,80,55,59,28
8118,Mon-08118,Rock,43,104,85,141,48,91,45
8119,Mon-08119,Ghost,97,41,51,43,55,40,30
8120,Mon-08120,Normal,97,23,119,90,50,43,114
8121,Mon-08121,Fighting,4,50,71,97,97,117,77
8122,Mon-08122,Fairy,71,43,70,113,68,70,68
8123,Mon-08123,Poison,50,108,93,142,37,71,75
8124,Mon-08124,Water,1,110,123,68,122,28,30
8125,Mon-08125,Electric,64,90,116,39,90,28,91
8126,Mon-08126,Fairy,3,121,63,75,64,92,128
8127,Mon-08127,Ground,32,71,45,44,76,53,35
8128,Mon-08128,Fire,70,46,56,116,56,51,48
8129,Mon-08129,Ghost,82,56,49,96,63,40,106
8130,Mon-08130,Ghost,42,35,52,120,27,103,108
8131,Mon-08131,Fighting,81,119,67,67,112,124,51
8132,Mon-08132,Rock,84,87,22,145,62,48,21
8133,Mon-08133,Ground,45,105,79,137,97,46,99
8134,Mon-08134,Dark,18,51,114,140,25,106,48
8135,Mon-08135,Dark,66,99,67,114,30,76,109
8136,Mon-08136,Dark,2,56,28,48,60,108,57
8137,Mon-08137,Water,90,69,63,43,24,102,128
8138,Mon-08138,Ghost,39,92,57,145,127,108,115
8139,Mon-08139,Psychic,77,128,85,134,24,37,27
8140,Mon-08140,Water,74,81,47,135,81,79,103
8141,Mon-08141,Fire,48,98,53,105,58,68,99
8142,Mon-08142,Fire,98,86,102,132,43,116,54
8143,Mon-08143,Fighting,80,67,39,87,35,92,121
8144,Mon-08144,Normal,89,123,123,45,53,102,107
8145,Mon-08145,Electric,10,126,53,57,25,117,49
8146,Mon-08146,Dark,49,54,110,132,83,96,109
8147,Mon-08147,Dark,96,119,29,106,46,92,98
8148,Mon-08148,Fighting,82,70,55,150,22,78,76
8149,Mon-08149,Poison,46,102,61,138,32,28,118
8150,Mon-08150,Poison,8,77,70,120,119,100,76
8151,Mon-08151,Water,29,105,30,29,46,55,50
8152,Mon-08152,Fighting,58,116,47,48,84,33,76
8153,Mon-08153,Ghost,65,67,117,72,65,58,73
8154,Mon-08154,Ghost,93,97,122,29,74,58,38
8155,Mon-08155,Normal,10,76,68,142,114,63,83
8156,Mon-08156,Psychic,40,108,33,53,99,51,110
8157,Mon-08157,Ghost,28,41,50,73,81,124,117
8158,Mon-08158,Ground,97,100,125,109,42,118,99
8159,Mon-08159,Water,17,86,121,29,114,23,74
8160,Mon-08160,Fire,23,70,110,105,22,75,114
8161,Mon-08161,Grass,30,61,115,37,81,53,123
8162,Mon-08162,Fighting,11,97,98,138,88,114,110
8163,Mon-08163,Ghost,65,58,89,112,124,74,107
8164,Mon-08164,Ghost,53,23,105,67,37,90,107
8165,Mon-08165,Normal,56,125,91,113,52,29,74
8166,Mon-08166,Ghost,91,69,57,64,21,99,106
8167,Mon-08167,Psychic,44,38,91,39,47,73,62
8168,Mon-08168,Grass,32,45,52,26,123,117,124
8169,Mon-08169,Water,38,112,89,52,20,31,118
8170,Mon-08170,Ground,81,56,62,114,107,53,87
8171,Mon-08171,Ghost,53,51,74,96,123,112,99
8172,Mon-08172,Water,17,74,40,59,32,45,111
8173,Mon-08173,Fairy,69,23,126,111,60,49,84
8174,Mon-08174,Fairy,75,82,102,73,119,53,108
8175,Mon-08175,Electric,25,24,31,44,99,78,101
8176,Mon-08176,Electric,56,112,72,110,27,26,49
8177,Mon-08177,Dark,57,67,70,82,116,88,36
8178,Mon-08178,Fire,18,44,118,108,109,109,82
8179,Mon-08179,Fairy,1,70,103,95,54,53,20
8180,Mon-08180,Rock,72,39,117,37,66,39,100
8181,Mon-08181,Psychic,62,55,71,31,53,58,95
8182,Mon-08182,Poison,72,34,37,37,77,91,31
8183,Mon-08183,Ground,38,94,100,53,106,76,54
8184,Mon-08184,Electric,52,128,44,53,94,87,78
8185,Mon-08185,Psychic,99,73,90,140,127,109,100
8186,Mon-08186,Grass,23,30,65,123,30,125,20
8187,Mon-08187,Normal,66,28,58,135,122,70,81
8188,Mon-08188,Fire,14,112,33,84,120,104,46
8189,Mon-08189,Grass,7,58,108,65,62,74,64
8190,Mon-08190,Normal,96,52,96,75,35,35,73
8191,Mon-08191,Water,13,31,57,134,45,86,42
8192,Mon-08192,Rock,66,93,101,69,124,125,54
8193,Mon-08193,Fire,52,26,129,104,21,67,65
8194,Mon-08194,Dark,81,120,100,43,30,79,105
8195,Mon-08195,Dark,55,43,125,148,28,100,51
8196,Mon-08196,Psychic,70,27,72,105,39,112,90
8197,Mon-08197,Fighting,90,97,61,146,107,20,60
8198,Mon-08198,Ghost,83,59,113,62,26,26,49
8199,Mon-08199,Water,73,97,93,102,127,73,32
8200,Mon-08200,Fire,17,24,87,59,64,32,21
8201,Mon-08201,Water,17,115,91,83,79,122,58
8202,Mon-08202,Water,50,54,130,65,85,98,48
8203,Mon-08203,Fairy,66,103,96,42,110,88,103
8204,Mon-08204,Water,67,123,110,80,89,84,77
8205,Mon-08205,Psychic,79,79,23,91,26,73,26
8206,Mon-08206,Fire,11,57,100,44,111,25,104
8207,Mon-08207,Normal,18,54,55,75,29,105,64
8208,Mon-08208,Fairy,15,96,33,36,78,73,86
8209,Mon-08209,Normal,55,20,50,106,116,63,33
8210,Mon-08210,Rock,64,36,112,64,76,68,26
8211,Mon-08211,Poison,12,91,110,36,66,71,31
8212,Mon-08212,Ghost,87,22,53,89,56,124,71
8213,Mon-08213,Electric,31,52,41,130,107,41,118
8214,Mon-08214,Psychic,67,91,66,149,92,39,126
8215,Mon-08215,Normal,76,47,56,146,110,33,109
8216,Mon-08216,Ghost,4,123,71,46,120,88,120
8217,Mon-08217,Psychic,87,128,107,51,85,22,105
8218,Mon-08218,Rock,98,23,56,137,59,107,102
8219,Mon-08219,Electric,96,39,39,104,85,101,66
8220,Mon-08220,Fairy,14,120,32,93,59,98,51
8221,Mon-08221,Poison,40,23,96,126,42,71,89
8222,Mon-08222,Normal,24,74,42,33,58,65,22
8223,Mon-08223,Fire,46,125,44,94,73,124,39
8224,Mon-08224,Ground,98,85,109,97,45,112,70
8225,Mon-08225,Dark,77,53,30,142,55,39,90
8226,Mon-08226,Grass,78,20,92,83,82,48,61
8227,Mon-08227,Dark,43,63,21,89,34,47,105
8228,Mon-08228,Psychic,94,80,124,125,31,72,95
8229,Mon-08229,Poison,93,28,99,59,105,90,48
8230,Mon-08230,Rock,81,78,111,33,112,44,27
8231,Mon-08231,Rock,82,64,93,84,54,26,50
8232,Mon-08232,Fairy,66,56,64,101,35,62,122
8233,Mon-08233,Fairy,10,127,130,86,71,75,45
8234,Mon-08234,Normal,29,119,107,114,39,94,101
8235,Mon-08235,Fighting,77,97,29,56,117,33,96
8236,Mon-08236,Poison,33,85,83,26,27,96,127
8237,Mon-08237,Fighting,18,72,80,124,75,37,122
8238,Mon-08238,Psychic,95,27,51,132,62,52,116
8239,Mon-08239,Rock,49,54,70,102,71,76,54
8240,Mon-08240,Fairy,87,21,128,64,104,31,67
8241,Mon-08241,Dark,29,60,29,71,49,83,74
8242,Mon-08242,Fairy,36,72,123,85,121,24,93
8243,Mon-08243,Electric,35,87,97,78,128,43,36
8244,Mon-08244,Poison,38,59,32,53,68,82,113
8245,Mon-08245,Psychic,44,48,53,71,62,50,91
8246,Mon-08246,Fairy,30,98,113,62,46,68,42
8247,Mon-08247,Poison,82,36,98,81,110,51,25
8248,Mon-08248,Ground,33,33,28,72,100,75,21
8249,Mon-08249,Fairy,45,97,36,91,69,35,60
8250,Mon-08250,Rock,87,85,123,126,96,37,54
8251,Mon-08251,Rock,44,116,37,66,60,127,36
8252,Mon-08252,Dark,2,102,89,32,95,56,68
8253,Mon-08253,Ground,1,120,130,128,111,96,22
8254,Mon-08254,Psychic,44,93,38,48,69,20,89
8255,Mon-08255,Fighting,65,113,24,141,93,32,69
8256,Mon-08256,Psychic,95,38,110,91,82,107,49
8257,Mon-08257,Poison,14,78,125,90,28,59,70
8258,Mon-08258,Ghost,55,124,77,76,26,53,69
8259,Mon-08259,Ghost,29,107,45,114,49,39,113
8260,Mon-08260,Ghost,46,64,26,107,47,49,92
8261,Mon-08261,Ground,45,122,121,142,41,46,45
8262,Mon-08262,Psychic,32,54,108,27,122,108,111
8263,Mon-08263,Fire,2,22,119,49,87,124,56
8264,Mon-08264,Grass,8,108,107,59,24,23,45
8265,Mon-08265,Rock,53,65,68,48,120,35,100
8266,Mon-08266,Fighting,23,23,73,144,53,89,108
8267,Mon-08267,Rock,33,42,62,34,129,117,20
8268,Mon-08268,Psychic,10,27,101,40,45,55,124
8269,Mon-08269,Fighting,5,130,31,80,29,113,89
8270,Mon-08270,Rock,13,114,24,58,34,20,65
8271,Mon-08271,Poison,38,123,126,66,62,102,103
8272,Mon-08272,Normal,17,40,55,101,122,124,81
8273,Mon-08273,Dark,24,109,23,95,81,75,125
8274,Mon-08274,Fighting,31,82,94,133,33,84,21
8275,Mon-08275,Normal,30,52,64,81,55,48,79
8276,Mon-08276,Grass,2,94,45,143,74,107,98
8277,Mon-08277,Ghost,12,125,68,48,80,112,23
8278,Mon-08278,Fire,96,71,69,49,113,112,116
8279,Mon-08279,Rock,67,23,87,74,25,112,58
8280,Mon-08280,Fire,13,113,123,39,20,28,22
8281,Mon-08281,Rock,29,40,117,28,99,78,62
8282,Mon-08282,Fairy,39,40,111,71,32,76,113
8283,Mon-08283,Grass,91,88,74,92,95,25,126
8284,Mon-08284,Fire,88,108,81,59,57,108,36
8285,Mon-08285,Rock,78,108,34,59,63,41,63
8286,Mon-08286,Fire,11,116,84,37,36,67,113
8287,Mon-08287,Poison,50,118,94,39,105,26,22
8288,Mon-08288,Dark,49,34,118,136,40,107,80
8289,Mon-08289,Dark,64,53,25,33,20,39,80
8290,Mon-08290,Water,85,99,115,113,85,77,61
8291,Mon-08291,Fighting,33,63,77,115,36,76,55
8292,Mon-08292,Normal,56,99,29,50,38,30,124
8293,Mon-08293,Ghost,27,70,130,56,44,114,59
8294,Mon-08294,Grass,22,70,71,71,90,20,87
8295,Mon-08295,Rock,32,22,65,108,103,92,103
8296,Mon-08296,Fighting,74,87,41,29,121,39,24
8297,Mon-08297,Grass,44,115,28,127,129,86,111
8298,Mon-08298,Grass,69,110,29,67,45,45,105
8299,Mon-08299,Fairy,70,57,49,87,43,103,41
8300,Mon-08300,Rock,37,95,52,139,43,82,40
8301,Mon-08301,Rock,96,42,71,41,40,91,82
8302,Mon-08302,Ghost,5,90,87,144,21,129,122
8303,Mon-08303,Electric,90,65,130,102,85,69,118
8304,Mon-08304,Grass,1,122,108,78,21,104,38
8305,Mon-08305,Grass,39,98,73,34,24,110,86
8306,Mon-08306,Fire,83,28,121,33,64,56,74
8307,Mon-08307,Normal,69,116,81,127,109,54,96
8308,Mon-08308,Fighting,33,100,66,75,74,98,78
8309,Mon-08309,Ghost,89,43,44,120,64,123,83
8310,Mon-08310,Fire,14,51,66,129,40,21,82
8311,Mon-08311,Ghost,68,39,24,75,95,32,22
8312,Mon-08312,Ground,52,54,37,64,55,38,79
8313,Mon-08313,Electric,21,124,124,58,130,90,36
8314,Mon-08314,Rock,93,120,41,105,35,66,68
8315,Mon-08315,Rock,77,81,82,114,107,75,80
8316,Mon-08316,Fairy,1,60,31,69,95,55,99
8317,Mon-08317,Ghost,9,60,86,96,60,67,114
8318,Mon-08318,Rock,6,126,128,93,63,105,37
8319,Mon-08319,Rock,42,42,70,43,126,67,84
8320,Mon-08320,Dark,42,104,34,91,101,63,107
8321,Mon-08321,Psychic,73,130,22,120,24,24,56
8322,Mon-08322,Grass,68,114,103,146,81,61,24
8323,Mon-08323,Grass,2,99,31,67,102,103,122
8324,Mon-08324,Ghost,48,119,55,55,61,35,113
8325,Mon-08325,Poison,79,44,113,137,96,59,98
8326,Mon-08326,Grass,90,129,79,140,89,51,103
8327,Mon-08327,Grass,30,30,116,129,56,72,53
8328,Mon-08328,Normal,5,21,116,67,20,111,108
8329,Mon-08329,Ghost,16,42,93,59,23,114,130
8330,Mon-08330,Water,35,87,123,103,96,62,52
8331,Mon-08331,Water,45,47,24,57,106,84,72
8332,Mon-08332,Normal,36,90,46,121,61,110,114
8333,Mon-08333,Rock,10,32,50,75,72,114,44
8334,Mon-08334,Normal,35,97,121,66,77,86,96
8335,Mon-08335,Electric,29,45,89,126,118,35,23
8336,Mon-08336,Rock,49,78,47,69,78,61,127
8337,Mon-08337,Poison,8,32,43,41,83,51,27
8338,Mon-08338,Fairy,80,127,109,125,81,95,22
8339,Mon-08339,Ghost,42,61,115,64,34,45,66
8340,Mon-08340,Water,32,87,21,107,97,23,107
8341,Mon-08341,Normal,91,73,60,108,120,118,43
8342,Mon-08342,Grass,75,86,79,35,32,32,89
8343,Mon-08343,Electric,14,70,46,29,27,106,57
8344,Mon-08344,Dark,15,28,100,128,74,125,129
8345,Mon-08345,Grass,1,112,104,32,104,112,72
8346,Mon-08346,Ground,57,91,113,66,29,74,69
8347,Mon-08347,Ghost,36,48,107,121,102,83,22
8348,Mon-08348,Ghost,38,29,113,47,45,99,51
8349,Mon-08349,Rock,51,118,60,90,40,44,21
8350,Mon-08350,Normal,54,56,53,39,41,66,117
8351,Mon-08351,Ghost,1,120,55,95,78,61,73
8352,Mon-08352,Poison,11,105,114,114,86,50,56
8353,Mon-08353,Ground,79,126,92,56,71,81,47
8354,Mon-08354,Water,96,93,55,60,87,66,98
8355,Mon-08355,Dark,84,40,100,92,109,22,91
8356,Mon-08356,Electric,91,23,45,124,112,30,56
8357,Mon-08357,Ground,47,47,49,93,100,91,51
8358,Mon-08358,Electric,83,68,20,113,77,81,124
8359,Mon-08359,Electric,89,89,127,77,44,114,26
8360,Mon-08360,Dark,90,119,46,41,102,28,78
8361,Mon-08361,Fighting,15,35,103,146,94,56,127
8362,Mon-08362,Fire,15,90,33,125,118,63,55
8363,Mon-08363,Psychic,41,29,24,31,99,95,26
8364,Mon-08364,Fairy,51,73,94,59,34,68,111
8365,Mon-08365,Psychic,96,28,30,77,83,73,120
8366,Mon-08366,Psychic,32,61,36,35,100,122,26
8367,Mon-08367,Ground,84,87,56,133,130,20,61
8368,Mon-08368,Ground,89,102,84,46,56,119,30
8369,Mon-08369,Normal,97,109,22,50,115,51,119
8370,Mon-08370,Normal,19,78,34,64,50,24,112
8371,Mon-08371,Poison,25,48,57,142,61,78,110
8372,Mon-08372,Water,22,121,98,53,126,43,55
8373,Mon-08373,Dark,74,123,30,78,38,100,99
8374,Mon-08374,Fighting,69,127,51,110,42,104,39
8375,Mon-08375,Fire,41,107,41,44,112,64,36
8376,Mon-08376,Poison,9,106,54,36,121,106,85
8377,Mon-08377,Dark,53,28,48,36,31,40,127
8378,Mon-08378,Fairy,74,83,91,48,111,57,48
8379,Mon-08379,Rock,48,65,27,66,85,26,72
8380,Mon-08380,Rock,27,48,124,143,117,91,129
8381,Mon-08381,Poison,60,27,47,140,75,99,67
8382,Mon-08382,Ground,67,43,130,96,85,104,111
8383,Mon-08383,Fighting,60,121,100,143,45,60,96
8384,Mon-08384,Normal,88,120,59,28,84,113,118
8385,Mon-08385,Fire,32,102,53,95,66,91,57
8386,Mon-08386,Poison,61,31,125,80,64,83,112
8387,Mon-08387,Fire,86,96,130,39,51,44,111
8388,Mon-08388,Water,22,34,87,94,64,113,118
8389,Mon-08389,Grass,29,95,25,82,38,103,120
8390,Mon-08390,Ground,5,23,120,121,114,117,57
8391,Mon-08391,Rock,38,51,72,77,64,58,111
8392,Mon-08392,Electric,5,33,23,79,63,81,94
8393,Mon-08393,Fire,75,123,109,54,128,25,30
8394,Mon-08394,Ghost,9,83,23,84,74,86,120
8395,Mon-08395,Dark,70,122,61,34,97,76,100
8396,Mon-08396,Ground,58,22,28,96,130,110,96
8397,Mon-08397,Psychic,99,102,68,73,115,101,27
8398,Mon-08398,Psychic,35,73,109,59,59,129,130
8399,Mon-08399,Fighting,35,72,34,71,79,123,127
8400,Mon-08400,Poison,25,116,35,137,111,38,116
8401,Mon-08401,Electric,54,25,126,113,75,127,57
8402,Mon-08402,Ground,22,124,39,132,50,23,27
8403,Mon-08403,Rock,12,23,32,74,78,70,102
8404,Mon-08404,Ground,95,60,84,74,22,123,75
8405,Mon-08405,Fire,68,35,50,26,117,87,48
8406,Mon-08406,Fire,12,78,126,110,85,130,50
8407,Mon-08407,Poison,62,86,38,27,48,81,94
8408,Mon-08408,Normal,31,91,82,147,73,95,117
8409,Mon-08409,Water,19,108,122,111,23,79,84
8410,Mon-08410,Poison,48,103,101,83,107,122,124
8411,Mon-08411,Fire,79,125,23,108,78,32,82
8412,Mon-08412,Normal,1,69,40,150,20,63,82
8413,Mon-08413,Water,36,39,33,45,71,94,60
8414,Mon-08414,Grass,93,37,121,118,27,74,26
8415,Mon-08415,Fighting,40,50,42,134,62,127,48
8416,Mon-08416,Poison,10,86,26,98,115,84,58
8417,Mon-08417,Fire,43,26,62,108,92,34,88
8418,Mon-08418,Fire,69,125,51,88,73,88,40
8419,Mon-08419,Psychic,100,129,38,44,76,54,76
8420,Mon-08420,Grass,63,38,70,148,76,72,78
8421,Mon-08421,Dark,6,106,119,61,30,28,76
8422,Mon-08422,Poison,81,86,45,73,44,116,129
8423,Mon-08423,Dark,79,73,128,147,110,64,40
8424,Mon-08424,Water,66,101,93,32,122,109,58
8425,Mon-08425,Water,90,83,62,76,36,73,60
8426,Mon-08426,Normal,77,55,95,95,121,125,101
8427,Mon-08427,Grass,24,82,58,54,23,59,93
8428,Mon-08428,Rock,43,35,43,109,77,31,112
8429,Mon-08429,Ghost,51,48,46,91,111,72,78
8430,Mon-08430,Dark,49,127,20,58,44,23,112
8431,Mon-08431,Water,64,40,91,50,125,109,23
8432,Mon-08432,Dark,71,86,28,61,129,121,36
8433,Mon-08433,Dark,11,52,42,124,67,43,87
8434,Mon-08434,Electric,57,71,20,90,119,25,46
8435,Mon-08435,Fairy,4,47,27,125,28,104,52
8436,Mon-08436,Grass,52,83,120,115,77,96,44
8437,Mon-08437,Ghost,43,81,22,125,52,108,35
8438,Mon-08438,Electric,21,88,89,132,89,83,52
8439,Mon-08439,Fire,100,54,56,102,47,84,121
8440,Mon-08440,Psychic,26,84,35,70,68,50,25
8441,Mon-08441,Psychic,6,100,53,112,101,55,130
8442,Mon-08442,Fire,36,99,30,144,42,90,79
8443,Mon-08443,Water,76,83,54,65,113,123,105
8444,Mon-08444,Fire,1,53,110,86,95,54,102
8445,Mon-08445,Normal,50,79,88,135,47,60,26
8446,Mon-08446,Fairy,42,79,110,100,94,85,48
8447,Mon-08447,Grass,87,125,97,43,55,25,116
8448,Mon-08448,Water,1,61,122,69,80,92,91
8449,Mon-08449,Ground,2,55,31,57,87,35,61
8450,Mon-08450,Electric,57,103,37,85,110,95,80
8451,Mon-08451,Normal,18,90,65,150,58,118,67
8452,Mon-08452,Rock,71,67,77,130,70,121,31
8453,Mon-08453,Water,28,20,107,146,69,36,123
8454,Mon-08454,Electric,57,98,33,118,115,86,46
8455,Mon-08455,Grass,4,101,32,88,113,69,115
8456,Mon-08456,Dark,70,123,108,108,44,74,46
8457,Mon-08457,Fairy,52,75,80,87,31,96,87
8458,Mon-08458,Rock,1,77,65,30,126,129,74
8459,Mon-08459,Fire,27,43,44,39,38,83,118
8460,Mon-08460,Fighting,6,71,97,94,42,81,89
8461,Mon-08461,Water,5,20,109,108,33,92,86
8462,Mon-08462,Psychic,70,75,23,56,37,76,53
8463,Mon-08463,Poison,43,98,25,28,27,58,116
8464,Mon-08464,Dark,81,107,106,33,86,111,34
8465,Mon-08465,Psychic,26,93,118,64,76,93,76
8466,Mon-08466,Poison,72,109,45,133,30,82,49
8467,Mon-08467,Water,62,93,98,77,92,21,70
8468,Mon-08468,Ground,67,106,113,147,38,50,24
8469,Mon-08469,Psychic,83,68,32,137,79,49,96
8470,Mon-08470,Ghost,71,86,40,133,100,92,103
8471,Mon-08471,Electric,75,90,34,147,67,33,97
8472,Mon-08472,Dark,74,83,107,55,54,62,97
8473,Mon-08473,Ground,45,83,105,147,119,70,24
8474,Mon-08474,Normal,73,106,34,141,108,102,94
8475,Mon-08475,Grass,85,46,39,125,113,36,56
8476,Mon-08476,Rock,74,55,93,49,37,87,88
8477,Mon-08477,Dark,61,77,119,61,50,80,91
8478,Mon-08478,Ghost,8,91,106,107,62,102,53
8479,Mon-08479,Fighting,44,77,38,30,38,40,34
8480,Mon-08480,Dark,7,42,62,128,62,86,32
8481,Mon-08481,Grass,11,111,27,78,47,65,69
8482,Mon-08482,Psychic,37,80,47,27,73,48,86
8483,Mon-08483,Water,47,68,82,62,98,28,20
8484,Mon-08484,Rock,53,117,58,74,65,62,101
8485,Mon-08485,Fairy,91,68,87,107,100,68,47
8486,Mon-08486,Fighting,77,37,52,100,62,25,110
8487,Mon-08487,Poison,43,129,82,71,74,109,97
8488,Mon-08488,Ghost,34,62,90,103,56,96,100
8489,Mon-08489,Rock,72,119,41,137,29,55,43
8490,Mon-08490,Normal,28,77,24,69,21,25,93
8491,Mon-08491,Normal,89,46,57,72,40,98,95
8492,Mon-08492,Normal,79,61,24,37,88,22,111
8493,Mon-08493,Fighting,69,121,37,72,31,67,83
8494,Mon-08494,Ground,25,124,51,60,72,42,104
8495,Mon-08495,Fighting,63,35,57,120,34,45,71
8496,Mon-08496,Fire,83,129,50,39,61,103,124
8497,Mon-08497,Rock,8,114,25,99,50,53,98
8498,Mon-08498,Ghost,18,91,39,122,43,47,20
8499,Mon-08499,Rock,52,40,117,57,77,53,107
8500,Mon-08500,Rock,36,85,99,33,118,36,36
8501,Mon-08501,Dark,71,67,69,110,92,102,27
8502,Mon-08502,Ghost,41,33,22,99,46,74,84
8503,Mon-08503,Electric,100,129,59,95,114,42,74
8504,Mon-08504,Ghost,30,86,122,135,122,54,64
8505,Mon-08505,Poison,37,30,109,38,103,128,66
8506,Mon-08506,Fairy,1,57,104,49,44,84,57
8507,Mon-08507,Grass,25,113,47,83,38,96,121
8508,Mon-08508,Ground,24,69,64,95,127,115,102
8509,Mon-08509,Water,77,74,23,140,118,64,107
8510,Mon-08510,Psychic,34,35,115,102,66,58,79
8511,Mon-08511,Fighting,21,32,32,51,70,130,102
8512,Mon-08512,Electric,32,128,88,132,79,82,78
8513,Mon-08513,Fairy,57,125,51,77,118,43,120
8514,Mon-08514,Electric,79,30,83,134,53,115,25
8515,Mon-08515,Fire,98,80,111,59,95,104,107
8516,Mon-08516,Fire,5,95,54,124,124,64,71
8517,Mon-08517,Water,85,117,21,92,53,50,55
8518,Mon-08518,Ghost,39,82,93,95,51,92,87
8519,Mon-08519,Rock,81,116,79,147,34,80,121
8520,Mon-08520,Grass,4,33,35,44,101,46,51
8521,Mon-08521,Poison,63,21,25,64,50,26,73
8522,Mon-08522,Normal,94,71,78,48,22,110,46
8523,Mon-08523,Grass,4,49,88,129,75,113,110
8524,Mon-08524,Fighting,80,103,32,132,82,120,81
8525,Mon-08525,Grass,12,57,86,130,21,60,52
8526,Mon-08526,Psychic,99,65,69,55,102,98,121
8527,Mon-08527,Rock,75,79,35,57,82,84,45
8528,Mon-08528,Rock,92,126,88,75,72,49,32
8529,Mon-08529,Ground,90,27,91,122,58,122,48
8530,Mon-08530,Ground,32,81,37,119,91,57,54
8531,Mon-08531,Electric,42,63,94,149,103,23,48
8532,Mon-08532,Psychic,70,23,44,123,105,38,26
8533,Mon-08533,Ground,18,110,86,145,63,127,129
8534,Mon-08534,Dark,31,121,110,58,75,27,56
8535,Mon-08535,Poison,10,39,124,101,48,78,126
8536,Mon-08536,Ghost,89,104,48,92,44,73,97
8537,Mon-08537,Electric,25,97,57,44,115,106,108
8538,Mon-08538,Rock,42,98,30,144,64,111,55
8539,Mon-08539,Fighting,46,71,127,40,50,72,92
8540,Mon-08540,Ground,38,55,56,132,101,90,64
8541,Mon-08541,Normal,78,27,109,58,97,110,60
8542,Mon-08542,Dark,92,23,123,52,50,109,123
8543,Mon-08543,Rock,58,39,72,100,39,117,115
8544,Mon-08544,Fairy,84,78,97,83,90,98,58
8545,Mon-08545,Ghost,12,35,72,73,121,62,20
8546,Mon-08546,Rock,97,96,83,138,36,82,79
8547,Mon-08547,Fighting,12,88,47,113,46,100,126
8548,Mon-08548,Psychic,7,58,113,101,123,52,123
8549,Mon-08549,Fighting,3,29,33,124,101,130,72
8550,Mon-08550,Grass,25,77,93,126,86,69,76
8551,Mon-08551,Dark,84,111,122,47,57,104,115
8552,Mon-08552,Rock,31,63,110,80,71,76,38
8553,Mon-08553,Ground,80,109,104,139,40,126,50
8554,Mon-08554,Rock,43,51,92,127,110,94,35
8555,Mon-08555,Rock,11,28,124,32,75,101,85
8556,Mon-08556,Fire,48,92,115,56,108,105,119
8557,Mon-08557,Fighting,24,118,50,58,117,56,54
8558,Mon-08558,Dark,30,118,89,89,30,58,118
8559,Mon-08559,Poison,52,126,67,127,115,111,76
8560,Mon-08560,Fire,80,31,49,85,54,71,47
8561,Mon-08561,Water,59,24,110,48,56,93,126
8562,Mon-08562,Poison,23,83,24,95,70,77,89
8563,Mon-08563,Grass,72,125,34,52,53,23,80
8564,Mon-08564,Rock,70,130,31,110,57,72,38
8565,Mon-08565,Ghost,24,51,42,147,96,39,81
8566,Mon-08566,Ground,86,61,76,104,55,29,45
8567,Mon-08567,Poison,85,93,124,139,87,49,66
8568,Mon-08568,Poison,61,121,127,93,59,52,122
8569,Mon-08569,Electric,30,39,119,127,56,102,130
8570,Mon-08570,Psychic,36,128,104,143,35,47,64
8571,Mon-08571,Dark,44,110,71,46,115,108,55
8572,Mon-08572,Ground,19,27,106,108,33,43,43
8573,Mon-08573,Grass,31,113,49,57,81,111,43
8574,Mon-08574,Ground,14,91,93,35,48,78,78
8575,Mon-08575,Fairy,16,128,20,54,129,27,127
8576,Mon-08576,Fire,75,43,120,42,27,32,114
8577,Mon-08577,Normal,13,130,127,48,67,28,52
8578,Mon-08578,Fighting,47,25,101,25,76,65,112
8579,Mon-08579,Fire,43,28,39,147,129,53,72
8580,Mon-08580,Grass,5,69,48,80,36,25,93
8581,Mon-08581,Poison,84,93,102,45,112,95,48
8582,Mon-08582,Ground,99,38,75,68,27,114,110
8583,Mon-08583,Water,64,50,80,119,52,113,71
8584,Mon-08584,Poison,68,63,64,104,112,36,106
8585,Mon-08585,Poison,24,33,112,31,61,116,47
8586,Mon-08586,Ground,85,39,38,43,85,67,126
8587,Mon-08587,Water,79,36,69,93,63,43,66
8588,Mon-08588,Psychic,44,125,44,147,119,34,92
8589,Mon-08589,Ground,71,123,96,33,30,105,79
8590,Mon-08590,Poison,96,89,51,133,129,48,86
8591,Mon-08591,Psychic,61,95,53,32,45,91,48
8592,Mon-08592,Water,20,35,39,87,85,81,120
8593,Mon-08593,Fire,34,25,115,54,49,122,43
8594,Mon-08594,Electric,19,61,44,78,108,99,60
8595,Mon-08595,Grass,34,129,116,141,98,105,67
8596,Mon-08596,Water,90,73,121,52,37,74,74
8597,Mon-08597,Grass,19,109,127,105,47,78,45
8598,Mon-08598,Dark,90,61,58,66,97,36,115
8599,Mon-08599,Psychic,29,54,92,107,75,106,88
8600,Mon-08600,Rock,50,110,111,31,81,103,128
8601,Mon-08601,Fighting,53,72,28,62,60,54,58
8602,Mon-08602,Ghost,13,101,27,145,95,35,66
8603,Mon-08603,Ghost,19,100,42,116,123,107,83
8604,Mon-08604,Water,31,100,128,143,31,105,85
8605,Mon-08605,Ghost,6,95,29,110,96,106,39
8606,Mon-08606,Water,76,109,104,48,123,23,112
8607,Mon-08607,Psychic,55,71,113,83,44,114,130
8608,Mon-08608,Ground,85,53,120,135,66,59,77
8609,Mon-08609,Rock,87,76,78,111,82,46,62
8610,Mon-08610,Electric,35,56,78,90,106,78,64
8611,Mon-08611,Normal,82,24,102,134,96,114,26
8612,Mon-08612,Fighting,7,60,90,39,129,110,27
8613,Mon-08613,Rock,43,75,107,146,81,38,61
8614,Mon-08614,Electric,67,77,60,40,116,128,43
8615,Mon-08615,Dark,47,57,123,150,77,105,52
8616,Mon-08616,Water,74,100,67,126,54,123,56
8617,Mon-08617,Ground,86,51,47,86,94,123,39
8618,Mon-08618,Fairy,43,91,103,85,64,78,64
8619,Mon-08619,Fairy,28,49,88,29,93,23,24
8620,Mon-08620,Dark,59,129,25,64,92,28,106
8621,Mon-08621,Grass,87,92,38,53,28,89,97
8622,Mon-08622,Water,99,81,24,114,79,30,38
8623,Mon-08623,Fire,82,67,83,49,21,93,38
8624,Mon-08624,Ghost,25,103,117,126,65,31,28
8625,Mon-08625,Psychic,21,67,55,62,92,110,40
8626,Mon-08626,Water,58,109,32,132,92,49,85
8627,Mon-08627,Fairy,41,37,114,70,31,31,28
8628,Mon-08628,Fighting,62,111,100,119,120,57,20
8629,Mon-08629,Ground,93,126,80,109,101,120,83
8630,Mon-08630,Grass,55,46,42,149,54,81,123
8631,Mon-08631,Normal,36,44,94,91,69,130,72
8632,Mon-08632,Grass,87,125,60,69,34,48,48
8633,Mon-08633,Rock,44,65,47,106,60,94,112
8634,Mon-08634,Poison,61,97,52,28,95,40,112
8635,Mon-08635,Fighting,14,41,26,147,117,67,112
8636,Mon-08636,Electric,51,67,74,110,85,61,62
8637,Mon-08637,Electric,43,98,103,31,51,90,24
8638,Mon-08638,Fighting,13,119,111,46,120,94,130
8639,Mon-08639,Fighting,22,68,100,26,80,26,119
8640,Mon-08640,Electric,71,28,117,109,102,97,75
8641,Mon-08641,Grass,19,65,126,108,98,103,107
8642,Mon-08642,Ghost,14,91,44,45,64,62,126
8643,Mon-08643,Normal,6,117,68,93,22,27,26
8644,Mon-08644,Ghost,3,112,57,86,90,66,72
8645,Mon-08645,Ground,44,104,96,85,119,55,115
8646,Mon-08646,Fighting,49,38,112,102,115,107,99
8647,Mon-08647,Fighting,63,77,118,132,115,35,32
8648,Mon-08648,Grass,58,83,29,140,58,52,27
8649,Mon-08649,Poison,54,72,77,45,120,100,56
8650,Mon-08650,Dark,100,122,32,143,21,124,69
8651,Mon-08651,Ghost,25,126,56,97,55,85,33
8652,Mon-08652,Psychic,72,43,73,47,89,20,50
8653,Mon-08653,Fighting,8,126,88,142,54,97,76
8654,Mon-08654,Poison,85,113,107,71,22,23,108
8655,Mon-08655,Psychic,37,98,130,81,39,27,82
8656,Mon-08656,Grass,35,62,57,146,124,94,79
8657,Mon-08657,Normal,14,104,82,98,67,61,102
8658,Mon-08658,Normal,51,85,27,43,38,23,91
8659,Mon-08659,Grass,40,119,32,33,88,65,45
8660,Mon-08660,Fighting,98,98,127,128,61,62,48
8661,Mon-08661,Water,18,127,124,68,63,86,32
8662,Mon-08662,Poison,42,66,124,37,125,124,32
8663,Mon-08663,Psychic,91,29,49,30,80,31,112
8664,Mon-08664,Fairy,81,74,92,144,28,93,95
8665,Mon-08665,Grass,77,130,45,97,124,91,91
8666,Mon-08666,Grass,53,92,95,91,20,128,69
8667,Mon-08667,Dark,88,98,73,99,96,63,30
8668,Mon-08668,Fairy,23,89,123,77,31,37,66
8669,Mon-08669,Fighting,81,85,61,144,50,120,37
8670,Mon-08670,Water,59,26,91,100,129,25,126
8671,Mon-08671,Poison,35,65,93,105,38,69,64
8672,Mon-08672,Ground,22,29,107,137,127,92,33
8673,Mon-08673,Fire,53,57,25,25,52,31,51
8674,Mon-08674,Normal,1,99,71,65,62,52,91
8675,Mon-08675,Ground,72,109,70,129,124,31,70
8676,Mon-08676,Fairy,24,44,45,37,102,113,26
8677,Mon-08677,Grass,39,92,109,66,52,48,60
8678,Mon-08678,Poison,20,45,112,45,101,86,96
8679,Mon-08679,Rock,47,42,29,114,72,46,78
8680,Mon-08680,Grass,38,126,95,131,31,97,82
8681,Mon-08681,Fighting,19,87,115,58,47,108,93
8682,Mon-08682,Normal,89,41,52,111,46,24,100
8683,Mon-08683,Grass,76,35,90,120,72,100,67
8684,Mon-08684,Electric,39,25,89,139,118,93,103
8685,Mon-08685,Grass,6,75,22,141,83,28,120
8686,Mon-08686,Ground,85,31,110,82,38,49,34
8687,Mon-08687,Grass,70,84,103,34,87,114,100
8688,Mon-08688,Fighting,56,68,50,118,77,69,50
8689,Mon-08689,Rock,61,90,54,93,63,30,31
8690,Mon-08690,Psychic,1,43,105,82,47,91,48
8691,Mon-08691,Fighting,48,36,108,93,99,107,123
8692,Mon-08692,Poison,19,31,28,106,81,68,87
8693,Mon-08693,Fire,66,30,59,61,67,32,70
8694,Mon-08694,Grass,94,28,89,66,41,34,48
8695,Mon-08695,Fire,54,48,34,68,33,61,79
8696,Mon-08696,Normal,61,108,130,87,43,73,77
8697,Mon-08697,Psychic,67,87,43,110,88,103,65
8698,Mon-08698,Fire,93,47,116,30,25,95,69
8699,Mon-08699,Electric,4,123,27,61,27,48,100
8700,Mon-08700,Rock,32,104,117,116,129,96,85
8701,Mon-08701,Dark,27,106,24,28,49,32,23
8702,Mon-08702,Fairy,72,119,95,125,32,40,59
8703,Mon-08703,Ground,45,102,59,121,127,107,26
8704,Mon-08704,Ground,78,126,71,65,66,120,122
8705,Mon-08705,Dark,48,56,32,103,20,96,55
8706,Mon-08706,Ghost,98,115,95,86,66,70,127
8707,Mon-08707,Poison,77,32,89,56,22,118,47
8708,Mon-08708,Dark,2,53,55,43,53,59,58
8709,Mon-08709,Rock,99,119,72,146,124,91,65
8710,Mon-08710,Ghost,96,34,81,133,108,96,121
8711,Mon-08711,Fighting,5,75,96,138,66,28,29
8712,Mon-08712,Psychic,40,57,79,42,57,126,108
8713,Mon-08713,Water,98,31,26,146,84,90,92
8714,Mon-08714,Ground,84,46,80,103,89,46,45
8715,Mon-08715,Grass,47,79,58,89,104,111,113
8716,Mon-08716,Dark,55,90,65,68,80,62,82
8717,Mon-08717,Normal,3,94,61,54,28,29,75
8718,Mon-08718,Psychic,57,34,59,65,115,95,61
8719,Mon-08719,Grass,67,55,46,46,57,35,66
8720,Mon-08720,Rock,36,31,56,124,110,86,108
8721,Mon-08721,Poison,31,21,99,144,110,95,127
8722,Mon-08722,Electric,83,63,44,146,44,37,119
8723,Mon-08723,Normal,45,88,104,137,77,107,57
8724,Mon-08724,Poison,27,61,68,41,103,70,89
8725,Mon-08725,Ground,38,24,87,118,59,59,130
8726,Mon-08726,Rock,50,44,33,133,107,31,89
8727,Mon-08727,Fairy,26,68,43,89,78,101,20
8728,Mon-08728,Dark,57,59,120,95,122,38,100
8729,Mon-08729,Rock,87,111,112,73,119,38,83
8730,Mon-08730,Normal,75,86,27,128,126,49,74
8731,Mon-08731,Dark,24,130,120,113,44,69,24
8732,Mon-08732,Dark,48,39,112,104,101,117,72
8733,Mon-08733,Electric,55,61,35,26,103,103,107
8734,Mon-08734,Dark,69,29,46,146,69,101,82
8735,Mon-08735,Psychic,76,22,39,91,38,42,49
8736,Mon-08736,Ground,49,122,114,145,52,91,110
8737,Mon-08737,Normal,32,74,114,110,77,58,69
8738,Mon-08738,Poison,66,93,99,90,115,72,91
8739,Mon-08739,Ground,13,50,47,119,121,89,21
8740,Mon-08740,Ground,68,25,122,56,121,38,35
8741,Mon-08741,Dark,90,119,114,81,125,58,42
8742,Mon-08742,Psychic,71,93,116,28,30,63,35
8743,Mon-08743,Fire,44,98,59,118,130,117,67
8744,Mon-08744,Ghost,83,79,97,65,81,127,66
8745,Mon-08745,Rock,54,64,94,37,31,126,28
8746,Mon-08746,Fighting,55,66,36,125,34,78,93
8747,Mon-08747,Psychic,86,104,84,54,48,91,73
8748,Mon-08748,Ghost,20,45,80,53,47,99,63
8749,Mon-08749,Fire,78,57,84,43,32,106,46
8750,Mon-08750,Dark,68,54,57,101,62,95,62
8751,Mon-08751,Ghost,53,77,94,67,80,120,38
8752,Mon-08752,Grass,8,127,118,96,54,62,119
8753,Mon-08753,Electric,77,122,87,68,94,97,77
8754,Mon-08754,Poison,22,80,116,119,99,87,116
8755,Mon-08755,Fire,90,42,105,72,64,105,115
8756,Mon-08756,Ghost,80,124,54,124,28,123,72
8757,Mon-08757,Rock,37,54,101,83,54,28,64
8758,Mon-08758,Fire,44,59,94,26,88,114,99
8759,Mon-08759,Water,3,118,124,79,63,111,62
8760,Mon-08760,Ground,50,49,57,55,84,116,70
8761,Mon-08761,Psychic,6,71,38,86,113,50,65
8762,Mon-08762,Water,99,121,95,40,107,84,86
8763,Mon-08763,Water,65,55,90,119,89,27,26
8764,Mon-08764,Ghost,24,89,88,103,30,26,50
8765,Mon-08765,Dark,81,24,102,42,102,85,95
8766,Mon-08766,Dark,2,130,76,148,56,127,75
8767,Mon-08767,Water,55,66,23,69,66,45,96
8768,Mon-08768,Dark,12,94,117,51,97,107,91
8769,Mon-08769,Poison,6,75,50,25,112,28,56
8770,Mon-08770,Water,25,68,47,56,98,27,69
8771,Mon-08771,Grass,30,65,110,28,53,87,27
8772,Mon-08772,Ground,73,21,108,85,69,50,104
8773,Mon-08773,Rock,90,50,76,101,60,30,69
8774,Mon-08774,Fighting,78,62,96,71,71,121,49
8775,Mon-08775,Fairy,74,60,28,135,103,118,79
8776,Mon-08776,Electric,57,50,51,146,127,21,21
8777,Mon-08777,Water,38,91,46,63,63,127,66
8778,Mon-08778,Water,26,112,66,105,56,22,121
8779,Mon-08779,Rock,95,118,59,75,118,101,62
8780,Mon-08780,Fire,53,127,27,59,36,107,60
8781,Mon-08781,Fighting,57,92,96,51,63,51,69
8782,Mon-08782,Rock,2,65,86,90,125,35,47
8783,Mon-08783,Poison,46,91,62,42,117,82,44
8784,Mon-08784,Rock,69,34,118,109,109,118,72
8785,Mon-08785,Electric,50,110,60,136,118,23,93
8786,Mon-08786,Rock,62,79,33,71,46,114,47
8787,Mon-08787,Water,81,38,114,97,26,88,43
8788,Mon-08788,Fighting,3,67,34,147,115,129,101
8789,Mon-08789,Dark,91,53,27,113,74,49,75
8790,Mon-08790,Fire,82,58,72,75,48,91,54
8791,Mon-08791,Psychic,42,25,84,136,73,70,113
8792,Mon-08792,Rock,77,21,51,30,111,90,130
8793,Mon-08793,Water,7,58,113,99,74,39,114
8794,Mon-08794,Fire,31,53,50,56,89,75,50
8795,Mon-08795,Dark,11,130,126,47,76,129,128
8796,Mon-08796,Electric,64,49,90,90,73,113,60
8797,Mon-08797,Rock,86,56,40,114,125,43,28
8798,Mon-08798,Electric,61,121,65,118,123,26,79
8799,Mon-08799,Normal,72,115,28,119,67,66,126
8800,Mon-08800,Grass,15,26,113,61,109,45,20
8801,Mon-08801,Fairy,94,29,91,77,100,48,20
8802,Mon-08802,Psychic,20,30,67,39,34,40,20
8803,Mon-08803,Ghost,53,71,95,102,113,80,113
8804,Mon-08804,Psychic,69,83,88,126,98,30,45
8805,Mon-08805,Water,86,59,86,86,115,120,75
8806,Mon-08806,Ghost,94,21,64,64,107,23,29
8807,Mon-08807,Dark,60,42,59,66,123,38,124
8808,Mon-08808,Fairy,58,88,48,106,80,82,104
8809,Mon-08809,Water,42,61,107,109,26,35,83
8810,Mon-08810,Poison,57,33,72,85,50,75,116
8811,Mon-08811,Fighting,68,92,72,56,36,28,42
8812,Mon-08812,Normal,65,88,99,76,46,116,65
8813,Mon-08813,Fighting,60,74,78,66,83,85,127
8814,Mon-08814,Fighting,45,124,125,37,128,53,77
8815,Mon-08815,Dark,20,113,46,76,104,86,53
8816,Mon-08816,Rock,6,24,24,131,68,80,88
8817,Mon-08817,Grass,43,120,66,102,74,111,123
8818,Mon-08818,Psychic,40,25,79,41,77,100,30
8819,Mon-08819,Electric,61,73,111,132,65,112,130
8820,Mon-08820,Fighting,91,120,90,51,86,115,72
8821,Mon-08821,Rock,71,128,124,102,124,31,29
8822,Mon-08822,Poison,81,22,29,96,31,105,126
8823,Mon-08823,Psychic,58,27,79,116,59,121,83
8824,Mon-08824,Psychic,93,46,112,121,29,42,43
8825,Mon-08825,Poison,94,50,75,61,114,112,40
8826,Mon-08826,Rock,16,51,50,122,41,87,29
8827,Mon-08827,Fairy,64,66,105,99,92,91,78
8828,Mon-08828,Fairy,51,55,117,69,27,99,51
8829,Mon-08829,Poison,98,84,48,38,72,58,55
8830,Mon-08830,Dark,59,114,81,96,119,119,80
8831,Mon-08831,Water,2,80,109,83,125,102,126
8832,Mon-08832,Rock,21,56,36,84,36,68,116
8833,Mon-08833,Fairy,13,83,21,111,93,88,31
8834,Mon-08834,Normal,21,88,102,114,45,125,59
8835,Mon-08835,Grass,10,119,103,47,100,59,44
8836,Mon-08836,Dark,79,125,37,62,79,119,58
8837,Mon-08837,Dark,50,50,86,138,108,21,120
8838,Mon-08838,Water,68,121,99,99,119,108,58
8839,Mon-08839,Fire,100,110,126,77,59,85,91
8840,Mon-08840,Normal,65,34,109,147,25,98,113
8841,Mon-08841,Electric,48,81,44,109,55,83,50
8842,Mon-08842,Ground,27,36,83,132,43,73,72
8843,Mon-08843,Fighting,76,74,101,84,33,37,110
8844,Mon-08844,Ground,51,24,50,45,99,46,56
8845,Mon-08845,Rock,76,53,38,117,120,120,94
8846,Mon-08846,Ground,3,85,68,127,77,65,39
8847,Mon-08847,Grass,17,53,99,98,79,37,122
8848,Mon-08848,Electric,13,21,78,79,85,34,33
8849,Mon-08849,Grass,69,63,87,40,119,51,96
8850,Mon-08850,Normal,52,80,93,55,21,101,128
8851,Mon-08851,Rock,32,104,126,141,78,61,35
8852,Mon-08852,Electric,31,35,90,46,116,67,73
8853,Mon-08853,Electric,61,72,34,108,37,95,125
8854,Mon-08854,Normal,97,42,64,108,84,87,28
8855,Mon-08855,Water,100,37,38,84,20,29,54
8856,Mon-08856,Rock,48,33,104,150,112,63,120
8857,Mon-08857,Psychic,68,104,130,110,92,97,34
8858,Mon-08858,Electric,9,122,105,146,126,98,125
8859,Mon-08859,Water,95,93,47,57,53,66,102
8860,Mon-08860,Fairy,2,61,97,118,101,43,46
8861,Mon-08861,Psychic,35,125,22,121,105,40,42
8862,Mon-08862,Electric,73,75,50,140,23,29,55
8863,Mon-08863,Fairy,97,78,53,76,104,32,78
8864,Mon-08864,Psychic,18,90,72,66,98,127,126
8865,Mon-08865,Water,67,92,55,126,88,65,107
8866,Mon-08866,Psychic,19,74,68,115,82,55,21
8867,Mon-08867,Fire,6,73,21,59,108,69,85
8868,Mon-08868,Fire,43,55,110,63,31,77,55
8869,Mon-08869,Electric,58,95,63,124,63,35,78
8870,Mon-08870,Electric,27,94,109,96,50,120,67
8871,Mon-08871,Grass,98,68,26,139,113,73,85
8872,Mon-08872,Ground,62,99,116,104,38,82,105
8873,Mon-08873,Fairy,44,35,89,148,26,75,46
8874,Mon-08874,Fighting,49,66,45,66,122,124,60
8875,Mon-08875,Poison,47,129,103,122,63,128,25
8876,Mon-08876,Fighting,12,101,103,48,108,33,57
8877,Mon-08877,Fighting,61,99,100,113,45,99,129
8878,Mon-08878,Fire,79,115,116,77,97,38,100
8879,Mon-08879,Fairy,43,87,125,90,122,21,95
8880,Mon-08880,Dark,43,93,38,126,104,81,114
8881,Mon-08881,Psychic,92,73,51,38,52,72,83
8882,Mon-08882,Grass,62,111,24,53,86,74,30
8883,Mon-08883,Psychic,30,98,27,95,112,22,93
8884,Mon-08884,Fighting,1,78,31,77,114,91,35
8885,Mon-08885,Fighting,83,34,96,95,53,76,41
8886,Mon-08886,Fairy,63,109,87,79,45,26,93
8887,Mon-08887,Electric,63,56,23,33,68,57,122
8888,Mon-08888,Fairy,29,59,66,142,47,34,54
8889,Mon-08889,Electric,19,33,32,112,99,120,53
8890,Mon-08890,Fairy,50,44,41,101,85,102,94
8891,Mon-08891,Electric,76,33,26,43,73,74,54
8892,Mon-08892,Ghost,30,30,78,49,109,29,39
8893,Mon-08893,Grass,53,22,29,100,43,114,45
8894,Mon-08894,Electric,100,52,107,31,112,59,109
8895,Mon-08895,Fairy,22,103,123,84,82,84,88
8896,Mon-08896,Fire,24,115,114,137,128,99,55
8897,Mon-08897,Poison,24,45,111,135,86,64,130
8898,Mon-08898,Normal,92,67,103,89,104,127,57
8899,Mon-08899,Poison,53,112,121,54,41,45,96
8900,Mon-08900,Psychic,92,98,118,34,45,58,39
8901,Mon-08901,Fire,95,120,44,46,81,40,124
8902,Mon-08902,Poison,43,66,87,60,45,58,43
8903,Mon-08903,Ghost,6,38,53,94,24,108,67
8904,Mon-08904,Normal,31,35,112,116,69,72,86
8905,Mon-08905,Fairy,55,98,21,82,49,118,77
8906,Mon-08906,Rock,39,22,66,129,92,118,84
8907,Mon-08907,Rock,1,71,62,45,84,55,105
8908,Mon-08908,Electric,99,59,114,78,76,108,111
8909,Mon-08909,Psychic,31,122,52,102,112,74,57
8910,Mon-08910,Dark,62,130,119,31,27,67,89
8911,Mon-08911,Grass,95,73,75,139,107,51,83
8912,Mon-08912,Fire,55,84,96,150,73,27,67
8913,Mon-08913,Fighting,70,62,78,118,97,70,76
8914,Mon-08914,Psychic,4,106,67,113,110,94,109
8915,Mon-08915,Ground,70,52,53,51,53,116,95
8916,Mon-08916,Psychic,85,102,51,48,46,65,21
8917,Mon-08917,Normal,92,120,91,55,103,35,27
8918,Mon-08918,Poison,9,39,56,42,90,72,97
8919,Mon-08919,Normal,23,45,115,95,40,52,79
8920,Mon-08920,Fairy,5,61,34,145,49,122,80
8921,Mon-08921,Rock,92,111,43,110,114,97,113
8922,Mon-08922,Electric,28,91,25,136,81,120,44
8923,Mon-08923,Fairy,54,41,115,148,121,54,48
8924,Mon-08924,Normal,48,60,66,108,97,69,90
8925,Mon-08925,Fire,69,91,23,38,42,29,106
8926,Mon-08926,Normal,90,127,24,142,43,34,129
8927,Mon-08927,Psychic,33,70,121,93,127,61,123
8928,Mon-08928,Fairy,80,28,117,93,102,64,58
8929,Mon-08929,Grass,30,31,50,149,85,95,39
8930,Mon-08930,Dark,20,23,92,111,95,43,90
8931,Mon-08931,Fighting,11,33,48,38,65,129,40
8932,Mon-08932,Dark,38,65,113,121,54,106,68
8933,Mon-08933,Ghost,57,51,99,147,111,119,53
8934,Mon-08934,Normal,79,53,69,54,119,54,63
8935,Mon-08935,Ghost,85,105,123,83,120,82,118
8936,Mon-08936,Fairy,53,72,44,38,106,77,54
8937,Mon-08937,Fairy,41,100,130,115,116,106,114
8938,Mon-08938,Water,18,80,52,43,77,114,45
8939,Mon-08939,Ground,92,42,118,78,54,83,53
8940,Mon-08940,Normal,40,125,114,106,29,128,46
8941,Mon-08941,Water,77,72,82,130,54,74,103
8942,Mon-08942,Poison,63,112,33,65,68,50,105
8943,Mon-08943,Fire,94,30,103,139,29,38,23
8944,Mon-08944,Psychic,98,114,97,28,56,61,55
8945,Mon-08945,Water,71,99,116,45,123,52,124
8946,Mon-08946,Fairy,67,47,45,39,49,42,78
8947,Mon-08947,Normal,14,108,46,119,63,70,39
8948,Mon-08948,Ground,2,102,59,70,91,49,43
8949,Mon-08949,Ground,55,119,60,27,118,129,71
8950,Mon-08950,Poison,71,43,20,124,122,53,43
8951,Mon-08951,Electric,75,118,37,59,110,87,68
8952,Mon-08952,Fire,26,104,73,110,36,103,85
8953,Mon-08953,Poison,51,57,127,94,32,124,71
8954,Mon-08954,Ground,87,58,34,39,102,96,84
8955,Mon-08955,Electric,10,48,46,101,118,48,26
8956,Mon-08956,Grass,39,72,115,133,89,81,76
8957,Mon-08957,Normal,95,119,24,71,121,27,26
8958,Mon-08958,Grass,20,112,30,130,94,50,96
8959,Mon-08959,Grass,32,36,118,59,58,128,78
8960,Mon-08960,Ground,47,34,47,60,113,20,90
8961,Mon-08961,Rock,69,26,54,46,104,56,57
8962,Mon-08962,Fire,26,88,21,51,61,25,42
8963,Mon-08963,Normal,80,54,65,55,85,79,95
8964,Mon-08964,Fairy,24,104,130,106,84,103,26
8965,Mon-08965,Rock,37,104,129,41,30,27,73
8966,Mon-08966,Poison,58,41,91,93,50,34,49
8967,Mon-08967,Electric,2,97,94,57,45,115,59
8968,Mon-08968,Normal,77,104,91,43,51,50,67
8969,Mon-08969,Fighting,67,129,97,128,78,20,70
8970,Mon-08970,Ghost,84,100,77,93,76,30,43
8971,Mon-08971,Ground,28,59,42,61,115,120,33
8972,Mon-08972,Ghost,40,130,116,105,20,122,73
8973,Mon-08973,Ghost,90,50,117,139,111,38,51
8974,Mon-08974,Poison,7,109,36,60,47,51,24
8975,Mon-08975,Normal,50,61,30,55,58,40,115
8976,Mon-08976,Poison,49,123,108,111,36,74,72
8977,Mon-08977,Fighting,45,106,25,86,21,111,29
8978,Mon-08978,Dark,44,86,109,109,33,104,59
8979,Mon-08979,Electric,75,43,128,46,44,62,33
8980,Mon-08980,Ghost,20,40,24,142,62,97,126
8981,Mon-08981,Poison,90,125,108,27,54,48,73
8982,Mon-08982,Normal,90,108,34,59,31,120,117
8983,Mon-08983,Electric,18,76,52,103,57,86,57
8984,Mon-08984,Fairy,98,117,80,90,37,121,125
8985,Mon-08985,Fighting,27,106,95,67,95,48,123
8986,Mon-08986,Water,6,63,30,148,94,125,93
8987,Mon-08987,Fire,40,111,32,68,26,51,66
8988,Mon-08988,Dark,80,108,51,110,92,95,127
8989,Mon-08989,Electric,85,73,95,76,120,25,83
8990,Mon-08990,Dark,65,22,64,80,124,45,41
8991,Mon-08991,Rock,82,102,50,122,26,79,27
8992,Mon-08992,Ground,27,57,37,69,122,75,79
8993,Mon-08993,Rock,88,60,127,75,65,34,47
8994,Mon-08994,Poison,64,99,98,123,117,21,102
8995,Mon-08995,Poison,14,110,129,35,42,112,80
8996,Mon-08996,Water,13,29,74,79,96,47,73
8997,Mon-08997,Ground,27,111,110,60,109,103,51
8998,Mon-08998,Dark,7,52,91,85,49,39,43
8999,Mon-08999,Fire,29,82,78,97,101,51,42
9000,Mon-09000,Grass,100,116,72,79,39,21,92
9001,Mon-09001,Electric,25,44,75,150,98,79,107
9002,Mon-09002,Grass,64,44,65,140,125,77,127
9003,Mon-09003,Fairy,98,127,91,43,53,84,95
9004,Mon-09004,Ground,26,61,74,106,126,103,78
9005,Mon-09005,Rock,70,125,127,65,94,93,96
9006,Mon-09006,Grass,46,59,119,115,75,42,47
9007,Mon-09007,Rock,29,88,71,86,56,66,117
9008,Mon-09008,Water,96,76,63,145,80,28,24
9009,Mon-09009,Poison,66,129,104,144,129,92,120
9010,Mon-09010,Fire,44,81,91,32,20,63,31
9011,Mon-09011,Fighting,82,75,45,38,116,38,124
9012,Mon-09012,Ghost,91,71,112,27,36,117,106
9013,Mon-09013,Grass,79,61,95,125,117,72,66
9014,Mon-09014,Normal,87,68,88,53,80,25,73
9015,Mon-09015,Ghost,33,71,106,116,119,30,52
9016,Mon-09016,Fighting,35,104,45,66,40,52,43
9017,Mon-09017,Normal,24,25,108,63,25,124,54
9018,Mon-09018,Fighting,70,75,33,101,73,30,115
9019,Mon-09019,Ghost,81,80,108,122,106,64,48
9020,Mon-09020,Grass,67,103,85,96,108,64,68
9021,Mon-09021,Fire,60,93,84,97,104,88,96
9022,Mon-09022,Ghost,78,67,100,117,108,86,108
9023,Mon-09023,Ghost,19,32,54,46,106,74,53
9024,Mon-09024,Fighting,37,61,105,99,115,109,110
9025,Mon-09025,Ghost,71,48,22,61,38,22,39
9026,Mon-09026,Poison,6,42,97,44,46,63,99
9027,Mon-09027,Water,92,100,108,66,20,26,32
9028,Mon-09028,Ghost,18,73,20,49,67,53,127
9029,Mon-09029,Dark,79,108,97,65,49,49,31
9030,Mon-09030,Fire,62,35,105,27,89,118,119
9031,Mon-09031,Fairy,85,129,77,119,81,94,104
9032,Mon-09032,Dark,78,72,87,68,84,46,33
9033,Mon-09033,Psychic,52,48,26,108,93,91,105
9034,Mon-09034,Fighting,76,60,129,119,130,112,58
9035,Mon-09035,Rock,35,113,127,128,31,40,129
9036,Mon-09036,Poison,59,98,104,34,50,82,125
9037,Mon-09037,Poison,92,39,21,89,66,74,123
9038,Mon-09038,Ground,9,129,67,77,27,121,92
9039,Mon-09039,Fire,36,34,110,69,110,60,119
9040,Mon-09040,Psychic,2,50,95,126,63,95,69
9041,Mon-09041,Fire,54,100,120,33,38,83,26
9042,Mon-09042,Water,79,78,88,64,77,55,115
9043,Mon-09043,Electric,4,69,99,125,41,57,25
9044,Mon-09044,Normal,55,122,57,74,62,115,90
9045,Mon-09045,Ghost,42,108,110,34,91,119,80
9046,Mon-09046,Poison,79,126,79,46,55,48,61
9047,Mon-09047,Electric,23,51,108,62,112,72,102
9048,Mon-09048,Normal,17,114,42,56,48,35,50
9049,Mon-09049,Dark,10,43,49,109,32,67,123
9050,Mon-09050,Ground,41,109,29,46,67,116,114
9051,Mon-09051,Electric,49,80,94,121,41,98,121
9052,Mon-09052,Dark,92,86,101,64,96,73,113
9053,Mon-09053,Fire,47,32,51,33,78,106,111
9054,Mon-09054,Psychic,18,117,62,26,36,81,121
9055,Mon-09055,Ghost,70,50,83,101,57,68,121
9056,Mon-09056,Ground,7,86,103,117,116,21,107
9057,Mon-09057,Fighting,35,38,53,42,110,32,108
9058,Mon-09058,Ground,66,122,74,63,91,79,40
9059,Mon-09059,Poison,26,55,40,120,120,29,39
9060,Mon-09060,Ghost,60,104,109,134,31,21,63
9061,Mon-09061,Dark,46,104,116,116,101,56,60
9062,Mon-09062,Grass,96,81,102,102,22,81,56
9063,Mon-09063,Psychic,29,33,110,119,86,101,53
9064,Mon-09064,Grass,91,51,104,62,25,127,48
9065,Mon-09065,Dark,63,87,112,33,57,92,83
9066,Mon-09066,Ground,75,79,67,96,30,128,108
9067,Mon-09067,Normal,17,84,42,95,48,51,109
9068,Mon-09068,Fighting,2,47,126,126,91,93,33
9069,Mon-09069,Electric,74,79,20,55,106,20,80
9070,Mon-09070,Ground,49,29,64,137,124,35,73
9071,Mon-09071,Psychic,31,73,100,87,129,91,108
9072,Mon-09072,Normal,90,30,108,80,34,55,116
9073,Mon-09073,Fighting,33,93,96,149,122,82,56
9074,Mon-09074,Normal,44,82,74,93,51,124,107
9075,Mon-09075,Fairy,73,114,122,36,118,105,86
9076,Mon-09076,Psychic,97,71,46,56,116,59,49
9077,Mon-09077,Normal,90,37,35,99,122,96,82
9078,Mon-09078,Poison,66,46,89,54,76,122,23
9079,Mon-09079,Rock,12,110,55,45,103,47,26
9080,Mon-09080,Rock,11,126,72,62,67,81,65
9081,Mon-09081,Rock,70,26,70,89,28,101,126
9082,Mon-09082,Fire,51,95,49,36,72,93,85
9083,Mon-09083,Fire,14,73,130,90,42,73,94
9084,Mon-09084,Grass,70,48,62,116,31,68,114
9085,Mon-09085,Normal,95,76,94,82,34,83,69
9086,Mon-09086,Ghost,7,123,37,112,44,75,78
9087,Mon-09087,Poison,83,41,130,105,108,59,50
9088,Mon-09088,Dark,35,112,129,87,126,117,49
9089,Mon-09089,Fire,40,29,27,147,114,107,121
9090,Mon-09090,Fire,72,99,91,102,91,91,96
9091,Mon-09091,Fairy,25,28,86,126,117,41,34
9092,Mon-09092,Poison,16,26,39,105,51,77,64
9093,Mon-09093,Grass,97,24,105,145,120,42,105
9094,Mon-09094,Water,35,109,104,79,125,38,111
9095,Mon-09095,Grass,17,83,113,48,36,46,93
9096,Mon-09096,Ghost,69,96,86,47,64,37,22
9097,Mon-09097,Ground,22,37,98,150,51,107,61
9098,Mon-09098,Normal,78,122,100,125,35,77,66
9099,Mon-09099,Rock,8,109,105,63,39,100,40
9100,Mon-09100,Fire,52,74,84,81,127,128,66
9101,Mon-09101,Fairy,41,119,102,29,40,49,60
9102,Mon-09102,Rock,96,35,26,145,93,41,85
9103,Mon-09103,Electric,53,52,88,79,116,35,54
9104,Mon-09104,Dark,93,25,42,73,103,22,59
9105,Mon-09105,Ground,25,38,65,56,70,23,116
9106,Mon-09106,Water,48,113,105,35,22,86,64
9107,Mon-09107,Electric,82,65,32,121,66,95,41
9108,Mon-09108,Fire,17,91,103,53,51,52,101
9109,Mon-09109,Dark,93,117,48,35,115,79,49
9110,Mon-09110,Rock,78,104,103,148,124,42,39
9111,Mon-09111,Electric,68,64,105,94,45,97,104
9112,Mon-09112,Water,25,58,21,34,37,98,46
9113,Mon-09113,Grass,82,32,45,61,111,98,20
9114,Mon-09114,Rock,85,112,109,94,116,76,31
9115,Mon-09115,Normal,30,129,57,51,129,113,102
9116,Mon-09116,Electric,59,75,68,149,105,29,48
9117,Mon-09117,Grass,7,75,21,135,71,66,63
9118,Mon-09118,Rock,40,114,96,136,62,27,76
9119,Mon-09119,Normal,16,58,30,89,26,111,50
9120,Mon-09120,Fairy,56,65,50,149,118,28,40
9121,Mon-09121,Electric,55,119,72,66,130,68,27
9122,Mon-09122,Water,54,62,105,94,122,40,28
9123,Mon-09123,Dark,68,122,75,119,83,98,121
9124,Mon-09124,Poison,93,37,129,88,116,64,130
9125,Mon-09125,Fighting,20,75,77,132,20,81,91
9126,Mon-09126,Rock,22,74,48,38,65,126,70
9127,Mon-09127,Dark,22,54,41,80,31,122,109
9128,Mon-09128,Ghost,93,126,107,129,85,67,112
9129,Mon-09129,Grass,10,73,71,47,20,61,69
9130,Mon-09130,Fairy,4,117,87,73,53,53,102
9131,Mon-09131,Dark,17,44,61,150,66,96,30
9132,Mon-09132,Normal,77,58,50,102,34,130,38
9133,Mon-09133,Ground,58,73,86,70,29,86,113
9134,Mon-09134,Ground,92,82,52,70,120,82,76
9135,Mon-09135,Electric,21,45,130,50,50,130,110
9136,Mon-09136,Grass,40,54,101,117,128,41,83
9137,Mon-09137,Electric,56,89,110,38,61,28,32
9138,Mon-09138,Poison,8,50,51,51,26,30,37
9139,Mon-09139,Fighting,92,104,23,40,31,86,79
9140,Mon-09140,Fire,81,72,25,119,96,119,32
9141,Mon-09141,Water,15,127,115,143,21,45,113
9142,Mon-09142,Psychic,85,46,117,35,125,100,49
9143,Mon-09143,Normal,45,113,95,144,48,118,97
9144,Mon-09144,Ground,34,74,85,140,87,121,49
9145,Mon-09145,Dark,95,29,43,88,69,108,105
9146,Mon-09146,Water,52,98,104,29,25,60,50
9147,Mon-09147,Grass,23,43,77,112,98,93,77
9148,Mon-09148,Normal,81,35,86,91,21,81,48
9149,Mon-09149,Psychic,72,79,22,129,108,73,117
9150,Mon-09150,Poison,20,107,77,62,75,98,80
9151,Mon-09151,Psychic,68,48,96,95,53,95,77
9152,Mon-09152,Rock,63,89,105,137,124,109,52
9153,Mon-09153,Electric,28,21,36,109,42,81,40
9154,Mon-09154,Fire,44,40,23,106,50,93,105
9155,Mon-09155,Poison,84,103,114,146,91,51,25
9156,Mon-09156,Fighting,18,21,54,86,58,72,25
9157,Mon-09157,Water,73,59,72,46,74,110,92
9158,Mon-09158,Dark,84,76,89,147,108,105,88
9159,Mon-09159,Fairy,94,27,74,42,121,76,56
9160,Mon-09160,Ghost,33,128,124,94,108,82,105
9161,Mon-09161,Poison,27,76,113,119,28,48,26
9162,Mon-09162,Fighting,94,57,63,124,124,62,68
9163,Mon-09163,Water,47,128,41,113,66,93,120
9164,Mon-09164,Electric,57,81,128,78,113,32,55
9165,Mon-09165,Fighting,52,95,98,48,51,22,107
9166,Mon-09166,Poison,52,30,103,29,85,86,53
9167,Mon-09167,Fire,63,37,71,63,127,99,45
9168,Mon-09168,Fighting,43,25,73,147,124,128,56
9169,Mon-09169,Rock,40,77,40,111,92,72,52
9170,Mon-09170,Psychic,41,112,67,76,88,33,33
9171,Mon-09171,Grass,66,120,80,87,23,90,120
9172,Mon-09172,Normal,82,83,34,67,86,54,84
9173,Mon-09173,Normal,56,26,90,137,66,37,126
9174,Mon-09174,Normal,68,89,88,82,21,88,89
9175,Mon-09175,Fighting,42,90,113,130,124,99,119
9176,Mon-09176,Ground,78,86,25,31,70,26,63
9177,Mon-09177,Poison,40,100,45,86,105,100,40
9178,Mon-09178,Dark,43,81,67,100,24,83,126
9179,Mon-09179,Ground,6,98,117,109,47,102,111
9180,Mon-09180,Normal,27,73,46,27,119,89,121
9181,Mon-09181,Normal,74,36,127,106,124,71,122
9182,Mon-09182,Psychic,9,28,126,130,21,57,53
9183,Mon-09183,Dark,23,120,30,36,119,91,80
9184,Mon-09184,Grass,78,68,60,66,54,42,101
9185,Mon-09185,Rock,88,55,48,78,43,80,117
9186,Mon-09186,Ghost,42,52,74,57,130,103,32
9187,Mon-09187,Poison,41,25,122,80,79,45,123
9188,Mon-09188,Grass,51,124,61,137,108,29,104
9189,Mon-09189,Normal,78,29,93,138,35,22,72
9190,Mon-09190,Water,47,44,35,100,104,81,101
9191,Mon-09191,Poison,18,70,83,136,60,65,51
9192,Mon-09192,Poison,44,59,59,127,99,92,59
9193,Mon-09193,Electric,26,24,121,32,92,110,42
9194,Mon-09194,Poison,69,56,106,73,25,128,62
9195,Mon-09195,Rock,15,106,43,131,117,55,54
9196,Mon-09196,Ground,61,47,88,80,51,32,85
9197,Mon-09197,Dark,13,116,57,102,60,103,68
9198,Mon-09198,Grass,98,59,68,76,108,22,51
9199,Mon-09199,Water,65,21,71,27,117,91,62
9200,Mon-09200,Ghost,14,32,111,96,119,50,83
9201,Mon-09201,Water,96,109,52,73,70,59,107
9202,Mon-09202,Fire,58,65,20,122,58,33,118
9203,Mon-09203,Ground,61,128,41,136,110,20,49
9204,Mon-09204,Poison,7,107,111,38,48,41,69
9205,Mon-09205,Ghost,19,23,52,70,91,67,99
9206,Mon-09206,Water,81,54,26,74,46,52,42
9207,Mon-09207,Water,47,100,64,110,43,63,101
9208,Mon-09208,Poison,62,27,116,74,80,32,81
9209,Mon-09209,Fairy,99,130,116,96,116,35,35
9210,Mon-09210,Grass,43,38,125,139,52,102,92
9211,Mon-09211,Ghost,39,108,95,99,100,110,37
9212,Mon-09212,Ghost,81,113,110,37,22,102,78
9213,Mon-09213,Normal,7,76,105,85,97,126,54
9214,Mon-09214,Fairy,46,109,22,136,63,101,22
9215,Mon-09215,Poison,86,118,66,85,28,33,94
9216,Mon-09216,Normal,23,101,78,148,81,101,94
9217,Mon-09217,Ground,31,98,71,138,46,45,50
9218,Mon-09218,Fairy,48,63,111,58,90,106,24
9219,Mon-09219,Normal,8,52,129,77,24,90,117
9220,Mon-09220,Fairy,8,116,80,48,58,114,66
9221,Mon-09221,Dark,26,44,30,49,46,125,114
9222,Mon-09222,Dark,90,66,59,71,54,96,65
9223,Mon-09223,Fairy,23,76,41,77,20,123,102
9224,Mon-09224,Ground,74,63,72,69,51,79,113
9225,Mon-09225,Poison,43,61,45,117,29,123,95
9226,Mon-09226,Poison,77,86,28,44,89,29,115
9227,Mon-09227,Water,34,56,39,84,71,68,27
9228,Mon-09228,Dark,88,129,75,136,51,104,106
9229,Mon-09229,Fire,38,39,35,117,88,129,99
9230,Mon-09230,Fire,80,63,23,50,121,116,110
9231,Mon-09231,Ground,84,113,51,55,80,60,90
9232,Mon-09232,Fire,44,72,91,141,51,89,44
9233,Mon-09233,Poison,67,98,90,98,64,29,87
9234,Mon-09234,Ghost,12,91,63,135,107,32,99
9235,Mon-09235,Electric,50,56,93,133,31,98,130
9236,Mon-09236,Grass,38,102,41,80,55,54,103
9237,Mon-09237,Normal,96,46,100,91,72,81,113
9238,Mon-09238,Dark,94,103,21,71,90,42,106
9239,Mon-09239,Rock,79,34,35,105,83,108,31
9240,Mon-09240,Fighting,95,97,122,106,97,29,108
9241,Mon-09241,Fairy,98,32,71,110,124,88,98
9242,Mon-09242,Psychic,77,116,81,133,39,95,38
9243,Mon-09243,Electric,60,89,64,118,73,111,40
9244,Mon-09244,Psychic,21,24,91,37,62,48,48
9245,Mon-09245,Fire,82,32,103,69,29,58,85
9246,Mon-09246,Rock,20,40,106,96,34,81,106
9247,Mon-09247,Psychic,19,126,47,103,89,51,117
9248,Mon-09248,Psychic,88,85,89,133,76,101,36
9249,Mon-09249,Ghost,12,50,107,77,52,104,128
9250,Mon-09250,Normal,15,50,65,128,120,103,33
9251,Mon-09251,Rock,52,22,62,74,54,75,85
9252,Mon-09252,Electric,59,42,89,43,86,89,128
9253,Mon-09253,Water,5,114,83,84,129,39,66
9254,Mon-09254,Normal,38,86,48,43,97,41,127
9255,Mon-09255,Ground,23,60,126,76,100,61,90
9256,Mon-09256,Dark,31,22,82,55,51,42,57
9257,Mon-09257,Normal,19,58,82,28,121,108,117
9258,Mon-09258,Poison,68,62,42,108,71,48,20
9259,Mon-09259,Poison,48,33,94,118,53,122,104
9260,Mon-09260,Rock,96,87,121,41,102,65,64
9261,Mon-09261,Fire,1,93,100,98,78,104,99
9262,Mon-09262,Normal,78,130,76,88,34,28,22
9263,Mon-09263,Normal,91,59,90,42,22,99,120
9264,Mon-09264,Electric,49,50,45,101,33,70,35
9265,Mon-09265,Poison,70,111,26,57,37,110,87
9266,Mon-09266,Poison,45,58,90,128,44,40,44
9267,Mon-09267,Fairy,60,89,40,101,58,42,122
9268,Mon-09268,Rock,91,101,30,39,46,115,113
9269,Mon-09269,Water,54,117,106,90,120,84,112
9270,Mon-09270,Water,58,55,68,39,126,82,61
9271,Mon-09271,Electric,99,89,114,116,127,85,40
9272,Mon-09272,Fairy,50,34,116,62,37,59,20
9273,Mon-09273,Electric,18,106,33,86,79,124,42
9274,Mon-09274,Fire,69,24,105,112,31,81,90
9275,Mon-09275,Ghost,70,97,57,131,98,21,57
9276,Mon-09276,Normal,24,43,98,89,35,51,27
9277,Mon-09277,Fairy,73,71,24,34,52,127,130
9278,Mon-09278,Rock,7,28,72,57,42,73,119
9279,Mon-09279,Electric,33,96,89,102,73,100,68
9280,Mon-09280,Dark,86,73,69,30,60,22,47
9281,Mon-09281,Normal,62,93,81,71,80,22,69
9282,Mon-09282,Ground,61,58,21,65,41,42,46
9283,Mon-09283,Grass,63,20,20,63,76,77,28
9284,Mon-09284,Poison,17,84,86,145,29,87,64
9285,Mon-09285,Fairy,97,97,66,143,24,27,38
9286,Mon-09286,Grass,30,93,84,138,35,121,31
9287,Mon-09287,Normal,79,49,59,133,49,86,129
9288,Mon-09288,Water,99,99,20,137,107,59,22
9289,Mon-09289,Water,25,80,97,48,56,70,111
9290,Mon-09290,Ground,64,43,35,74,77,76,121
9291,Mon-09291,Water,5,32,107,32,95,105,67
9292,Mon-09292,Psychic,64,56,21,125,102,30,115
9293,Mon-09293,Water,45,22,123,134,84,84,76
9294,Mon-09294,Fire,8,99,48,28,39,78,121
9295,Mon-09295,Grass,68,21,119,46,93,107,111
9296,Mon-09296,Grass,97,25,20,46,53,59,95
9297,Mon-09297,Rock,9,37,69,141,85,60,83
9298,Mon-09298,Ghost,90,56,66,124,129,109,21
9299,Mon-09299,Grass,85,22,38,59,28,115,51
9300,Mon-09300,Fairy,55,89,72,30,29,111,128
9301,Mon-09301,Electric,91,34,43,76,47,116,122
9302,Mon-09302,Psychic,31,109,68,98,68,31,98
9303,Mon-09303,Ground,73,82,61,30,73,92,74
9304,Mon-09304,Normal,70,29,42,84,52,96,66
9305,Mon-09305,Poison,59,64,107,92,119,49,66
9306,Mon-09306,Water,84,35,78,148,20,70,101
9307,Mon-09307,Water,88,128,113,48,80,130,49
9308,Mon-09308,Dark,79,85,110,48,81,35,82
9309,Mon-09309,Fairy,59,109,49,79,105,110,89
9310,Mon-09310,Poison,98,61,52,65,81,55,94
9311,Mon-09311,Rock,56,36,125,140,35,114,38
9312,Mon-09312,Water,64,46,54,124,55,79,111
9313,Mon-09313,Fighting,19,66,30,56,39,21,68
9314,Mon-09314,Psychic,33,105,80,67,72,32,123
9315,Mon-09315,Fighting,91,67,127,104,121,111,69
9316,Mon-09316,Ghost,50,123,45,134,63,107,108
9317,Mon-09317,Fire,52,60,90,50,60,44,32
9318,Mon-09318,Normal,82,45,57,62,71,91,119
9319,Mon-09319,Fire,33,75,62,101,38,76,22
9320,Mon-09320,Normal,27,32,70,133,114,25,82
9321,Mon-09321,Ghost,1,94,35,61,93,98,103
9322,Mon-09322,Fighting,24,31,62,83,99,37,57
9323,Mon-09323,Poison,52,91,50,110,58,65,126
9324,Mon-09324,Ghost,73,62,110,78,51,20,94
9325,Mon-09325,Poison,33,59,45,122,72,47,120
9326,Mon-09326,Fire,45,87,114,89,46,123,81
9327,Mon-09327,Fire,23,98,21,135,22,75,98
9328,Mon-09328,Ground,82,123,64,101,100,100,26
9329,Mon-09329,Psychic,53,52,49,140,115,53,27
9330,Mon-09330,Ghost,15,110,69,133,44,24,83
9331,Mon-09331,Water,61,112,105,55,89,88,61
9332,Mon-09332,Electric,34,130,126,138,120,46,66
9333,Mon-09333,Normal,87,127,100,41,102,32,88
9334,Mon-09334,Fighting,27,107,75,60,112,74,61
9335,Mon-09335,Poison,87,52,76,31,118,65,130
9336,Mon-09336,Ghost,70,97,130,38,48,32,100
9337,Mon-09337,Ghost,14,107,130,115,28,85,87
9338,Mon-09338,Water,76,52,104,38,108,69,118
9339,Mon-09339,Fire,73,110,38,48,107,129,22
9340,Mon-09340,Ghost,46,97,49,76,41,29,41
9341,Mon-09341,Psychic,17,74,50,125,120,74,112
9342,Mon-09342,Fire,48,115,45,127,22,108,108
9343,Mon-09343,Ghost,61,29,127,146,61,67,84
9344,Mon-09344,Normal,14,95,37,31,126,43,38
9345,Mon-09345,Fighting,35,107,114,43,59,129,52
9346,Mon-09346,Ground,71,24,109,75,104,56,83
9347,Mon-09347,Fairy,56,65,78,60,24,122,29
9348,Mon-09348,Ghost,100,77,54,37,74,113,114
9349,Mon-09349,Poison,22,43,49,91,106,94,56
9350,Mon-09350,Dark,78,117,95,84,113,105,120
9351,Mon-09351,Electric,43,89,94,79,68,80,79
9352,Mon-09352,Normal,23,50,79,27,28,94,54
9353,Mon-09353,Water,96,68,83,78,79,50,24
9354,Mon-09354,Ghost,63,32,111,82,102,26,110
9355,Mon-09355,Electric,54,29,103,52,70,89,93
9356,Mon-09356,Ground,30,102,103,125,126,109,117
9357,Mon-09357,Grass,89,129,51,137,54,112,44
9358,Mon-09358,Poison,4,50,27,142,110,104,39
9359,Mon-09359,Electric,12,47,70,110,103,128,46
9360,Mon-09360,Grass,18,95,57,110,67,85,62
9361,Mon-09361,Normal,66,76,57,44,30,38,61
9362,Mon-09362,Normal,11,35,77,74,58,42,106
9363,Mon-09363,Fire,80,94,122,25,105,50,125
9364,Mon-09364,Grass,20,43,109,95,119,128,21
9365,Mon-09365,Fire,68,32,94,121,70,118,79
9366,Mon-09366,Ghost,80,71,99,109,52,100,89
9367,Mon-09367,Fire,88,102,65,26,104,115,46
9368,Mon-09368,Dark,30,77,80,95,124,57,66
9369,Mon-09369,Fire,8,91,68,135,35,99,101
9370,Mon-09370,Fighting,76,46,109,37,55,38,77
9371,Mon-09371,Poison,45,74,129,91,108,31,27
9372,Mon-09372,Dark,95,99,68,56,33,91,66
9373,Mon-09373,Ground,19,78,100,142,128,98,56
9374,Mon-09374,Ground,58,46,26,94,46,86,41
9375,Mon-09375,Grass,12,125,64,122,74,72,31
9376,Mon-09376,Fairy,49,27,116,91,77,87,58
9377,Mon-09377,Dark,1,121,96,137,61,61,115
9378,Mon-09378,Fairy,76,100,78,61,34,52,115
9379,Mon-09379,Dark,61,32,43,118,23,47,37
9380,Mon-09380,Fighting,10,48,109,79,62,60,87
9381,Mon-09381,Ground,50,60,127,97,49,55,101
9382,Mon-09382,Fairy,43,126,63,111,120,37,72
9383,Mon-09383,Fairy,68,77,109,46,93,79,23
9384,Mon-09384,Grass,50,48,85,134,30,65,98
9385,Mon-09385,Electric,46,122,64,116,103,37,38
9386,Mon-09386,Electric,84,33,56,76,88,120,40
9387,Mon-09387,Ghost,52,110,75,99,33,76,51
9388,Mon-09388,Ghost,82,112,65,108,64,35,29
9389,Mon-09389,Poison,89,62,88,82,101,25,123
9390,Mon-09390,Fighting,85,24,36,105,91,29,80
9391,Mon-09391,Dark,96,118,72,95,83,65,110
9392,Mon-09392,Grass,70,127,102,123,74,46,21
9393,Mon-09393,Rock,57,61,113,54,96,126,41
9394,Mon-09394,Dark,54,40,51,25,117,72,36
9395,Mon-09395,Electric,21,50,86,75,39,102,27
9396,Mon-09396,Ghost,83,35,53,128,64,47,99
9397,Mon-09397,Dark,70,87,107,40,114,27,38
9398,Mon-09398,Fighting,88,77,59,133,76,57,120
9399,Mon-09399,Poison,71,59,94,76,39,96,102
9400,Mon-09400,Ghost,49,92,67,51,34,104,51
9401,Mon-09401,Ghost,30,89,49,83,100,41,49
9402,Mon-09402,Fairy,99,21,83,127,74,52,62
9403,Mon-09403,Normal,74,65,89,133,107,72,79
9404,Mon-09404,Ghost,88,115,95,102,32,58,95
9405,Mon-09405,Ghost,59,108,107,91,87,52,69
9406,Mon-09406,Water,52,114,95,126,84,129,109
9407,Mon-09407,Rock,4,125,114,139,70,123,105
9408,Mon-09408,Electric,7,26,67,125,67,59,48
9409,Mon-09409,Rock,71,50,76,146,50,26,63
9410,Mon-09410,Poison,23,70,73,129,106,59,111
9411,Mon-09411,Fighting,9,76,84,31,56,117,100
9412,Mon-09412,Rock,78,107,35,27,66,119,127
9413,Mon-09413,Ground,63,100,114,100,115,97,30
9414,Mon-09414,Ground,12,98,77,145,89,95,29
9415,Mon-09415,Ghost,50,37,81,62,24,60,76
9416,Mon-09416,Dark,47,95,117,146,26,68,44
9417,Mon-09417,Fairy,1,108,71,132,79,117,102
9418,Mon-09418,Poison,61,103,71,42,98,43,100
9419,Mon-09419,Fairy,40,84,82,87,72,65,69
9420,Mon-09420,Electric,88,29,124,52,126,117,24
9421,Mon-09421,Fire,12,36,48,34,114,97,58
9422,Mon-09422,Fighting,85,102,37,112,69,32,51
9423,Mon-09423,Electric,1,116,31,52,46,107,63
9424,Mon-09424,Fighting,77,111,101,95,21,27,113
9425,Mon-09425,Fire,79,67,21,109,23,51,102
9426,Mon-09426,Rock,41,85,98,79,87,122,95
9427,Mon-09427,Ghost,29,39,118,35,57,28,21
9428,Mon-09428,Ghost,15,85,95,33,36,40,91
9429,Mon-09429,Water,34,41,38,72,28,116,77
9430,Mon-09430,Grass,67,108,93,30,71,94,87
9431,Mon-09431,Fairy,73,107,69,134,84,45,65
9432,Mon-09432,Rock,19,25,22,45,23,58,75
9433,Mon-09433,Fighting,2,123,41,28,66,123,57
9434,Mon-09434,Rock,57,108,102,42,69,87,105
9435,Mon-09435,Electric,59,61,82,112,26,54,64
9436,Mon-09436,Electric,99,70,75,99,117,36,116
9437,Mon-09437,Psychic,77,28,106,110,45,66,122
9438,Mon-09438,Ghost,56,123,78,68,35,55,108
9439,Mon-09439,Poison,60,31,127,65,34,67,78
9440,Mon-09440,Ghost,65,122,25,109,75,25,73
9441,Mon-09441,Psychic,46,92,51,39,98,71,77
9442,Mon-09442,Grass,68,121,40,74,48,47,106
9443,Mon-09443,Water,20,61,65,37,105,126,115
9444,Mon-09444,Poison,84,119,121,78,48,50,103
9445,Mon-09445,Fairy,87,67,65,147,40,47,99
9446,Mon-09446,Ghost,44,58,55,132,91,53,70
9447,Mon-09447,Psychic,46,57,29,110,105,87,48
9448,Mon-09448,Grass,50,125,63,107,103,101,57
9449,Mon-09449,Rock,82,71,45,72,81,52,130
9450,Mon-09450,Fairy,18,73,41,113,116,97,65
9451,Mon-09451,Fire,35,91,34,130,114,34,73
9452,Mon-09452,Ghost,62,81,90,95,50,41,74
9453,Mon-09453,Ghost,70,80,98,38,89,52,58
9454,Mon-09454,Water,30,62,102,112,27,97,36
9455,Mon-09455,Psychic,12,38,25,40,28,81,44
9456,Mon-09456,Dark,51,130,122,65,69,71,44
9457,Mon-09457,Electric,64,74,76,49,98,87,42
9458,Mon-09458,Ground,77,127,82,31,84,41,31
9459,Mon-09459,Psychic,1,71,117,121,38,49,123
9460,Mon-09460,Fighting,2,86,50,106,102,98,28
9461,Mon-09461,Grass,39,80,75,76,87,129,33
9462,Mon-09462,Dark,57,127,27,73,103,20,82
9463,Mon-09463,Fairy,1,32,74,105,87,60,122
9464,Mon-09464,Dark,18,77,49,91,115,118,97
9465,Mon-09465,Fighting,42,37,40,54,60,112,34
9466,Mon-09466,Electric,28,116,88,85,23,49,88
9467,Mon-09467,Electric,72,78,34,122,86,23,85
9468,Mon-09468,Grass,4,122,128,94,128,83,100
9469,Mon-09469,Psychic,89,50,45,126,30,97,52
9470,Mon-09470,Fighting,17,38,28,89,127,48,65
9471,Mon-09471,Ghost,45,89,69,77,105,53,127
9472,Mon-09472,Water,99,36,63,118,23,94,108
9473,Mon-09473,Fairy,67,61,93,51,80,79,48
9474,Mon-09474,Ghost,100,54,94,103,54,51,102
9475,Mon-09475,Poison,2,44,85,104,92,112,115
9476,Mon-09476,Fire,72,34,83,59,104,120,98
9477,Mon-09477,Fairy,8,92,106,57,61,100,89
9478,Mon-09478,Normal,62,104,92,35,73,125,105
9479,Mon-09479,Electric,33,63,35,43,24,59,79
9480,Mon-09480,Poison,78,51,71,37,20,32,45
9481,Mon-09481,Poison,13,37,96,102,104,101,74
9482,Mon-09482,Fairy,90,95,49,40,59,82,83
9483,Mon-09483,Dark,49,109,115,89,117,65,104
9484,Mon-09484,Dark,52,80,73,39,84,48,106
9485,Mon-09485,Normal,58,67,55,123,64,27,34
9486,Mon-09486,Water,4,91,62,110,117,39,30
9487,Mon-09487,Grass,32,121,88,61,26,93,37
9488,Mon-09488,Fairy,71,129,98,117,112,45,47
9489,Mon-09489,Fire,97,41,48,53,28,123,50
9490,Mon-09490,Electric,99,72,39,105,125,72,74
9491,Mon-09491,Normal,54,117,30,105,82,29,99
9492,Mon-09492,Psychic,26,90,75,79,71,92,65
9493,Mon-09493,Water,48,110,122,113,92,96,70
9494,Mon-09494,Grass,47,130,126,144,108,39,121
9495,Mon-09495,Water,40,31,82,77,51,113,103
9496,Mon-09496,Ghost,37,87,79,60,31,101,103
9497,Mon-09497,Fighting,87,79,75,80,127,86,103
9498,Mon-09498,Fairy,40,51,46,96,77,33,24
9499,Mon-09499,Electric,3,92,66,40,51,73,101
9500,Mon-09500,Psychic,73,31,123,145,121,127,71
9501,Mon-09501,Grass,67,74,88,84,24,46,89
9502,Mon-09502,Water,38,66,47,146,113,123,104
9503,Mon-09503,Grass,63,63,29,146,22,41,25
9504,Mon-09504,Rock,95,88,103,33,92,87,94
9505,Mon-09505,Ghost,93,124,120,39,24,63,118
9506,Mon-09506,Psychic,79,125,32,47,36,27,79
9507,Mon-09507,Normal,59,97,61,96,56,91,92
9508,Mon-09508,Ghost,3,56,114,69,40,72,29
9509,Mon-09509,Poison,52,127,48,27,24,54,103
9510,Mon-09510,Poison,82,130,40,96,95,45,121
9511,Mon-09511,Fire,85,113,63,65,104,74,59
9512,Mon-09512,Poison,78,116,63,131,56,31,66
9513,Mon-09513,Water,99,110,73,120,97,86,77
9514,Mon-09514,Electric,52,104,127,131,56,30,36
9515,Mon-09515,Rock,11,100,127,96,43,43,30
9516,Mon-09516,Grass,50,90,84,112,114,76,29
9517,Mon-09517,Fairy,32,91,28,35,78,102,37
9518,Mon-09518,Water,84,63,49,120,22,64,107
9519,Mon-09519,Rock,78,118,40,81,97,89,89
9520,Mon-09520,Fighting,43,90,20,25,63,123,88
9521,Mon-09521,Ground,39,88,62,34,28,85,28
9522,Mon-09522,Water,16,102,20,63,46,103,47
9523,Mon-09523,Psychic,5,28,83,72,55,73,123
9524,Mon-09524,Rock,32,121,50,51,23,48,79
9525,Mon-09525,Ghost,25,84,100,121,100,60,28
9526,Mon-09526,Normal,27,124,78,81,44,59,125
9527,Mon-09527,Ground,100,31,125,57,37,80,82
9528,Mon-09528,Ghost,69,45,73,109,40,36,74
9529,Mon-09529,Grass,56,125,37,82,99,104,86
9530,Mon-09530,Poison,18,96,122,123,75,36,63
9531,Mon-09531,Ground,85,91,54,88,110,98,96
9532,Mon-09532,Fairy,65,64,104,119,68,72,54
9533,Mon-09533,Rock,52,81,106,132,95,101,59
9534,Mon-09534,Poison,47,80,122,34,72,39,40
9535,Mon-09535,Rock,56,41,91,40,85,43,41
9536,Mon-09536,Rock,84,82,76,117,117,47,121
9537,Mon-09537,Poison,73,77,62,94,88,106,42
9538,Mon-09538,Fighting,49,54,69,55,74,49,39
9539,Mon-09539,Rock,67,58,106,28,116,57,72
9540,Mon-09540,Water,93,105,82,145,90,35,26
9541,Mon-09541,Ghost,33,94,25,36,123,45,65
9542,Mon-09542,Normal,91,72,61,83,91,115,35
9543,Mon-09543,Electric,61,87,121,52,96,33,48
9544,Mon-09544,Rock,19,46,43,74,77,121,40
9545,Mon-09545,Normal,97,75,72,115,114,112,116
9546,Mon-09546,Fire,69,82,112,89,53,125,67
9547,Mon-09547,Psychic,39,48,52,30,80,89,20
9548,Mon-09548,Dark,22,38,95,35,120,95,120
9549,Mon-09549,Water,92,78,107,144,43,113,130
9550,Mon-09550,Psychic,83,124,56,56,68,98,34
9551,Mon-09551,Dark,5,71,119,78,22,82,31
9552,Mon-09552,Grass,64,120,69,123,83,66,36
9553,Mon-09553,Normal,12,114,52,130,58,115,50
9554,Mon-09554,Electric,30,102,45,60,82,55,68
9555,Mon-09555,Ghost,57,119,49,52,46,81,108
9556,Mon-09556,Normal,25,65,82,80,111,26,120
9557,Mon-09557,Grass,52,104,45,67,129,91,115
9558,Mon-09558,Grass,43,36,59,113,79,34,122
9559,Mon-09559,Ghost,59,55,98,116,87,26,26
9560,Mon-09560,Ground,81,82,117,57,70,52,125
9561,Mon-09561,Grass,16,24,95,72,53,94,92
9562,Mon-09562,Fighting,80,104,78,117,71,111,34
9563,Mon-09563,Grass,23,122,97,88,74,86,130
9564,Mon-09564,Rock,4,31,65,94,106,92,98
9565,Mon-09565,Ghost,45,130,50,126,96,46,103
9566,Mon-09566,Rock,31,29,103,107,56,31,91
9567,Mon-09567,Fire,19,34,34,107,88,32,106
9568,Mon-09568,Dark,43,104,120,85,123,28,23
9569,Mon-09569,Electric,87,96,67,130,66,58,81
9570,Mon-09570,Fighting,59,123,110,27,113,103,94
9571,Mon-09571,Normal,73,67,30,35,72,26,115
9572,Mon-09572,Psychic,15,83,74,110,35,58,97
9573,Mon-09573,Fairy,8,36,66,101,40,86,47
9574,Mon-09574,Normal,34,96,59,60,55,26,92
9575,Mon-09575,Ground,78,130,76,100,84,80,47
9576,Mon-09576,Ground,89,86,93,38,120,64,43
9577,Mon-09577,Poison,11,123,124,101,63,121,88
9578,Mon-09578,Water,48,63,110,70,50,75,56
9579,Mon-09579,Psychic,40,129,45,99,92,77,56
9580,Mon-09580,Ghost,75,79,128,67,55,114,81
9581,Mon-09581,Ground,21,35,75,116,68,101,41
9582,Mon-09582,Ground,49,60,70,39,44,80,35
9583,Mon-09583,Poison,85,74,21,131,52,93,68
9584,Mon-09584,Water,47,27,94,87,26,64,37
9585,Mon-09585,Fairy,79,119,118,53,83,97,101
9586,Mon-09586,Dark,63,46,52,146,73,54,97
9587,Mon-09587,Dark,60,94,116,38,39,54,124
9588,Mon-09588,Fairy,26,122,29,92,103,111,38
9589,Mon-09589,Fire,100,68,127,34,42,66,103
9590,Mon-09590,Fire,25,87,48,138,93,78,21
9591,Mon-09591,Normal,94,77,73,44,32,33,88
9592,Mon-09592,Ghost,99,104,21,56,23,58,40
9593,Mon-09593,Rock,52,24,119,107,33,92,100
9594,Mon-09594,Fighting,87,59,76,136,78,78,28
9595,Mon-09595,Grass,72,87,127,77,39,53,24
9596,Mon-09596,Dark,74,30,61,57,56,23,51
9597,Mon-09597,Electric,7,115,26,69,79,80,58
9598,Mon-09598,Ground,14,90,95,140,91,58,104
9599,Mon-09599,Ground,7,20,38,139,107,122,41
9600,Mon-09600,Rock,4,21,88,40,64,24,107
9601,Mon-09601,Fairy,84,37,23,138,31,95,74
9602,Mon-09602,Electric,18,93,38,130,128,62,27
9603,Mon-09603,Water,1,77,90,92,106,49,125
9604,Mon-09604,Ground,94,73,94,57,111,99,83
9605,Mon-09605,Water,28,82,36,82,122,77,114
9606,Mon-09606,Ghost,82,74,40,122,97,28,29
9607,Mon-09607,Rock,97,58,115,59,130,86,70
9608,Mon-09608,Normal,53,20,20,68,77,39,40
9609,Mon-09609,Fighting,93,23,45,82,82,114,77
9610,Mon-09610,Psychic,97,96,127,33,85,46,107
9611,Mon-09611,Dark,15,102,80,76,76,108,114
9612,Mon-09612,Psychic,15,46,22,41,69,56,127
9613,Mon-09613,Ghost,37,46,119,25,56,54,49
9614,Mon-09614,Water,56,65,57,73,108,20,50
9615,Mon-09615,Water,79,91,99,120,56,122,105
9616,Mon-09616,Ghost,19,85,90,148,120,81,106
9617,Mon-09617,Grass,20,82,60,80,103,36,56
9618,Mon-09618,Fairy,31,24,61,119,130,23,57
9619,Mon-09619,Rock,28,67,81,53,91,50,41
9620,Mon-09620,Rock,95,103,62,105,86,74,107
9621,Mon-09621,Fighting,40,85,39,108,57,23,32
9622,Mon-09622,Ground,87,109,100,66,95,60,83
9623,Mon-09623,Dark,6,97,94,81,84,54,62
9624,Mon-09624,Fire,11,119,86,109,64,116,80
9625,Mon-09625,Ghost,81,83,102,64,27,65,122
9626,Mon-09626,Dark,25,83,77,101,20,31,109
9627,Mon-09627,Psychic,9,81,123,54,45,46,120
9628,Mon-09628,Ghost,60,49,118,92,98,111,97
9629,Mon-09629,Ghost,15,68,128,32,121,21,67
9630,Mon-09630,Ghost,7,38,32,81,123,34,127
9631,Mon-09631,Psychic,41,67,31,88,78,21,82
9632,Mon-09632,Water,56,36,72,129,115,25,60
9633,Mon-09633,Rock,53,74,96,72,20,122,115
9634,Mon-09634,Water,59,125,46,25,117,129,126
9635,Mon-09635,Normal,3,70,32,30,126,101,73
9636,Mon-09636,Poison,30,101,24,92,64,30,111
9637,Mon-09637,Rock,35,68,81,127,25,97,74
9638,Mon-09638,Ghost,30,120,128,137,99,105,74
9639,Mon-09639,Ground,56,43,71,126,21,107,78
9640,Mon-09640,Normal,23,112,101,67,90,102,75
9641,Mon-09641,Ghost,64,100,25,86,55,97,119
9642,Mon-09642,Grass,94,118,43,136,80,69,120
9643,Mon-09643,Grass,67,34,95,130,122,26,108
9644,Mon-09644,Water,39,119,64,82,36,111,85
9645,Mon-09645,Electric,44,120,22,85,23,122,32
9646,Mon-09646,Dark,59,52,45,33,83,75,57
9647,Mon-09647,Rock,73,89,108,46,97,67,35
9648,Mon-09648,Ground,31,85,96,91,53,121,24
9649,Mon-09649,Psychic,4,25,109,90,38,70,90
9650,Mon-09650,Poison,71,78,58,97,98,61,53
9651,Mon-09651,Psychic,67,93,123,64,96,118,28
9652,Mon-09652,Fairy,11,42,122,53,124,122,44
9653,Mon-09653,Dark,63,60,60,81,115,42,27
9654,Mon-09654,Ghost,8,84,43,135,100,50,34
9655,Mon-09655,Electric,65,123,126,147,22,54,75
9656,Mon-09656,Rock,75,26,58,31,48,37,94
9657,Mon-09657,Normal,2,123,75,69,92,114,107
9658,Mon-09658,Fairy,73,110,123,90,71,128,63
9659,Mon-09659,Dark,13,113,49,52,25,77,102
9660,Mon-09660,Ground,27,25,118,69,82,98,30
9661,Mon-09661,Ghost,71,83,37,41,104,66,34
9662,Mon-09662,Electric,36,60,52,83,100,130,56
9663,Mon-09663,Ghost,98,122,63,136,122,125,90
9664,Mon-09664,Fighting,96,102,73,142,36,103,35
9665,Mon-09665,Water,99,92,46,26,125,118,20
9666,Mon-09666,Ground,11,23,118,105,78,34,86
9667,Mon-09667,Ghost,18,117,93,139,53,118,65
9668,Mon-09668,Fighting,19,74,94,121,115,67,67
9669,Mon-09669,Fighting,59,37,101,32,31,43,66
9670,Mon-09670,Fighting,44,117,90,74,23,123,123
9671,Mon-09671,Poison,75,120,91,119,101,113,32
9672,Mon-09672,Water,29,75,93,148,100,34,87
9673,Mon-09673,Psychic,20,93,99,62,30,92,105
9674,Mon-09674,Fire,65,87,122,60,117,117,104
9675,Mon-09675,Electric,62,53,41,56,113,96,29
9676,Mon-09676,Grass,70,103,77,137,108,73,57
9677,Mon-09677,Normal,32,130,40,47,63,25,126
9678,Mon-09678,Psychic,53,123,40,71,123,75,103
9679,Mon-09679,Dark,93,96,125,41,34,81,122
9680,Mon-09680,Water,62,59,72,143,106,113,101
9681,Mon-09681,Fairy,94,120,98,33,113,44,27
9682,Mon-09682,Normal,44,122,100,88,77,42,129
9683,Mon-09683,Fighting,5,20,23,44,58,122,112
9684,Mon-09684,Poison,77,57,74,76,72,112,93
9685,Mon-09685,Grass,47,81,40,99,25,82,20
9686,Mon-09686,Ghost,5,84,54,112,23,69,121
9687,Mon-09687,Grass,14,99,40,96,57,88,118
9688,Mon-09688,Fighting,32,77,93,78,22,36,116
9689,Mon-09689,Fire,20,21,34,60,90,47,53
9690,Mon-09690,Fighting,69,38,69,126,90,80,121
9691,Mon-09691,Water,62,104,53,110,114,66,20
9692,Mon-09692,Grass,33,96,126,109,50,39,83
9693,Mon-09693,Poison,9,92,107,121,110,78,105
9694,Mon-09694,Ghost,8,68,59,52,54,92,44
9695,Mon-09695,Ghost,95,50,52,148,80,110,127
9696,Mon-09696,Normal,35,54,99,140,109,89,84
9697,Mon-09697,Electric,11,96,90,80,59,87,38
9698,Mon-09698,Normal,72,75,81,50,32,81,122
9699,Mon-09699,Ghost,87,34,28,72,110,32,34
9700,Mon-09700,Electric,13,64,28,73,51,62,128
9701,Mon-09701,Ghost,95,111,90,147,44,70,128
9702,Mon-09702,Grass,73,86,72,61,96,78,125
9703,Mon-09703,Electric,26,116,112,143,79,52,55
9704,Mon-09704,Psychic,78,76,23,54,23,102,68
9705,Mon-09705,Fire,42,73,40,141,121,79,104
9706,Mon-09706,Fire,64,125,107,142,77,53,109
9707,Mon-09707,Normal,13,76,128,101,50,72,43
9708,Mon-09708,Ghost,25,35,101,38,29,98,74
9709,Mon-09709,Fire,78,64,21,102,96,22,62
9710,Mon-09710,Dark,81,91,25,139,104,57,96
9711,Mon-09711,Fighting,2,58,117,141,103,43,105
9712,Mon-09712,Grass,22,65,75,82,90,55,67
9713,Mon-09713,Water,61,116,75,85,117,93,118
9714,Mon-09714,Fairy,91,68,126,73,87,43,53
9715,Mon-09715,Dark,68,53,47,51,46,80,103
9716,Mon-09716,Grass,71,31,51,107,44,61,69
9717,Mon-09717,Fighting,39,64,96,149,62,25,31
9718,Mon-09718,Fairy,6,105,120,58,100,118,54
9719,Mon-09719,Fire,77,53,60,131,22,86,113
9720,Mon-09720,Poison,80,72,36,37,53,52,66
9721,Mon-09721,Fire,45,92,26,32,68,75,107
9722,Mon-09722,Fire,51,123,20,138,83,129,95
9723,Mon-09723,Ground,24,110,61,39,36,36,65
9724,Mon-09724,Rock,46,51,78,77,30,114,42
9725,Mon-09725,Rock,25,38,74,136,121,20,100
9726,Mon-09726,Normal,43,94,46,68,30,115,95
9727,Mon-09727,Normal,14,48,95,62,28,57,54
9728,Mon-09728,Psychic,61,63,117,30,41,52,28
9729,Mon-09729,Grass,25,31,45,112,58,106,63
9730,Mon-09730,Psychic,73,105,94,65,43,38,20
9731,Mon-09731,Electric,52,37,80,39,110,34,105
9732,Mon-09732,Fighting,90,62,96,84,34,71,45
9733,Mon-09733,Rock,23,65,21,46,35,124,63
9734,Mon-09734,Fire,28,24,94,131,33,56,42
9735,Mon-09735,Poison,25,106,102,119,92,80,121
9736,Mon-09736,Electric,64,88,95,148,117,64,112
9737,Mon-09737,Electric,11,80,113,148,38,104,123
9738,Mon-09738,Ground,69,39,102,130,81,119,103
9739,Mon-09739,Fighting,82,25,129,88,61,128,33
9740,Mon-09740,Poison,68,26,94,46,89,49,93
9741,Mon-09741,Normal,14,89,69,30,92,49,70
9742,Mon-09742,Poison,50,103,112,36,51,122,98
9743,Mon-09743,Fire,54,108,97,54,87,84,96
9744,Mon-09744,Psychic,40,108,81,136,26,56,93
9745,Mon-09745,Electric,47,63,84,51,73,57,89
9746,Mon-09746,Ghost,77,20,58,36,127,39,111
9747,Mon-09747,Electric,84,47,88,142,119,29,116
9748,Mon-09748,Water,31,107,71,79,25,58,79
9749,Mon-09749,Ghost,33,104,34,77,26,108,20
9750,Mon-09750,Poison,21,76,68,63,111,93,21
9751,Mon-09751,Normal,41,22,125,144,43,21,23
9752,Mon-09752,Fairy,55,106,56,68,93,24,115
9753,Mon-09753,Ghost,72,110,95,133,80,116,70
9754,Mon-09754,Rock,27,45,66,150,65,108,72
9755,Mon-09755,Electric,22,109,51,81,54,108,51
9756,Mon-09756,Rock,4,91,62,113,102,115,123
9757,Mon-09757,Dark,10,118,126,28,48,90,46
9758,Mon-09758,Electric,6,89,32,123,104,57,119
9759,Mon-09759,Psychic,21,29,94,147,45,85,94
9760,Mon-09760,Dark,70,91,112,49,117,91,64
9761,Mon-09761,Rock,78,31,40,26,97,113,93
9762,Mon-09762,Electric,98,48,103,30,80,79,123
9763,Mon-09763,Psychic,55,116,90,132,31,26,27
9764,Mon-09764,Fighting,46,127,57,55,43,89,26
9765,Mon-09765,Water,90,72,39,77,90,101,39
9766,Mon-09766,Psychic,15,52,124,67,83,124,93
9767,Mon-09767,Normal,64,63,41,62,31,40,78
9768,Mon-09768,Fairy,82,46,125,45,31,115,95
9769,Mon-09769,Ghost,51,83,91,76,87,22,64
9770,Mon-09770,Poison,27,66,115,141,61,101,113
9771,Mon-09771,Fairy,63,26,52,69,72,54,72
9772,Mon-09772,Psychic,100,87,23,125,87,33,72
9773,Mon-09773,Fire,24,91,92,111,114,56,73
9774,Mon-09774,Ground,57,94,61,125,47,81,46
9775,Mon-09775,Psychic,6,124,81,97,97,41,128
9776,Mon-09776,Dark,24,98,70,71,116,81,24
9777,Mon-09777,Psychic,77,95,55,57,121,98,22
9778,Mon-09778,Fairy,50,43,99,60,128,117,71
9779,Mon-09779,Fairy,20,71,75,91,20,82,96
9780,Mon-09780,Dark,34,68,90,75,28,86,70
9781,Mon-09781,Poison,13,126,94,76,116,122,107
9782,Mon-09782,Fire,78,72,95,71,42,23,59
9783,Mon-09783,Fighting,95,96,56,141,52,104,45
9784,Mon-09784,Fighting,11,80,105,106,72,128,90
9785,Mon-09785,Fire,24,26,44,137,92,111,47
9786,Mon-09786,Fire,86,123,125,141,24,122,78
9787,Mon-09787,Dark,88,94,109,102,92,120,90
9788,Mon-09788,Fighting,77,45,81,36,30,85,32
9789,Mon-09789,Ghost,72,26,40,146,61,109,45
9790,Mon-09790,Normal,87,123,120,85,119,60,25
9791,Mon-09791,Ground,38,54,81,72,33,33,43
9792,Mon-09792,Fairy,90,21,110,77,25,29,118
9793,Mon-09793,Water,89,88,23,36,72,40,21
9794,Mon-09794,Ground,23,21,57,108,47,100,102
9795,Mon-09795,Electric,8,43,53,31,47,64,39
9796,Mon-09796,Rock,53,119,110,115,67,110,71
9797,Mon-09797,Ghost,76,24,71,130,38,56,20
9798,Mon-09798,Rock,85,103,33,78,22,107,75
9799,Mon-09799,Electric,15,88,88,73,122,118,123
9800,Mon-09800,Normal,38,53,37,109,109,56,32
9801,Mon-09801,Normal,77,51,69,133,65,78,54
9802,Mon-09802,Water,7,72,130,37,112,79,49
9803,Mon-09803,Rock,73,79,68,82,130,117,98
9804,Mon-09804,Grass,30,118,67,65,63,61,111
9805,Mon-09805,Water,3,48,24,26,37,62,50
9806,Mon-09806,Ground,25,85,71,26,42,106,34
9807,Mon-09807,Rock,75,96,126,91,126,120,118
9808,Mon-09808,Normal,88,21,125,121,119,23,31
9809,Mon-09809,Poison,9,119,126,99,97,27,115
9810,Mon-09810,Dark,47,130,60,56,95,123,81
9811,Mon-09811,Fighting,21,29,27,81,53,69,106
9812,Mon-09812,Dark,69,49,46,146,78,82,113
9813,Mon-09813,Rock,79,107,43,130,60,120,96
9814,Mon-09814,Normal,97,109,28,40,63,64,62
9815,Mon-09815,Electric,36,37,98,106,100,69,55
9816,Mon-09816,Poison,30,121,78,103,79,114,91
9817,Mon-09817,Water,31,56,100,70,67,101,77
9818,Mon-09818,Poison,77,52,42,70,47,96,120
9819,Mon-09819,Poison,45,59,97,115,92,60,104
9820,Mon-09820,Fire,3,94,27,142,69,97,118
9821,Mon-09821,Dark,95,42,100,65,25,112,64
9822,Mon-09822,Ground,11,80,110,141,96,121,71
9823,Mon-09823,Psychic,93,28,48,130,57,90,117
9824,Mon-09824,Fairy,17,36,56,31,65,116,52
9825,Mon-09825,Poison,54,105,68,60,129,110,111
9826,Mon-09826,Rock,32,62,84,80,96,101,83
9827,Mon-09827,Fire,69,108,78,108,27,79,66
9828,Mon-09828,Electric,41,101,31,53,101,68,122
9829,Mon-09829,Normal,37,130,62,77,52,90,49
9830,Mon-09830,Ghost,48,35,76,36,103,118,95
9831,Mon-09831,Water,98,123,88,37,58,78,59
9832,Mon-09832,Fighting,25,119,90,79,83,97,126
9833,Mon-09833,Fire,22,68,93,104,97,82,80
9834,Mon-09834,Water,7,35,69,81,40,92,84
9835,Mon-09835,Rock,74,34,75,73,35,96,55
9836,Mon-09836,Grass,68,76,57,87,97,25,22
9837,Mon-09837,Ghost,61,21,50,104,27,33,130
9838,Mon-09838,Poison,3,30,54,114,110,24,69
9839,Mon-09839,Ground,80,78,68,93,68,105,93
9840,Mon-09840,Poison,81,82,32,36,30,119,120
9841,Mon-09841,Fairy,95,115,44,30,104,59,59
9842,Mon-09842,Grass,93,128,32,68,119,28,23
9843,Mon-09843,Fighting,27,49,65,50,27,21,106
9844,Mon-09844,Fairy,72,56,75,92,124,69,88
9845,Mon-09845,Dark,41,42,38,113,65,91,91
9846,Mon-09846,Fire,60,44,35,56,94,56,61
9847,Mon-09847,Normal,34,68,78,83,49,88,120
9848,Mon-09848,Psychic,66,130,44,52,32,37,64
9849,Mon-09849,Poison,96,119,116,83,129,100,23
9850,Mon-09850,Fire,66,121,38,72,92,56,83
9851,Mon-09851,Ghost,93,70,73,25,48,130,106
9852,Mon-09852,Ground,94,92,109,108,59,105,65
9853,Mon-09853,Ghost,12,100,31,63,104,71,70
9854,Mon-09854,Normal,97,46,69,119,53,125,122
9855,Mon-09855,Water,82,71,72,109,96,128,85
9856,Mon-09856,Dark,43,81,81,49,24,41,53
9857,Mon-09857,Electric,61,61,118,136,129,84,60
9858,Mon-09858,Psychic,62,72,84,27,100,92,104
9859,Mon-09859,Poison,79,68,61,97,57,59,102
9860,Mon-09860,Normal,81,26,63,126,82,130,30
9861,Mon-09861,Rock,11,105,89,93,39,95,105
9862,Mon-09862,Water,1,119,53,95,70,104,56
9863,Mon-09863,Fairy,25,103,96,84,59,41,34
9864,Mon-09864,Poison,53,123,62,32,63,120,37
9865,Mon-09865,Water,85,67,26,110,110,127,117
9866,Mon-09866,Normal,66,26,79,145,65,120,44
9867,Mon-09867,Rock,14,49,47,125,20,68,77
9868,Mon-09868,Fairy,72,114,59,32,70,123,82
9869,Mon-09869,Dark,47,35,55,52,25,21,75
9870,Mon-09870,Fairy,37,80,35,129,73,42,57
9871,Mon-09871,Electric,78,20,52,114,95,92,22
9872,Mon-09872,Rock,30,55,121,71,30,105,25
9873,Mon-09873,Dark,62,32,55,55,27,33,73
9874,Mon-09874,Poison,19,32,101,83,62,52,115
9875,Mon-09875,Normal,39,38,65,29,73,29,113
9876,Mon-09876,Normal,56,79,27,36,27,31,94
9877,Mon-09877,Fighting,63,96,112,34,56,22,51
9878,Mon-09878,Electric,92,51,120,128,106,130,126
9879,Mon-09879,Electric,30,110,46,30,83,118,62
9880,Mon-09880,Rock,90,63,38,94,77,87,108
9881,Mon-09881,Normal,82,101,123,60,31,23,35
9882,Mon-09882,Normal,36,78,30,120,108,101,82
9883,Mon-09883,Fire,15,100,118,41,85,79,44
9884,Mon-09884,Fighting,26,128,39,139,67,106,71
9885,Mon-09885,Fairy,66,130,116,35,88,74,106
9886,Mon-09886,Poison,79,85,123,131,36,20,125
9887,Mon-09887,Dark,62,126,46,43,95,121,27
9888,Mon-09888,Ground,73,97,44,28,53,117,67
9889,Mon-09889,Normal,11,49,31,29,24,121,28
9890,Mon-09890,Rock,51,123,107,123,45,93,80
9891,Mon-09891,Water,88,36,58,68,60,122,130
9892,Mon-09892,Ghost,39,71,91,77,68,27,57
9893,Mon-09893,Poison,90,37,88,128,45,64,62
9894,Mon-09894,Fairy,13,107,77,57,107,55,51
9895,Mon-09895,Grass,98,119,46,94,49,72,114
9896,Mon-09896,Electric,79,110,60,62,32,24,113
9897,Mon-09897,Psychic,63,31,75,33,44,111,109
9898,Mon-09898,Normal,62,50,30,150,64,53,47
9899,Mon-09899,Ground,94,57,64,72,24,33,43
9900,Mon-09900,Ground,38,32,98,131,30,41,35
9901,Mon-09901,Rock,17,78,66,79,37,32,41
9902,Mon-09902,Psychic,92,23,63,134,63,96,100
9903,Mon-09903,Fighting,11,88,113,46,125,122,80
9904,Mon-09904,Grass,66,83,79,93,84,29,113
9905,Mon-09905,Psychic,27,86,101,71,29,23,93
9906,Mon-09906,Rock,93,121,25,150,27,117,122
9907,Mon-09907,Fighting,98,107,123,67,31,62,25
9908,Mon-09908,Fighting,48,48,106,122,27,33,94
9909,Mon-09909,Normal,54,83,111,87,76,41,33
9910,Mon-09910,Normal,46,109,96,75,101,95,58
9911,Mon-09911,Normal,43,114,79,112,68,29,70
9912,Mon-09912,Psychic,94,91,78,106,65,64,76
9913,Mon-09913,Water,29,29,89,85,86,128,43
9914,Mon-09914,Electric,96,68,75,31,59,67,40
9915,Mon-09915,Dark,66,115,100,34,109,38,36
9916,Mon-09916,Normal,97,28,57,100,96,104,43
9917,Mon-09917,Electric,62,85,105,31,129,67,96
9918,Mon-09918,Poison,82,80,58,101,29,64,119
9919,Mon-09919,Ground,49,44,72,136,68,48,57
9920,Mon-09920,Normal,47,58,27,124,115,103,114
9921,Mon-09921,Water,26,128,119,112,94,74,110
9922,Mon-09922,Ground,22,86,96,59,106,73,50
9923,Mon-09923,Electric,4,124,47,107,71,105,41
9924,Mon-09924,Ghost,39,72,24,48,63,60,62
9925,Mon-09925,Poison,99,113,114,140,103,93,32
9926,Mon-09926,Rock,94,88,20,36,72,39,126
9927,Mon-09927,Electric,70,121,73,93,65,83,110
9928,Mon-09928,Fire,37,56,23,86,64,67,63
9929,Mon-09929,Fairy,53,62,96,34,33,76,76
9930,Mon-09930,Normal,76,24,42,48,107,60,56
9931,Mon-09931,Dark,1,45,67,115,114,34,20
9932,Mon-09932,Water,93,35,83,100,23,122,42
9933,Mon-09933,Water,88,40,61,45,64,64,25
9934,Mon-09934,Dark,98,54,95,42,94,102,65
9935,Mon-09935,Water,10,116,76,108,36,120,66
9936,Mon-09936,Grass,95,62,66,108,53,69,60
9937,Mon-09937,Rock,62,111,55,75,126,111,96
9938,Mon-09938,Psychic,56,110,65,27,106,68,101
9939,Mon-09939,Electric,18,128,55,28,117,27,81
9940,Mon-09940,Water,50,76,84,44,129,117,58
9941,Mon-09941,Electric,37,114,104,31,95,113,58
9942,Mon-09942,Fairy,99,66,86,95,50,82,70
9943,Mon-09943,Grass,34,90,23,74,125,111,101
9944,Mon-09944,Grass,22,110,113,52,69,94,55
9945,Mon-09945,Fairy,95,35,107,99,79,109,99
9946,Mon-09946,Grass,19,26,110,113,80,26,55
9947,Mon-09947,Fairy,91,38,25,46,80,110,80
9948,Mon-09948,Psychic,97,100,111,103,81,43,47
9949,Mon-09949,Grass,31,72,71,38,106,129,29
9950,Mon-09950,Normal,69,51,113,100,37,127,75
9951,Mon-09951,Normal,80,105,106,72,68,26,98
9952,Mon-09952,Psychic,54,21,117,38,84,92,67
9953,Mon-09953,Normal,70,39,33,126,81,62,106
9954,Mon-09954,Fighting,14,72,81,48,100,48,26
9955,Mon-09955,Grass,52,121,100,123,57,127,25
9956,Mon-09956,Water,52,103,86,71,124,64,123
9957,Mon-09957,Fairy,57,95,110,111,21,81,82
9958,Mon-09958,Normal,95,98,100,114,100,54,58
9959,Mon-09959,Poison,83,54,23,78,38,95,91
9960,Mon-09960,Poison,61,69,42,109,86,48,104
9961,Mon-09961,Psychic,41,118,90,80,22,60,117
9962,Mon-09962,Ghost,41,100,60,101,45,98,120
9963,Mon-09963,Ghost,3,86,59,53,63,43,59
9964,Mon-09964,Grass,56,29,121,78,30,107,21
9965,Mon-09965,Rock,26,101,29,42,56,128,65
9966,Mon-09966,Rock,89,60,78,77,90,98,33
9967,Mon-09967,Water,78,62,54,26,37,60,77
9968,Mon-09968,Dark,92,94,25,76,89,40,41
9969,Mon-09969,Fighting,100,63,61,133,71,82,94
9970,Mon-09970,Electric,41,83,65,70,113,68,118
9971,Mon-09971,Poison,43,21,70,87,90,47,42
9972,Mon-09972,Fire,61,40,37,132,69,60,80
9973,Mon-09973,Poison,44,79,100,25,111,127,126
9974,Mon-09974,Dark,28,126,59,109,39,38,54
9975,Mon-09975,Water,71,104,83,91,82,48,107
9976,Mon-09976,Normal,46,66,80,68,44,58,24
9977,Mon-09977,Fairy,95,127,82,57,70,121,90
9978,Mon-09978,Fighting,22,50,76,99,72,59,23
9979,Mon-09979,Water,45,119,53,78,86,52,27
9980,Mon-09980,Electric,54,64,74,74,54,53,84
9981,Mon-09981,Electric,91,29,78,109,93,125,116
9982,Mon-09982,Water,58,20,22,75,40,59,98
9983,Mon-09983,Fairy,7,128,100,127,38,60,65
9984,Mon-09984,Psychic,34,91,69,60,31,60,62
9985,Mon-09985,Normal,89,36,52,113,73,116,72
9986,Mon-09986,Psychic,28,130,23,95,65,98,51
9987,Mon-09987,Water,35,24,53,137,111,86,21
9988,Mon-09988,Water,16,57,64,75,57,43,109
9989,Mon-09989,Poison,72,103,112,54,84,32,78
9990,Mon-09990,Electric,14,25,91,75,127,29,116
9991,Mon-09991,Fire,37,120,66,108,88,52,84
9992,Mon-09992,Ghost,72,95,33,79,115,107,62
9993,Mon-09993,Grass,90,125,50,137,76,104,26
9994,Mon-09994,Fairy,23,112,121,44,40,106,103
9995,Mon-09995,Poison,34,111,34,63,69,94,87
9996,Mon-09996,Electric,12,45,89,148,103,77,116
9997,Mon-09997,Dark,44,42,77,125,32,59,47
9998,Mon-09998,Rock,100,46,44,34,73,100,62
9999,Mon-09999,Fairy,31,37,116,143,77,41,46
10000,Mon-10000,Normal,26,93,63,78,122,27,37
10001,Mon-10001,Psychic,40,26,93,106,128,112,118
10002,Mon-10002,Fairy,90,67,30,27,87,72,60
10003,Mon-10003,Water,55,84,127,45,43,89,20
10004,Mon-10004,Poison,61,79,22,113,42,126,26
10005,Mon-10005,Water,79,74,54,57,86,95,57
10006,Mon-10006,Ground,72,44,121,39,41,104,23
10007,Mon-10007,Rock,60,32,90,110,94,73,118
10008,Mon-10008,Ground,57,129,94,52,127,55,111
10009,Mon-10009,Fairy,54,71,54,134,40,58,120
10010,Mon-10010,Psychic,19,86,106,47,121,119,114
10011,Mon-10011,Psychic,42,82,123,27,24,62,25
10012,Mon-10012,Fairy,85,60,89,74,73,123,91
10013,Mon-10013,Water,4,100,44,66,62,23,114
10014,Mon-10014,Rock,83,61,120,105,82,52,115
10015,Mon-10015,Normal,57,65,20,54,73,124,71
10016,Mon-10016,Electric,35,109,119,148,80,84,123
10017,Mon-10017,Dark,12,55,21,78,33,60,38
10018,Mon-10018,Normal,77,97,26,114,104,39,96
10019,Mon-10019,Water,1,93,24,121,124,73,49
10020,Mon-10020,Ground,55,23,41,136,72,126,121
10021,Mon-10021,Grass,17,95,100,88,115,59,119
10022,Mon-10022,Normal,91,108,63,53,33,73,122
10023,Mon-10023,Ghost,19,50,28,90,101,59,26
10024,Mon-10024,Normal,81,121,57,78,55,115,50
10025,Mon-10025,Fighting,58,22,130,101,94,96,63
10026,Mon-10026,Normal,5,39,78,54,83,88,125
10027,Mon-10027,Normal,73,124,100,89,24,94,93
10028,Mon-10028,Fighting,88,114,49,145,58,65,129
10029,Mon-10029,Dark,23,103,77,111,68,109,116
10030,Mon-10030,Fighting,97,87,108,145,110,88,51
10031,Mon-10031,Ghost,80,42,94,38,32,27,40
10032,Mon-10032,Water,75,74,20,107,125,61,89
10033,Mon-10033,Electric,34,82,87,27,25,117,106
10034,Mon-10034,Psychic,12,29,107,50,46,48,44
10035,Mon-10035,Rock,43,86,35,129,35,126,94
10036,Mon-10036,Fire,81,29,63,37,118,110,63
10037,Mon-10037,Water,59,33,91,85,82,129,106
10038,Mon-10038,Ground,65,38,20,33,99,108,89
10039,Mon-10039,Dark,79,41,98,62,96,34,97
10040,Mon-10040,Dark,34,29,114,40,85,41,24
10041,Mon-10041,Water,4,126,78,82,53,74,113
10042,Mon-10042,Grass,89,109,69,106,34,59,91
10043,Mon-10043,Electric,62,76,30,106,68,124,42
10044,Mon-10044,Poison,57,60,100,142,65,114,73
10045,Mon-10045,Rock,58,41,124,40,68,104,51
10046,Mon-10046,Fighting,86,125,117,75,130,124,33
10047,Mon-10047,Rock,77,108,81,90,34,26,72
10048,Mon-10048,Rock,68,103,23,35,91,97,95
10049,Mon-10049,Psychic,79,72,51,38,37,116,107
10050,Mon-10050,Ground,29,23,49,64,85,128,124
10051,Mon-10051,Ghost,72,90,20,133,95,113,89
10052,Mon-10052,Psychic,98,74,33,98,23,109,20
10053,Mon-10053,Poison,24,53,83,95,71,106,64
10054,Mon-10054,Fairy,58,54,30,94,55,34,68
10055,Mon-10055,Fighting,69,26,24,127,74,65,128
10056,Mon-10056,Rock,52,116,124,93,74,117,34
10057,Mon-10057,Poison,97,38,87,115,72,90,118
10058,Mon-10058,Rock,41,110,109,63,91,48,42
10059,Mon-10059,Normal,22,128,47,127,42,99,94
10060,Mon-10060,Fairy,14,25,60,29,115,22,74
10061,Mon-10061,Normal,85,89,87,68,113,64,127
10062,Mon-10062,Fairy,69,27,96,56,70,103,52
10063,Mon-10063,Psychic,58,112,60,42,120,107,72
10064,Mon-10064,Fighting,44,76,122,92,50,76,92
10065,Mon-10065,Ghost,41,22,98,137,42,50,40
10066,Mon-10066,Ghost,94,105,44,45,51,75,49
10067,Mon-10067,Fairy,69,104,30,136,106,40,103
10068,Mon-10068,Dark,97,122,21,132,35,123,106
10069,Mon-10069,Psychic,81,73,113,136,53,115,94
10070,Mon-10070,Rock,77,123,111,25,36,100,40
10071,Mon-10071,Grass,56,93,73,149,69,57,43
10072,Mon-10072,Fire,25,78,100,78,53,35,120
10073,Mon-10073,Grass,66,59,118,100,110,26,119
10074,Mon-10074,Poison,72,52,37,63,105,62,64
10075,Mon-10075,Poison,53,88,128,89,118,112,81
10076,Mon-10076,Grass,3,102,74,94,65,61,26
10077,Mon-10077,Grass,97,23,68,125,78,108,92
10078,Mon-10078,Fighting,83,65,37,68,115,39,31
10079,Mon-10079,Rock,36,25,94,38,99,109,29
10080,Mon-10080,Fairy,50,64,86,98,125,28,79
10081,Mon-10081,Psychic,13,108,23,123,128,57,114
10082,Mon-10082,Electric,94,96,91,26,28,36,121
10083,Mon-10083,Water,24,33,35,127,46,86,67
10084,Mon-10084,Fairy,38,99,50,126,98,40,77
10085,Mon-10085,Poison,43,21,87,97,30,21,80
10086,Mon-10086,Dark,27,21,106,144,29,55,69
10087,Mon-10087,Water,64,121,34,73,35,20,100
10088,Mon-10088,Psychic,100,23,72,41,27,62,105
10089,Mon-10089,Poison,86,49,51,107,93,48,71
10090,Mon-10090,Ground,54,34,98,101,50,123,45
10091,Mon-10091,Dark,14,84,111,140,124,78,113
10092,Mon-10092,Fire,87,77,91,53,31,68,95
10093,Mon-10093,Electric,26,113,108,44,70,86,65
10094,Mon-10094,Water,92,129,70,110,93,35,44
10095,Mon-10095,Fire,40,102,86,64,59,34,65
10096,Mon-10096,Water,52,71,52,48,99,37,113
10097,Mon-10097,Fairy,44,25,129,109,113,116,56
10098,Mon-10098,Psychic,46,122,42,48,90,102,117
10099,Mon-10099,Ghost,17,82,122,129,87,126,47
10100,Mon-10100,Ghost,56,44,102,64,83,110,41
10101,Mon-10101,Electric,41,80,129,107,130,33,27
10102,Mon-10102,Fire,85,63,91,97,106,38,35
10103,Mon-10103,Ground,48,58,59,99,26,111,48
10104,Mon-10104,Psychic,97,70,51,63,105,80,100
10105,Mon-10105,Water,30,103,39,35,38,88,78
10106,Mon-10106,Fighting,33,38,127,105,116,45,92
10107,Mon-10107,Fighting,4,127,31,79,56,75,30
10108,Mon-10108,Ground,74,26,109,148,96,120,89
10109,Mon-10109,Water,8,36,97,137,102,74,92
10110,Mon-10110,Normal,29,95,34,34,59,96,76
10111,Mon-10111,Ground,92,36,121,70,126,103,90
10112,Mon-10112,Fighting,62,106,38,77,78,122,34
10113,Mon-10113,Water,56,101,37,73,66,43,74
10114,Mon-10114,Poison,81,67,80,116,74,121,99
10115,Mon-10115,Ghost,78,70,31,70,54,87,35
10116,Mon-10116,Rock,89,130,31,44,31,112,38
10117,Mon-10117,Psychic,67,108,89,70,128,49,103
10118,Mon-10118,Fighting,45,90,127,124,110,33,80
10119,Mon-10119,Fire,14,35,25,75,110,29,44
10120,Mon-10120,Psychic,37,85,90,60,121,62,58
10121,Mon-10121,Fighting,71,24,86,122,87,81,117
10122,Mon-10122,Psychic,26,47,27,33,129,51,56
10123,Mon-10123,Electric,68,97,36,82,129,49,59
10124,Mon-10124,Grass,14,65,69,37,47,110,112
10125,Mon-10125,Psychic,7,130,96,101,68,102,42
10126,Mon-10126,Dark,37,124,44,138,30,90,70
10127,Mon-10127,Psychic,23,30,68,80,97,92,54
10128,Mon-10128,Ground,88,118,74,148,32,113,74
10129,Mon-10129,Psychic,38,115,99,135,104,44,49
10130,Mon-10130,Rock,42,31,47,116,109,124,119
10131,Mon-10131,Grass,41,62,96,47,65,115,35
10132,Mon-10132,Psychic,32,125,112,29,90,58,81
10133,Mon-10133,Water,92,21,84,40,125,58,90
10134,Mon-10134,Dark,74,26,100,68,103,40,108
10135,Mon-10135,Water,16,76,38,76,68,98,30
10136,Mon-10136,Poison,22,125,120,51,120,53,115
10137,Mon-10137,Electric,9,50,53,147,24,49,47
10138,Mon-10138,Ghost,26,105,41,118,45,94,97
10139,Mon-10139,Fire,66,96,80,113,56,41,25
10140,Mon-10140,Water,94,36,62,107,60,32,35
10141,Mon-10141,Poison,49,51,71,102,94,115,78
10142,Mon-10142,Electric,9,89,109,136,107,24,33
10143,Mon-10143,Rock,5,73,79,74,25,121,69
10144,Mon-10144,Ground,42,46,61,42,48,95,68
10145,Mon-10145,Normal,27,42,108,62,110,59,72
10146,Mon-10146,Grass,58,81,62,53,76,82,27
10147,Mon-10147,Fairy,12,111,126,145,54,54,101
10148,Mon-10148,Ghost,24,65,129,96,69,65,53
10149,Mon-10149,Electric,56,122,72,78,87,97,99
10150,Mon-10150,Electric,29,94,105,28,86,120,43
10151,Mon-10151,Rock,37,64,98,114,112,45,43
10152,Mon-10152,Fairy,23,98,115,106,129,79,24
10153,Mon-10153,Electric,6,69,71,127,109,115,114
10154,Mon-10154,Ghost,35,103,65,41,31,21,64
10155,Mon-10155,Fairy,33,129,50,107,66,20,34
10156,Mon-10156,Water,90,107,85,70,73,88,47
10157,Mon-10157,Ghost,90,35,88,54,89,35,35
10158,Mon-10158,Ground,44,27,70,53,126,130,31
10159,Mon-10159,Rock,29,109,54,61,69,33,28
10160,Mon-10160,Psychic,42,114,69,117,58,101,101
10161,Mon-10161,Ground,61,82,75,27,119,55,84
10162,Mon-10162,Psychic,39,47,34,144,102,122,121
10163,Mon-10163,Water,76,117,93,147,70,116,128
10164,Mon-10164,Ghost,97,69,113,146,123,108,88
10165,Mon-10165,Rock,41,52,55,130,53,91,79
10166,Mon-10166,Rock,12,60,63,65,46,43,123
10167,Mon-10167,Fire,13,52,30,75,22,31,124
10168,Mon-10168,Fire,88,51,84,40,29,49,38
10169,Mon-10169,Fairy,42,56,67,137,115,28,86
10170,Mon-10170,Poison,33,94,115,122,28,107,105
10171,Mon-10171,Dark,62,21,120,44,104,52,116
10172,Mon-10172,Fighting,96,60,105,149,28,68,65
10173,Mon-10173,Water,43,38,43,30,45,88,90
10174,Mon-10174,Ghost,32,91,42,121,58,97,74
10175,Mon-10175,Psychic,87,130,73,42,43,85,89
10176,Mon-10176,Ghost,9,107,88,119,34,101,93
10177,Mon-10177,Ghost,85,47,23,136,129,32,84
10178,Mon-10178,Fairy,53,76,75,144,64,51,106
10179,Mon-10179,Grass,3,22,29,45,66,104,28
10180,Mon-10180,Poison,23,65,48,45,103,99,26
10181,Mon-10181,Ground,68,50,59,33,121,90,112
10182,Mon-10182,Fire,76,75,24,128,53,124,63
10183,Mon-10183,Ghost,20,65,49,48,70,129,62
10184,Mon-10184,Rock,66,95,89,74,73,29,104
10185,Mon-10185,Fighting,99,80,130,77,48,81,80
10186,Mon-10186,Ground,69,124,106,69,34,119,79
10187,Mon-10187,Ghost,71,27,54,87,122,56,123
10188,Mon-10188,Dark,20,124,124,68,97,26,57
10189,Mon-10189,Ground,64,107,68,54,95,33,49
10190,Mon-10190,Fighting,71,99,59,73,55,100,24
10191,Mon-10191,Electric,12,111,114,126,93,122,124
10192,Mon-10192,Fighting,32,25,64,39,35,98,20
10193,Mon-10193,Ghost,89,43,102,145,33,24,66
10194,Mon-10194,Grass,100,20,38,76,125,65,67
10195,Mon-10195,Dark,18,108,56,61,45,58,122
10196,Mon-10196,Fighting,74,59,129,81,105,121,73
10197,Mon-10197,Fairy,51,60,47,142,50,78,20
10198,Mon-10198,Ghost,60,87,114,126,92,46,45
10199,Mon-10199,Fairy,52,66,71,128,87,83,76
10200,Mon-10200,Fire,87,90,126,52,100,103,108
10201,Mon-10201,Ground,45,123,66,136,125,84,26
10202,Mon-10202,Grass,59,56,74,113,67,66,100
10203,Mon-10203,Psychic,67,119,63,32,116,99,39
10204,Mon-10204,Grass,56,79,43,78,53,53,40
10205,Mon-10205,Normal,88,61,113,130,126,34,35
10206,Mon-10206,Poison,24,122,83,92,75,115,40
10207,Mon-10207,Normal,95,74,76,98,113,99,88
10208,Mon-10208,Psychic,68,34,61,72,111,101,115
10209,Mon-10209,Fighting,97,51,105,29,90,118,27
10210,Mon-10210,Ground,38,113,58,136,126,99,122
10211,Mon-10211,Poison,48,77,46,119,94,23,44
10212,Mon-10212,Electric,5,82,29,59,87,113,129
10213,Mon-10213,Psychic,93,95,116,55,48,23,109
10214,Mon-10214,Fighting,82,41,28,90,61,96,96
10215,Mon-10215,Electric,30,30,113,125,20,130,74
10216,Mon-10216,Normal,6,68,62,35,99,64,123
10217,Mon-10217,Grass,70,122,20,103,87,54,72
10218,Mon-10218,Poison,68,34,122,131,97,122,36
10219,Mon-10219,Psychic,53,99,102,87,89,70,56
10220,Mon-10220,Dark,16,128,100,31,47,122,37
10221,Mon-10221,Fighting,92,30,80,27,130,54,49
10222,Mon-10222,Water,44,34,104,45,68,40,24
10223,Mon-10223,Ghost,73,116,34,137,97,81,72
10224,Mon-10224,Poison,86,32,46,82,34,61,79
10225,Mon-10225,Water,55,102,80,43,86,98,76
10226,Mon-10226,Fighting,10,108,101,139,64,53,44
10227,Mon-10227,Electric,89,54,85,129,122,104,49
10228,Mon-10228,Psychic,67,52,65,43,104,59,83
10229,Mon-10229,Rock,90,77,94,111,123,59,56
10230,Mon-10230,Normal,62,76,26,66,54,98,20
10231,Mon-10231,Fighting,91,115,76,33,93,48,99
10232,Mon-10232,Fairy,87,85,63,32,90,51,78
10233,Mon-10233,Water,22,127,75,93,47,80,41
10234,Mon-10234,Ghost,18,46,34,131,56,56,118
10235,Mon-10235,Psychic,17,51,120,146,94,62,48
10236,Mon-10236,Dark,80,46,114,113,36,57,100
10237,Mon-10237,Dark,25,92,124,141,64,89,25
10238,Mon-10238,Fairy,46,23,113,54,102,57,60
10239,Mon-10239,Ground,79,115,93,43,113,87,47
10240,Mon-10240,Fire,43,105,51,38,85,45,27
10241,Mon-10241,Fire,7,129,32,46,94,119,67
10242,Mon-10242,Grass,37,126,87,119,111,125,47
10243,Mon-10243,Ground,10,27,125,44,45,20,47
10244,Mon-10244,Water,39,102,60,79,95,31,75
10245,Mon-10245,Psychic,74,75,130,120,101,31,117
10246,Mon-10246,Fighting,52,101,37,141,110,40,48
10247,Mon-10247,Dark,68,116,51,45,87,107,37
10248,Mon-10248,Ground,11,84,92,48,37,47,106
10249,Mon-10249,Grass,76,20,74,33,25,84,66
10250,Mon-10250,Ghost,43,115,104,39,88,47,123
10251,Mon-10251,Rock,29,68,58,74,50,26,98
10252,Mon-10252,Dark,66,70,105,64,60,29,39
10253,Mon-10253,Normal,14,84,53,146,71,124,105
10254,Mon-10254,Psychic,50,121,36,80,102,81,20
10255,Mon-10255,Electric,43,78,83,63,59,92,70
10256,Mon-10256,Fire,17,43,76,84,84,40,29
10257,Mon-10257,Ghost,96,101,82,116,75,73,105
10258,Mon-10258,Electric,37,90,22,67,26,92,109
10259,Mon-10259,Psychic,5,27,65,43,96,106,124
10260,Mon-10260,Fighting,45,79,30,78,79,92,25
10261,Mon-10261,Psychic,97,107,109,103,44,86,114
10262,Mon-10262,Psychic,67,118,28,64,102,89,102
10263,Mon-10263,Grass,64,51,123,98,31,61,114
10264,Mon-10264,Normal,91,78,26,65,49,97,64
10265,Mon-10265,Ghost,9,111,87,138,46,52,92
10266,Mon-10266,Fire,56,84,57,136,92,99,67
10267,Mon-10267,Water,33,66,32,115,129,70,95
10268,Mon-10268,Fighting,68,40,59,130,113,84,101
10269,Mon-10269,Poison,86,24,24,40,35,72,52
10270,Mon-10270,Rock,8,96,97,107,27,83,55
10271,Mon-10271,Ground,16,126,116,76,107,99,129
10272,Mon-10272,Water,96,86,56,122,84,51,109
10273,Mon-10273,Electric,50,106,68,25,59,72,25
10274,Mon-10274,Ground,32,95,35,48,118,64,30
10275,Mon-10275,Water,16,58,73,55,39,22,108
10276,Mon-10276,Normal,36,78,125,95,34,114,99
10277,Mon-10277,Water,1,49,79,147,75,95,43
10278,Mon-10278,Fairy,23,44,117,137,49,25,120
10279,Mon-10279,Rock,19,85,106,82,45,27,21
10280,Mon-10280,Fairy,9,91,33,25,89,122,38
10281,Mon-10281,Poison,97,129,25,134,53,113,81
10282,Mon-10282,Ground,80,46,60,97,84,100,81
10283,Mon-10283,Rock,95,52,124,27,82,98,43
10284,Mon-10284,Rock,25,38,38,106,108,113,91
10285,Mon-10285,Grass,29,125,24,135,128,86,113
10286,Mon-10286,Electric,29,106,126,134,89,20,34
10287,Mon-10287,Grass,56,56,41,137,51,70,107
10288,Mon-10288,Poison,19,127,59,147,83,56,80
10289,Mon-10289,Water,24,98,106,107,73,39,120
10290,Mon-10290,Fairy,98,72,30,102,70,115,48
10291,Mon-10291,Fighting,36,62,38,39,58,92,96
10292,Mon-10292,Dark,79,83,100,104,28,120,103
10293,Mon-10293,Normal,23,29,20,135,47,32,59
10294,Mon-10294,Grass,93,39,99,127,85,128,83
10295,Mon-10295,Psychic,70,123,80,138,27,87,101
10296,Mon-10296,Psychic,87,42,46,46,37,83,65
10297,Mon-10297,Fairy,52,38,88,50,83,40,93
10298,Mon-10298,Dark,91,115,55,133,130,89,102
10299,Mon-10299,Ground,37,124,125,143,38,86,46
10300,Mon-10300,Electric,48,110,66,91,28,97,101
10301,Mon-10301,Fairy,7,31,103,136,58,36,85
10302,Mon-10302,Fairy,18,113,49,110,28,90,43
10303,Mon-10303,Fighting,78,49,112,50,119,30,113
10304,Mon-10304,Fire,33,21,52,88,107,27,22
10305,Mon-10305,Poison,11,122,76,74,32,72,87
10306,Mon-10306,Fighting,30,49,108,124,31,33,47
10307,Mon-10307,Rock,36,93,122,67,80,98,98
10308,Mon-10308,Psychic,72,28,103,47,64,73,117
10309,Mon-10309,Poison,10,41,94,87,96,46,93
10310,Mon-10310,Fighting,3,117,96,87,122,50,64
10311,Mon-10311,Electric,73,85,65,137,57,75,91
10312,Mon-10312,Grass,15,130,96,26,107,86,42
10313,Mon-10313,Normal,42,40,83,135,56,108,29
10314,Mon-10314,Fire,69,118,77,51,45,83,60
10315,Mon-10315,Fire,52,117,54,47,127,80,88
10316,Mon-10316,Ground,13,122,58,77,47,87,62
10317,Mon-10317,Rock,73,25,33,94,35,86,32
10318,Mon-10318,Normal,5,31,99,142,85,58,70
10319,Mon-10319,Water,24,78,22,92,86,44,116
10320,Mon-10320,Fire,11,32,32,43,73,78,69
10321,Mon-10321,Grass,52,27,52,81,29,33,71
10322,Mon-10322,Fairy,70,110,35,140,32,46,53
10323,Mon-10323,Grass,65,97,103,115,104,36,72
10324,Mon-10324,Ghost,14,113,34,52,37,74,53
10325,Mon-10325,Fairy,35,123,70,106,50,127,126
10326,Mon-10326,Rock,15,35,101,117,109,117,108
10327,Mon-10327,Psychic,35,112,85,59,57,29,97
10328,Mon-10328,Fairy,24,24,85,91,58,111,93
10329,Mon-10329,Ghost,75,61,58,68,121,36,56
10330,Mon-10330,Fire,76,53,69,47,108,121,95
10331,Mon-10331,Electric,82,46,105,136,98,42,126
10332,Mon-10332,Ground,21,99,72,65,41,33,41
10333,Mon-10333,Ground,2,33,97,66,51,107,115
10334,Mon-10334,Rock,4,109,111,37,86,112,130
10335,Mon-10335,Ground,85,116,47,80,113,64,26
10336,Mon-10336,Rock,91,93,33,106,76,80,29
10337,Mon-10337,Fire,22,29,71,147,102,107,74
10338,Mon-10338,Poison,88,86,62,122,56,114,95
10339,Mon-10339,Ghost,53,89,36,133,60,66,77
10340,Mon-10340,Psychic,19,61,104,149,87,107,102
10341,Mon-10341,Normal,32,60,89,113,82,108,111
10342,Mon-10342,Fairy,27,72,93,133,33,108,49
10343,Mon-10343,Dark,77,130,98,63,63,119,77
10344,Mon-10344,Rock,19,20,68,115,115,112,28
10345,Mon-10345,Fairy,19,76,76,104,79,69,33
10346,Mon-10346,Electric,72,55,44,81,102,54,101
10347,Mon-10347,Dark,31,80,101,105,111,129,119
10348,Mon-10348,Electric,26,20,125,115,51,69,82
10349,Mon-10349,Fire,81,121,116,76,46,123,100
10350,Mon-10350,Poison,94,70,65,131,84,130,127
10351,Mon-10351,Fairy,56,127,25,29,73,21,28
10352,Mon-10352,Normal,83,37,117,65,120,35,100
10353,Mon-10353,Dark,85,84,83,71,40,82,89
10354,Mon-10354,Fighting,59,95,106,129,66,29,123
10355,Mon-10355,Normal,83,108,53,89,25,92,53
10356,Mon-10356,Dark,1,21,115,142,60,21,90
10357,Mon-10357,Fighting,4,90,113,144,85,113,113
10358,Mon-10358,Ground,89,36,21,82,108,67,75
10359,Mon-10359,Grass,15,67,82,116,113,94,49
10360,Mon-10360,Dark,73,25,72,56,20,71,124
10361,Mon-10361,Water,43,26,93,38,116,96,37
10362,Mon-10362,Poison,79,105,48,86,96,95,110
10363,Mon-10363,Grass,67,99,30,62,42,52,113
10364,Mon-10364,Electric,8,119,50,117,43,108,23
10365,Mon-10365,Water,34,97,78,90,106,111,59
10366,Mon-10366,Psychic,71,86,49,42,97,55,84
10367,Mon-10367,Grass,93,32,71,81,42,27,31
10368,Mon-10368,Grass,81,104,63,75,68,69,36
10369,Mon-10369,Rock,90,45,97,25,115,92,56
10370,Mon-10370,Ground,96,31,65,93,22,106,125
10371,Mon-10371,Rock,90,101,36,142,76,42,67
10372,Mon-10372,Ghost,59,85,90,137,117,73,95
10373,Mon-10373,Normal,34,36,43,138,20,104,87
10374,Mon-10374,Psychic,51,80,53,137,80,78,70
10375,Mon-10375,Ghost,80,96,98,141,82,107,29
10376,Mon-10376,Psychic,43,75,50,37,54,94,126
10377,Mon-10377,Grass,84,99,26,78,79,39,79
10378,Mon-10378,Electric,71,76,60,93,98,43,57
10379,Mon-10379,Normal,21,59,63,130,51,108,69
10380,Mon-10380,Fairy,93,44,96,72,75,98,69
10381,Mon-10381,Grass,85,48,98,114,79,112,128
10382,Mon-10382,Fire,60,109,20,123,23,52,64
10383,Mon-10383,Poison,20,61,104,89,43,25,129
10384,Mon-10384,Fairy,23,99,102,55,92,46,34
10385,Mon-10385,Grass,84,59,39,34,74,67,42
10386,Mon-10386,Dark,2,78,57,81,127,33,36
10387,Mon-10387,Rock,49,87,105,46,114,41,125
10388,Mon-10388,Ghost,62,73,83,106,44,36,85
10389,Mon-10389,Poison,24,102,57,55,130,34,74
10390,Mon-10390,Fairy,87,122,104,135,115,62,27
10391,Mon-10391,Psychic,53,115,90,137,66,109,38
10392,Mon-10392,Dark,7,122,76,130,88,62,123
10393,Mon-10393,Psychic,33,23,20,108,51,52,126
10394,Mon-10394,Water,40,104,91,39,28,80,56
10395,Mon-10395,Normal,23,100,39,148,46,91,98
10396,Mon-10396,Dark,95,65,122,33,101,58,55
10397,Mon-10397,Fire,37,54,40,96,83,20,126
10398,Mon-10398,Water,51,25,23,126,69,53,35
10399,Mon-10399,Normal,54,113,61,35,73,28,30
10400,Mon-10400,Fire,23,113,58,87,108,36,58
10401,Mon-10401,Poison,57,28,59,85,97,87,39
10402,Mon-10402,Fire,36,84,122,49,90,39,96
10403,Mon-10403,Ground,2,81,50,39,75,61,121
10404,Mon-10404,Normal,41,39,112,139,20,63,126
10405,Mon-10405,Ghost,59,80,38,138,57,117,129
10406,Mon-10406,Electric,12,110,88,36,34,37,41
10407,Mon-10407,Fairy,78,56,34,60,105,29,25
10408,Mon-10408,Dark,67,100,45,74,59,79,39
10409,Mon-10409,Dark,31,127,36,49,47,89,104
10410,Mon-10410,Water,60,70,56,33,73,75,35
10411,Mon-10411,Psychic,31,31,71,89,73,98,95
10412,Mon-10412,Ground,65,53,115,80,123,115,83
10413,Mon-10413,Electric,16,35,103,126,39,87,107
10414,Mon-10414,Dark,62,59,97,62,111,79,32
10415,Mon-10415,Water,6,91,74,89,43,95,68
10416,Mon-10416,Fighting,2,42,51,64,108,43,29
10417,Mon-10417,Water,26,77,52,29,79,47,22
10418,Mon-10418,Electric,18,130,34,116,79,61,102
10419,Mon-10419,Ghost,50,49,93,118,98,105,81
10420,Mon-10420,Fairy,17,117,106,108,30,114,108
10421,Mon-10421,Water,25,53,80,29,108,81,28
10422,Mon-10422,Normal,10,88,83,112,102,88,54
10423,Mon-10423,Grass,89,37,61,101,42,107,35
10424,Mon-10424,Ground,74,49,126,80,29,46,84
10425,Mon-10425,Grass,22,116,118,102,100,33,82
10426,Mon-10426,Fairy,13,85,65,38,30,102,102
10427,Mon-10427,Ground,86,83,103,51,84,34,29
10428,Mon-10428,Water,67,76,58,41,48,37,25
10429,Mon-10429,Grass,89,47,33,81,99,63,114
10430,Mon-10430,Dark,18,123,52,137,122,107,90
10431,Mon-10431,Grass,36,63,112,25,113,63,33
10432,Mon-10432,Poison,12,21,73,81,103,33,51
10433,Mon-10433,Ghost,43,120,116,60,91,34,65
10434,Mon-10434,Poison,17,25,55,143,28,48,65
10435,Mon-10435,Electric,1,118,71,103,125,29,101
10436,Mon-10436,Fire,51,49,28,52,121,56,59
10437,Mon-10437,Ground,98,27,106,60,26,28,86
10438,Mon-10438,Dark,65,44,54,98,106,113,99
10439,Mon-10439,Poison,76,92,30,31,31,25,31
10440,Mon-10440,Fairy,82,80,44,33,87,41,72
10441,Mon-10441,Ghost,98,36,93,109,47,23,48
10442,Mon-10442,Psychic,13,53,110,126,34,52,104
10443,Mon-10443,Ghost,26,43,125,118,45,109,34
10444,Mon-10444,Electric,62,92,46,46,55,84,54
10445,Mon-10445,Fairy,83,115,85,133,58,123,88
10446,Mon-10446,Psychic,78,48,70,53,53,88,80
10447,Mon-10447,Grass,73,119,99,135,71,67,24
10448,Mon-10448,Fairy,32,65,94,62,91,126,120
10449,Mon-10449,Electric,37,29,27,87,71,40,28
10450,Mon-10450,Grass,8,55,36,145,85,32,68
10451,Mon-10451,Fire,32,117,85,76,62,56,26
10452,Mon-10452,Rock,16,109,78,109,50,123,83
10453,Mon-10453,Fire,94,100,118,98,36,110,59
10454,Mon-10454,Fairy,10,64,114,34,54,79,94
10455,Mon-10455,Psychic,37,106,26,124,41,123,89
10456,Mon-10456,Poison,89,98,84,70,77,91,121
10457,Mon-10457,Fire,96,107,65,84,92,46,25
10458,Mon-10458,Ghost,38,81,73,63,113,20,90
10459,Mon-10459,Fire,47,76,27,150,52,23,57
10460,Mon-10460,Ghost,53,127,113,94,34,114,87
10461,Mon-10461,Rock,83,125,38,105,110,54,126
10462,Mon-10462,Fighting,77,79,125,90,100,66,112
10463,Mon-10463,Ghost,53,42,123,63,55,62,128
10464,Mon-10464,Ground,38,65,111,98,130,29,130
10465,Mon-10465,Fire,38,76,33,125,91,20,106
10466,Mon-10466,Grass,65,95,65,36,103,100,119
10467,Mon-10467,Grass,84,55,22,43,58,95,96
10468,Mon-10468,Fairy,8,25,87,45,69,45,33
10469,Mon-10469,Water,77,111,115,142,58,33,119
10470,Mon-10470,Fire,49,125,78,97,101,77,95
10471,Mon-10471,Electric,15,29,22,67,110,29,115
10472,Mon-10472,Ground,10,55,53,50,115,52,56
10473,Mon-10473,Fighting,34,68,38,111,56,99,85
10474,Mon-10474,Grass,25,104,68,91,105,39,66
10475,Mon-10475,Poison,11,105,61,103,95,105,21
10476,Mon-10476,Water,30,58,112,115,21,118,91
10477,Mon-10477,Ghost,84,54,44,37,108,40,53
10478,Mon-10478,Fairy,72,64,53,110,34,93,36
10479,Mon-10479,Ghost,21,46,46,115,34,105,43
10480,Mon-10480,Dark,68,68,118,59,31,77,96
10481,Mon-10481,Dark,46,49,52,64,80,53,99
10482,Mon-10482,Psychic,75,26,130,99,23,129,52
10483,Mon-10483,Normal,25,99,93,73,76,54,57
10484,Mon-10484,Dark,7,107,54,142,99,47,110
10485,Mon-10485,Water,32,51,85,37,79,33,72
10486,Mon-10486,Ghost,100,64,33,46,49,120,61
10487,Mon-10487,Fire,56,64,120,127,57,45,114
10488,Mon-10488,Dark,6,22,126,110,100,34,25
10489,Mon-10489,Ghost,98,80,52,133,57,24,95
10490,Mon-10490,Normal,83,70,38,28,93,52,86
10491,Mon-10491,Psychic,55,124,67,41,96,94,64
10492,Mon-10492,Electric,75,61,105,130,78,95,103
10493,Mon-10493,Fire,19,108,89,127,61,114,51
10494,Mon-10494,Ground,60,63,24,129,26,94,88
10495,Mon-10495,Electric,92,40,20,138,102,25,48
10496,Mon-10496,Fire,44,58,46,54,53,113,106
10497,Mon-10497,Electric,4,118,103,37,70,48,66
10498,Mon-10498,Poison,76,48,48,62,23,126,109
10499,Mon-10499,Electric,74,113,119,150,102,58,84
10500,Mon-10500,Ground,74,93,52,90,121,21,24
10501,Mon-10501,Ghost,65,102,119,25,117,63,88
10502,Mon-10502,Poison,14,103,122,118,54,69,20
10503,Mon-10503,Normal,12,77,100,131,29,111,101
10504,Mon-10504,Grass,80,86,39,40,30,81,44
10505,Mon-10505,Rock,86,27,27,95,62,24,129
10506,Mon-10506,Ghost,8,97,39,118,20,25,44
10507,Mon-10507,Water,59,98,90,145,39,88,70
10508,Mon-10508,Psychic,51,31,96,101,87,29,82
10509,Mon-10509,Fire,36,77,129,67,24,79,35
10510,Mon-10510,Dark,65,76,125,139,88,119,45
10511,Mon-10511,Fighting,92,54,54,70,116,113,127
10512,Mon-10512,Fire,83,27,63,104,130,90,60
10513,Mon-10513,Rock,16,21,105,130,127,53,105
10514,Mon-10514,Normal,47,43,105,91,52,77,70
10515,Mon-10515,Grass,94,45,54,114,91,31,43
10516,Mon-10516,Ghost,24,43,23,131,25,102,86
10517,Mon-10517,Electric,86,87,30,100,46,34,35
10518,Mon-10518,Grass,50,66,111,77,106,25,130
10519,Mon-10519,Fighting,53,32,58,106,42,89,94
10520,Mon-10520,Ghost,26,29,100,75,53,83,96
10521,Mon-10521,Dark,92,92,108,111,65,80,22
10522,Mon-10522,Psychic,53,123,119,35,56,72,49
10523,Mon-10523,Poison,58,110,74,31,102,85,62
10524,Mon-10524,Ground,47,104,90,84,120,68,58
10525,Mon-10525,Psychic,9,55,41,39,79,35,32
10526,Mon-10526,Fairy,79,98,124,117,83,83,24
10527,Mon-10527,Ghost,33,29,118,47,101,24,86
10528,Mon-10528,Fighting,25,39,63,87,64,27,66
10529,Mon-10529,Ghost,79,35,60,47,70,82,46
10530,Mon-10530,Rock,20,40,101,141,125,98,85
10531,Mon-10531,Water,69,59,65,131,62,28,129
10532,Mon-10532,Ground,48,24,100,25,49,61,125
10533,Mon-10533,Normal,80,110,30,74,22,123,117
10534,Mon-10534,Fairy,6,99,49,143,22,106,49
10535,Mon-10535,Psychic,78,90,106,86,105,109,38
10536,Mon-10536,Ghost,23,39,122,131,45,92,47
10537,Mon-10537,Water,88,116,22,36,102,39,54
10538,Mon-10538,Poison,36,20,106,79,24,63,21
10539,Mon-10539,Poison,1,130,27,134,108,86,54
10540,Mon-10540,Fighting,49,100,116,49,65,93,83
10541,Mon-10541,Fairy,6,42,48,26,110,34,47
10542,Mon-10542,Electric,27,41,60,117,112,127,130
10543,Mon-10543,Grass,72,97,99,35,83,123,114
10544,Mon-10544,Dark,57,109,113,62,128,24,61
10545,Mon-10545,Fairy,71,71,66,127,124,85,65
10546,Mon-10546,Poison,88,26,54,137,97,35,75
10547,Mon-10547,Poison,47,74,128,41,74,55,56
10548,Mon-10548,Fire,55,73,127,87,122,118,26
10549,Mon-10549,Poison,6,56,78,124,127,95,62
10550,Mon-10550,Fire,29,120,22,74,65,59,83
10551,Mon-10551,Rock,73,58,127,69,56,20,48
10552,Mon-10552,Rock,7,47,88,93,53,112,43
10553,Mon-10553,Ground,36,95,81,122,123,51,77
10554,Mon-10554,Normal,14,88,32,30,37,87,21
10555,Mon-10555,Poison,86,88,130,31,20,45,102
10556,Mon-10556,Psychic,57,75,99,38,75,107,95
10557,Mon-10557,Fighting,65,55,44,67,125,58,127
10558,Mon-10558,Poison,69,48,60,60,56,102,36
10559,Mon-10559,Poison,23,33,58,85,76,29,108
10560,Mon-10560,Ghost,5,40,116,62,31,88,31
10561,Mon-10561,Fairy,40,84,72,103,111,127,105
10562,Mon-10562,Ground,19,65,116,65,123,72,45
10563,Mon-10563,Dark,33,102,96,130,90,71,111
10564,Mon-10564,Poison,32,109,60,64,33,96,35
10565,Mon-10565,Psychic,79,82,65,55,30,115,110
10566,Mon-10566,Ground,32,31,109,133,102,110,89
10567,Mon-10567,Dark,16,20,75,108,34,26,25
10568,Mon-10568,Dark,96,45,95,31,27,52,49
10569,Mon-10569,Water,5,51,33,44,118,113,72
10570,Mon-10570,Psychic,21,28,67,31,78,128,94
10571,Mon-10571,Dark,35,106,84,125,86,92,101
10572,Mon-10572,Dark,7,60,58,104,94,20,80
10573,Mon-10573,Ground,90,102,114,142,58,95,96
10574,Mon-10574,Fairy,36,43,43,66,46,125,59
10575,Mon-10575,Electric,79,21,114,30,77,109,56
10576,Mon-10576,Ground,14,35,27,82,28,100,41
10577,Mon-10577,Ground,53,72,67,35,52,78,94
10578,Mon-10578,Water,13,73,77,43,85,120,94
10579,Mon-10579,Fairy,24,68,48,124,124,90,121
10580,Mon-10580,Ground,41,126,79,72,86,76,78
10581,Mon-10581,Water,87,92,120,135,103,119,88
10582,Mon-10582,Fighting,31,101,69,89,54,20,100
10583,Mon-10583,Fire,76,33,79,106,26,33,116
10584,Mon-10584,Water,10,71,125,130,61,113,76
10585,Mon-10585,Fighting,26,88,122,83,96,26,102
10586,Mon-10586,Psychic,61,84,21,65,25,119,109
10587,Mon-10587,Psychic,47,125,100,121,116,129,84
10588,Mon-10588,Poison,51,72,114,129,52,48,81
10589,Mon-10589,Electric,68,61,124,62,96,117,94
10590,Mon-10590,Rock,8,124,108,128,117,80,110
10591,Mon-10591,Psychic,70,57,29,149,87,77,81
10592,Mon-10592,Dark,87,83,104,49,39,122,81
10593,Mon-10593,Fairy,77,23,113,131,48,106,44
10594,Mon-10594,Normal,29,38,78,35,71,118,126
10595,Mon-10595,Ghost,36,26,22,136,128,117,26
10596,Mon-10596,Psychic,97,66,41,137,95,100,114
10597,Mon-10597,Poison,79,123,50,132,88,71,62
10598,Mon-10598,Ghost,94,27,115,68,109,40,48
10599,Mon-10599,Normal,92,128,33,142,35,30,45
10600,Mon-10600,Ground,44,116,102,94,29,48,100
10601,Mon-10601,Dark,13,20,39,33,84,73,52
10602,Mon-10602,Ground,23,21,112,132,85,35,34
10603,Mon-10603,Psychic,30,119,21,139,48,59,71
10604,Mon-10604,Electric,84,84,46,63,89,108,121
10605,Mon-10605,Ground,28,39,31,56,36,22,116
10606,Mon-10606,Normal,37,125,81,96,41,54,58
10607,Mon-10607,Electric,86,82,106,70,119,126,91
10608,Mon-10608,Fairy,17,90,66,105,23,55,72
10609,Mon-10609,Electric,67,95,79,71,81,99,64
10610,Mon-10610,Fighting,56,42,91,52,113,87,22
10611,Mon-10611,Fire,99,59,70,54,99,107,37
10612,Mon-10612,Dark,49,34,103,107,68,100,116
10613,Mon-10613,Psychic,53,78,51,80,54,86,126
10614,Mon-10614,Grass,86,129,39,26,26,127,125
10615,Mon-10615,Psychic,100,89,40,88,33,49,126
10616,Mon-10616,Dark,73,96,39,124,84,51,72
10617,Mon-10617,Dark,70,41,24,43,78,84,27
10618,Mon-10618,Rock,88,80,24,55,61,99,40
10619,Mon-10619,Fairy,98,130,25,70,52,95,108
10620,Mon-10620,Water,74,29,37,141,28,126,97
10621,Mon-10621,Grass,30,42,90,68,33,86,129
10622,Mon-10622,Fairy,65,99,46,130,51,104,52
10623,Mon-10623,Normal,24,21,84,110,122,34,64
10624,Mon-10624,Grass,51,42,28,149,56,24,126
10625,Mon-10625,Ground,45,124,108,98,32,110,121
10626,Mon-10626,Psychic,99,22,59,64,83,69,54
10627,Mon-10627,Electric,56,67,68,115,34,53,126
10628,Mon-10628,Ground,96,56,94,36,64,103,83
10629,Mon-10629,Water,81,64,130,123,100,64,130
10630,Mon-10630,Ground,85,48,108,54,31,23,25
10631,Mon-10631,Electric,17,50,64,109,122,81,83
10632,Mon-10632,Fairy,78,104,58,98,90,33,129
10633,Mon-10633,Ghost,26,22,57,55,121,128,126
10634,Mon-10634,Ground,58,34,29,85,100,56,83
10635,Mon-10635,Electric,49,49,57,88,127,54,24
10636,Mon-10636,Ground,26,111,104,121,76,113,128
10637,Mon-10637,Fairy,99,63,50,83,21,24,37
10638,Mon-10638,Electric,88,23,63,32,27,95,53
10639,Mon-10639,Normal,58,77,27,34,40,127,117
10640,Mon-10640,Dark,2,89,47,108,31,23,78
10641,Mon-10641,Fairy,19,70,27,137,109,126,48
10642,Mon-10642,Fire,23,29,72,79,124,88,22
10643,Mon-10643,Ghost,98,117,52,36,89,42,40
10644,Mon-10644,Psychic,41,115,127,46,41,114,105
10645,Mon-10645,Grass,5,121,85,148,128,112,99
10646,Mon-10646,Fire,59,126,61,113,54,129,38
10647,Mon-10647,Poison,96,55,79,28,117,122,120
10648,Mon-10648,Grass,57,66,126,57,96,87,67
10649,Mon-10649,Ghost,45,126,40,116,68,21,97
10650,Mon-10650,Dark,18,69,48,104,107,102,94
10651,Mon-10651,Fairy,88,116,80,61,93,103,32
10652,Mon-10652,Rock,11,91,31,112,121,105,29
10653,Mon-10653,Fire,94,122,77,138,87,39,88
10654,Mon-10654,Fighting,23,21,37,138,63,101,106
10655,Mon-10655,Normal,14,98,115,128,30,111,124
10656,Mon-10656,Poison,35,108,105,69,130,28,109
10657,Mon-10657,Poison,1,42,25,28,106,22,85
10658,Mon-10658,Fairy,2,101,79,74,31,29,78
10659,Mon-10659,Grass,19,41,43,27,87,96,64
10660,Mon-10660,Fairy,70,120,84,96,111,53,87
10661,Mon-10661,Fire,82,120,80,101,97,110,126
10662,Mon-10662,Rock,25,20,127,68,50,126,30
10663,Mon-10663,Fire,65,76,39,43,35,23,73
10664,Mon-10664,Poison,36,62,76,91,124,101,69
10665,Mon-10665,Psychic,44,118,127,26,61,104,53
10666,Mon-10666,Electric,34,55,32,59,116,28,113
10667,Mon-10667,Poison,90,99,48,146,71,33,80
10668,Mon-10668,Fighting,52,32,99,140,104,109,29
10669,Mon-10669,Ghost,51,43,31,104,46,28,97
10670,Mon-10670,Fire,86,129,43,72,87,42,129
10671,Mon-10671,Fairy,66,62,126,26,82,122,40
10672,Mon-10672,Psychic,15,105,84,106,43,100,73
10673,Mon-10673,Dark,19,127,26,86,95,122,46
10674,Mon-10674,Electric,35,127,114,114,71,50,21
10675,Mon-10675,Dark,10,22,78,44,92,102,67
10676,Mon-10676,Electric,70,45,72,129,23,87,57
10677,Mon-10677,Electric,50,99,130,126,33,118,120
10678,Mon-10678,Ghost,5,122,54,78,98,45,75
10679,Mon-10679,Water,41,128,62,28,130,21,90
10680,Mon-10680,Ghost,83,99,83,83,32,64,126
10681,Mon-10681,Fairy,91,31,46,71,22,76,78
10682,Mon-10682,Electric,97,102,34,120,48,83,98
10683,Mon-10683,Fighting,93,50,35,54,24,116,78
10684,Mon-10684,Fairy,61,109,54,27,47,96,84
10685,Mon-10685,Dark,93,80,28,148,96,119,43
10686,Mon-10686,Dark,96,40,75,55,107,101,127
10687,Mon-10687,Normal,64,113,130,34,90,60,53
10688,Mon-10688,Electric,42,129,48,132,64,110,52
10689,Mon-10689,Fighting,97,76,24,115,37,56,57
10690,Mon-10690,Electric,42,110,24,58,79,110,62
10691,Mon-10691,Electric,17,26,38,85,127,97,59
10692,Mon-10692,Poison,11,50,84,111,43,44,105
10693,Mon-10693,Fairy,57,34,72,127,80,26,100
10694,Mon-10694,Dark,4,51,64,71,57,118,85
10695,Mon-10695,Grass,12,61,103,51,59,106,53
10696,Mon-10696,Psychic,25,67,63,26,76,25,44
10697,Mon-10697,Poison,53,55,88,132,38,47,95
10698,Mon-10698,Dark,48,80,130,127,41,73,103
10699,Mon-10699,Psychic,52,44,38,144,24,77,64
10700,Mon-10700,Poison,51,58,32,119,96,61,49
10701,Mon-10701,Electric,100,113,44,51,120,41,70
10702,Mon-10702,Fairy,22,82,37,55,69,94,82
10703,Mon-10703,Grass,48,22,112,55,88,101,26
10704,Mon-10704,Dark,62,56,117,82,129,91,115
10705,Mon-10705,Dark,28,112,82,146,104,126,99
10706,Mon-10706,Dark,19,39,34,112,47,63,50
10707,Mon-10707,Dark,5,122,114,79,106,80,112
10708,Mon-10708,Fire,33,52,121,117,63,55,104
10709,Mon-10709,Normal,26,89,65,130,126,125,76
10710,Mon-10710,Dark,20,72,94,75,122,66,115
10711,Mon-10711,Water,28,89,87,131,24,64,42
10712,Mon-10712,Rock,70,108,78,27,118,102,55
10713,Mon-10713,Poison,83,36,59,64,46,51,130
10714,Mon-10714,Ghost,52,59,50,46,73,60,41
10715,Mon-10715,Dark,7,83,50,47,103,113,114
10716,Mon-10716,Rock,74,48,59,50,33,22,116
10717,Mon-10717,Normal,16,61,104,71,21,24,62
10718,Mon-10718,Normal,6,118,111,116,65,116,71
10719,Mon-10719,Normal,57,45,32,99,84,51,124
10720,Mon-10720,Fighting,43,41,26,80,85,106,54
10721,Mon-10721,Poison,32,84,73,87,125,96,61
10722,Mon-10722,Electric,97,31,105,48,48,42,21
10723,Mon-10723,Ground,10,20,82,117,99,40,59
10724,Mon-10724,Normal,6,116,111,120,41,129,41
10725,Mon-10725,Psychic,59,50,99,94,69,118,42
10726,Mon-10726,Fairy,42,33,98,127,78,48,76
10727,Mon-10727,Ghost,81,92,79,126,67,73,105
10728,Mon-10728,Normal,5,73,26,126,39,115,112
10729,Mon-10729,Fairy,42,70,39,38,41,47,61
10730,Mon-10730,Electric,15,68,102,35,117,93,75
10731,Mon-10731,Fighting,5,36,54,80,125,61,28
10732,Mon-10732,Ghost,47,115,100,32,28,117,50
10733,Mon-10733,Normal,74,20,57,27,45,51,54
10734,Mon-10734,Grass,16,73,21,41,129,68,123
10735,Mon-10735,Fire,85,50,95,40,32,97,114
10736,Mon-10736,Poison,52,91,119,66,79,94,60
10737,Mon-10737,Fire,49,80,69,66,52,32,39
10738,Mon-10738,Fighting,93,62,34,128,129,29,38
10739,Mon-10739,Poison,33,79,66,138,102,114,76
10740,Mon-10740,Rock,21,45,126,46,103,104,124
10741,Mon-10741,Poison,79,34,55,72,27,36,86
10742,Mon-10742,Ghost,11,120,27,89,36,91,64
10743,Mon-10743,Ground,88,88,105,59,108,51,111
10744,Mon-10744,Electric,83,92,46,66,45,65,73
10745,Mon-10745,Ghost,98,130,24,109,68,89,44
10746,Mon-10746,Ghost,47,120,96,78,31,90,112
10747,Mon-10747,Fighting,63,84,57,113,22,59,121
10748,Mon-10748,Grass,89,107,35,34,100,112,51
10749,Mon-10749,Fighting,14,78,25,85,39,76,128
10750,Mon-10750,Grass,31,46,40,64,38,110,78
10751,Mon-10751,Fairy,48,89,36,61,113,83,46
10752,Mon-10752,Psychic,63,121,21,84,99,59,116
10753,Mon-10753,Fire,68,117,61,63,43,48,35
10754,Mon-10754,Rock,93,76,111,120,115,21,48
10755,Mon-10755,Ground,49,125,63,48,127,79,60
10756,Mon-10756,Fighting,18,41,24,137,65,81,119
10757,Mon-10757,Grass,19,24,117,70,70,124,125
10758,Mon-10758,Psychic,81,64,90,91,93,48,41
10759,Mon-10759,Psychic,47,42,127,46,36,20,21
10760,Mon-10760,Grass,64,126,84,140,119,119,114
10761,Mon-10761,Normal,57,32,72,106,33,86,79
10762,Mon-10762,Rock,82,79,76,121,103,25,63
10763,Mon-10763,Normal,22,105,20,137,84,55,20
10764,Mon-10764,Electric,18,32,61,150,34,127,80
10765,Mon-10765,Electric,74,25,69,57,69,115,34
10766,Mon-10766,Dark,44,81,53,66,52,81,81
10767,Mon-10767,Dark,82,120,112,55,124,30,36
10768,Mon-10768,Water,13,21,126,88,79,92,42
10769,Mon-10769,Water,28,22,73,138,60,26,33
10770,Mon-10770,Psychic,97,122,107,118,49,63,39
10771,Mon-10771,Fighting,85,86,44,96,35,64,97
10772,Mon-10772,Water,7,97,122,84,76,106,98
10773,Mon-10773,Water,82,50,98,116,76,94,70
10774,Mon-10774,Fighting,7,54,101,83,125,73,111
10775,Mon-10775,Dark,13,72,86,137,91,20,126
10776,Mon-10776,Poison,90,43,112,95,70,22,35
10777,Mon-10777,Fighting,13,69,79,108,61,110,45
10778,Mon-10778,Ground,31,125,127,110,49,92,103
10779,Mon-10779,Water,14,103,93,118,91,57,85
10780,Mon-10780,Electric,60,116,70,85,36,103,56
10781,Mon-10781,Electric,6,75,43,73,20,122,84
10782,Mon-10782,Grass,29,107,120,77,120,21,85
10783,Mon-10783,Fighting,33,66,26,143,23,120,85
10784,Mon-10784,Normal,65,88,24,38,45,47,79
10785,Mon-10785,Fire,50,101,23,113,81,104,23
10786,Mon-10786,Water,20,111,31,146,41,85,102
10787,Mon-10787,Water,47,122,47,34,94,101,40
10788,Mon-10788,Ghost,46,31,74,102,81,33,80
10789,Mon-10789,Ghost,36,108,50,99,28,86,79
10790,Mon-10790,Electric,54,98,70,67,71,127,30
10791,Mon-10791,Ground,33,101,69,36,112,108,51
10792,Mon-10792,Water,34,21,68,110,62,108,50
10793,Mon-10793,Psychic,79,74,26,90,95,39,42
10794,Mon-10794,Ghost,26,126,79,119,84,50,64
10795,Mon-10795,Ghost,33,119,53,36,71,110,52
10796,Mon-10796,Fighting,15,45,79,142,83,64,83
10797,Mon-10797,Ground,70,73,26,104,74,82,26
10798,Mon-10798,Grass,71,115,116,80,27,38,38
10799,Mon-10799,Rock,68,123,100,82,68,106,77
10800,Mon-10800,Fire,17,56,58,144,66,69,57
10801,Mon-10801,Ghost,46,109,59,94,106,74,66
10802,Mon-10802,Normal,30,112,55,98,100,125,27
10803,Mon-10803,Ghost,77,36,130,106,83,90,48
10804,Mon-10804,Fairy,34,23,97,64,62,68,55
10805,Mon-10805,Fairy,42,25,71,56,89,57,22
10806,Mon-10806,Electric,46,36,91,119,130,86,76
10807,Mon-10807,Fairy,77,102,27,65,112,67,25
10808,Mon-10808,Fairy,71,63,112,29,46,45,123
10809,Mon-10809,Normal,82,96,86,85,51,60,24
10810,Mon-10810,Fire,43,29,54,26,75,51,39
10811,Mon-10811,Grass,82,86,96,96,93,102,77
10812,Mon-10812,Rock,88,102,20,106,94,75,23
10813,Mon-10813,Normal,53,128,74,141,106,42,89
10814,Mon-10814,Electric,68,55,124,101,80,36,61
10815,Mon-10815,Water,91,80,104,69,111,123,22
10816,Mon-10816,Normal,84,73,24,105,24,118,87
10817,Mon-10817,Fairy,28,58,85,99,44,112,28
10818,Mon-10818,Dark,72,91,95,118,77,101,87
10819,Mon-10819,Fire,45,82,78,141,77,115,93
10820,Mon-10820,Fire,15,112,55,37,127,91,58
10821,Mon-10821,Psychic,38,23,95,115,93,121,87
10822,Mon-10822,Ghost,98,44,67,126,65,121,24
10823,Mon-10823,Dark,96,84,125,66,85,68,116
10824,Mon-10824,Rock,79,83,113,75,32,47,121
10825,Mon-10825,Fairy,100,120,120,77,63,119,38
10826,Mon-10826,Water,58,94,66,72,22,111,75
10827,Mon-10827,Water,76,20,95,135,36,69,66
10828,Mon-10828,Dark,17,74,36,66,65,120,106
10829,Mon-10829,Water,30,113,103,80,20,31,43
10830,Mon-10830,Rock,18,116,103,98,40,111,64
10831,Mon-10831,Fighting,94,109,106,56,119,25,61
10832,Mon-10832,Poison,62,72,22,112,112,31,112
10833,Mon-10833,Electric,94,31,70,90,83,27,77
10834,Mon-10834,Fire,42,43,50,46,125,28,107
10835,Mon-10835,Fighting,41,113,121,48,23,40,28
10836,Mon-10836,Normal,68,57,79,28,124,60,30
10837,Mon-10837,Fairy,57,104,87,98,75,59,124
10838,Mon-10838,Psychic,38,24,68,125,61,66,25
10839,Mon-10839,Water,32,74,32,149,107,128,94
10840,Mon-10840,Dark,52,125,88,108,70,76,36
10841,Mon-10841,Dark,8,47,87,147,86,46,77
10842,Mon-10842,Electric,19,23,62,149,54,35,111
10843,Mon-10843,Rock,5,51,89,102,78,121,72
10844,Mon-10844,Fairy,16,26,63,72,34,50,49
10845,Mon-10845,Grass,20,87,93,136,43,109,38
10846,Mon-10846,Fire,8,41,58,104,82,107,63
10847,Mon-10847,Ground,6,47,105,127,124,115,124
10848,Mon-10848,Ghost,82,85,118,53,40,36,84
10849,Mon-10849,Fire,19,56,73,144,84,107,71
10850,Mon-10850,Grass,56,92,21,79,26,106,92
10851,Mon-10851,Fairy,10,123,95,135,76,128,78
10852,Mon-10852,Ground,95,123,124,72,114,98,67
10853,Mon-10853,Ghost,24,100,98,138,57,33,38
10854,Mon-10854,Ground,75,127,59,109,108,70,69
10855,Mon-10855,Rock,65,101,82,53,63,73,50
10856,Mon-10856,Dark,77,27,60,43,122,72,56
10857,Mon-10857,Fighting,63,126,105,44,89,58,53
10858,Mon-10858,Grass,51,82,100,72,56,108,30
10859,Mon-10859,Grass,78,20,89,30,49,51,77
10860,Mon-10860,Poison,82,88,63,94,116,69,36
10861,Mon-10861,Ground,38,47,39,108,73,69,65
10862,Mon-10862,Fire,95,79,88,118,64,91,118
10863,Mon-10863,Normal,99,93,57,142,85,73,113
10864,Mon-10864,Ground,73,23,120,125,28,127,128
10865,Mon-10865,Ground,93,68,27,150,40,129,36
10866,Mon-10866,Electric,11,26,113,101,70,71,111
10867,Mon-10867,Fighting,55,32,106,132,52,49,110
10868,Mon-10868,Normal,66,43,77,122,81,104,53
10869,Mon-10869,Ground,93,106,130,129,58,121,60
10870,Mon-10870,Fire,13,65,99,76,67,118,39
10871,Mon-10871,Psychic,81,25,24,90,106,38,127
10872,Mon-10872,Grass,8,102,63,140,107,25,76
10873,Mon-10873,Fairy,36,80,113,81,52,93,52
10874,Mon-10874,Grass,70,35,106,101,59,53,30
10875,Mon-10875,Ghost,30,82,37,105,91,53,75
10876,Mon-10876,Fighting,84,47,38,48,122,23,121
10877,Mon-10877,Normal,94,90,122,27,80,126,62
10878,Mon-10878,Fairy,16,125,25,112,28,20,105
10879,Mon-10879,Ghost,26,55,125,125,86,90,57
10880,Mon-10880,Fairy,8,102,80,98,99,122,128
10881,Mon-10881,Dark,72,22,109,107,123,27,90
10882,Mon-10882,Electric,89,65,43,33,123,88,115
10883,Mon-10883,Fire,61,118,58,46,96,122,86
10884,Mon-10884,Rock,14,28,100,117,81,65,65
10885,Mon-10885,Fighting,18,123,38,105,38,52,25
10886,Mon-10886,Rock,4,30,31,49,117,98,54
10887,Mon-10887,Water,49,73,87,100,72,122,45
10888,Mon-10888,Grass,73,40,20,29,96,82,112
10889,Mon-10889,Ground,16,22,124,124,101,21,82
10890,Mon-10890,Dark,85,58,95,28,21,95,85
10891,Mon-10891,Water,26,84,99,130,61,44,128
10892,Mon-10892,Grass,52,100,75,53,94,129,117
10893,Mon-10893,Fire,67,55,89,56,72,50,94
10894,Mon-10894,Fairy,54,74,125,141,92,90,56
10895,Mon-10895,Fighting,48,40,20,127,82,96,32
10896,Mon-10896,Water,34,100,47,67,20,69,80
10897,Mon-10897,Fighting,44,38,97,47,53,108,129
10898,Mon-10898,Grass,24,115,33,38,65,119,71
10899,Mon-10899,Dark,30,39,47,74,62,89,128
10900,Mon-10900,Electric,76,93,22,98,24,103,40
10901,Mon-10901,Ground,89,56,26,87,22,26,26
10902,Mon-10902,Rock,85,130,69,137,52,46,80
10903,Mon-10903,Electric,34,51,93,126,114,68,61
10904,Mon-10904,Electric,33,125,31,57,129,34,29
10905,Mon-10905,Fighting,6,112,129,138,112,74,124
10906,Mon-10906,Ghost,28,71,106,83,124,28,61
10907,Mon-10907,Fairy,59,74,93,27,122,59,48
10908,Mon-10908,Dark,27,59,27,132,96,26,79
10909,Mon-10909,Rock,74,67,77,117,33,66,113
10910,Mon-10910,Normal,6,71,122,69,60,65,36
10911,Mon-10911,Ghost,42,36,46,135,101,73,60
10912,Mon-10912,Grass,29,55,80,139,64,129,103
10913,Mon-10913,Grass,50,117,82,145,49,81,94
10914,Mon-10914,Grass,3,128,97,139,24,36,41
10915,Mon-10915,Psychic,42,26,121,58,57,90,23
10916,Mon-10916,Rock,79,101,34,95,57,128,100
10917,Mon-10917,Dark,86,46,26,46,110,43,43
10918,Mon-10918,Poison,26,92,29,110,107,28,22
10919,Mon-10919,Water,43,88,49,87,32,120,117
10920,Mon-10920,Ground,70,117,59,135,77,39,96
10921,Mon-10921,Ground,47,97,117,138,120,111,70
10922,Mon-10922,Normal,55,111,77,65,72,67,64
10923,Mon-10923,Rock,35,108,102,64,126,107,116
10924,Mon-10924,Water,84,91,83,29,30,99,107
10925,Mon-10925,Water,64,65,125,88,55,109,78
10926,Mon-10926,Grass,97,57,56,73,122,104,82
10927,Mon-10927,Normal,78,58,94,150,99,78,79
10928,Mon-10928,Ghost,37,59,50,128,51,47,62
10929,Mon-10929,Water,33,52,45,82,118,125,75
10930,Mon-10930,Fire,9,54,128,96,62,40,93
10931,Mon-10931,Grass,63,83,22,104,107,60,91
10932,Mon-10932,Normal,75,49,50,138,56,51,63
10933,Mon-10933,Normal,36,58,62,150,57,66,111
10934,Mon-10934,Normal,3,98,35,77,56,47,59
10935,Mon-10935,Fire,83,56,105,71,60,110,101
10936,Mon-10936,Grass,23,31,59,114,86,68,67
10937,Mon-10937,Fire,59,21,70,59,109,116,124
10938,Mon-10938,Dark,6,104,53,42,89,23,98
10939,Mon-10939,Dark,7,125,119,60,22,69,99
10940,Mon-10940,Electric,90,95,66,64,86,84,88
10941,Mon-10941,Grass,68,26,107,102,67,114,39
10942,Mon-10942,Fairy,1,82,89,117,27,101,121
10943,Mon-10943,Fighting,11,50,126,45,56,90,98
10944,Mon-10944,Fire,50,55,86,30,127,113,20
10945,Mon-10945,Fighting,69,122,129,45,58,63,53
10946,Mon-10946,Rock,43,111,97,139,99,126,37
10947,Mon-10947,Fire,88,101,26,57,42,120,34
10948,Mon-10948,Ground,66,75,37,91,117,120,74
10949,Mon-10949,Rock,62,84,107,93,110,75,108
10950,Mon-10950,Normal,29,121,25,60,37,30,94
10951,Mon-10951,Fire,69,93,41,131,96,114,123
10952,Mon-10952,Fairy,88,84,107,33,123,66,29
10953,Mon-10953,Normal,5,30,59,91,120,110,89
10954,Mon-10954,Normal,74,130,44,77,100,26,52
10955,Mon-10955,Grass,88,109,41,123,100,30,21
10956,Mon-10956,Psychic,44,60,55,49,75,58,129
10957,Mon-10957,Ground,77,47,113,145,36,116,34
10958,Mon-10958,Fighting,36,127,70,124,22,23,56
10959,Mon-10959,Water,20,126,125,118,52,38,77
10960,Mon-10960,Poison,82,66,99,87,48,74,62
10961,Mon-10961,Normal,32,45,49,105,121,110,37
10962,Mon-10962,Grass,76,108,38,51,113,37,46
10963,Mon-10963,Fire,32,89,124,26,56,103,95
10964,Mon-10964,Poison,40,119,120,118,62,74,21
10965,Mon-10965,Water,69,80,33,81,102,101,26
10966,Mon-10966,Fire,35,81,55,69,95,99,51
10967,Mon-10967,Ghost,81,35,102,58,118,122,128
10968,Mon-10968,Rock,4,86,129,103,101,26,37
10969,Mon-10969,Psychic,2,60,120,89,96,86,92
10970,Mon-10970,Normal,9,42,51,110,106,70,62
10971,Mon-10971,Ground,26,106,119,144,119,57,76
10972,Mon-10972,Dark,6,58,100,130,62,102,45
10973,Mon-10973,Grass,39,43,71,65,47,85,122
10974,Mon-10974,Fire,3,126,61,55,120,69,64
10975,Mon-10975,Grass,76,126,110,45,37,97,24
10976,Mon-10976,Ghost,16,74,112,96,52,83,49
10977,Mon-10977,Fairy,98,52,121,129,35,60,55
10978,Mon-10978,Ground,86,37,71,56,112,57,121
10979,Mon-10979,Fairy,70,89,49,149,121,48,23
10980,Mon-10980,Grass,80,87,116,79,67,52,52
10981,Mon-10981,Poison,78,88,53,123,31,74,39
10982,Mon-10982,Electric,85,105,103,62,45,40,40
10983,Mon-10983,Poison,56,72,76,42,84,119,129
10984,Mon-10984,Fighting,63,95,85,89,58,84,104
10985,Mon-10985,Poison,47,92,43,94,103,89,125
10986,Mon-10986,Fighting,63,108,47,85,108,83,110
10987,Mon-10987,Fire,39,102,92,76,68,119,115
10988,Mon-10988,Normal,13,23,48,106,88,110,82
10989,Mon-10989,Ghost,94,88,94,104,27,72,78
10990,Mon-10990,Normal,70,128,130,44,35,58,58
10991,Mon-10991,Dark,71,82,29,109,57,125,27
10992,Mon-10992,Rock,29,78,122,66,33,86,112
10993,Mon-10993,Fairy,78,87,39,126,21,107,62
10994,Mon-10994,Poison,52,82,35,87,96,35,94
10995,Mon-10995,Normal,8,64,112,55,22,59,126
10996,Mon-10996,Poison,96,130,42,47,46,49,62
10997,Mon-10997,Electric,100,27,91,146,100,69,35
10998,Mon-10998,Fighting,88,110,31,115,43,75,63
10999,Mon-10999,Fairy,48,37,29,52,45,130,125
11000,Mon-11000,Ghost,24,42,42,88,103,31,20
11001,Mon-11001,Poison,2,87,77,40,22,125,48
11002,Mon-11002,Fairy,74,90,52,130,55,110,26
11003,Mon-11003,Electric,90,122,44,129,79,65,105
11004,Mon-11004,Poison,11,52,112,126,27,51,34
11005,Mon-11005,Ground,69,22,39,83,92,112,49
11006,Mon-11006,Fairy,3,48,30,45,67,35,47
11007,Mon-11007,Electric,78,80,32,86,54,120,24
11008,Mon-11008,Water,3,59,117,89,83,124,122
11009,Mon-11009,Grass,98,47,72,65,24,47,62
11010,Mon-11010,Psychic,18,121,127,72,86,82,111
11011,Mon-11011,Electric,41,82,109,30,71,77,77
11012,Mon-11012,Poison,70,94,51,90,26,105,24
11013,Mon-11013,Water,85,103,107,49,107,104,40
11014,Mon-11014,Normal,37,65,70,130,70,130,21
11015,Mon-11015,Rock,99,101,82,120,27,28,47
11016,Mon-11016,Psychic,2,126,78,101,59,110,85
11017,Mon-11017,Fire,48,100,104,53,102,109,33
11018,Mon-11018,Rock,99,52,42,109,69,102,61
11019,Mon-11019,Normal,28,106,26,150,62,43,23
11020,Mon-11020,Fairy,54,46,101,104,24,102,108
11021,Mon-11021,Poison,45,28,125,124,27,73,59
11022,Mon-11022,Rock,40,69,84,138,52,50,127
11023,Mon-11023,Fairy,77,76,33,131,50,61,56
11024,Mon-11024,Grass,52,72,32,45,91,65,74
11025,Mon-11025,Water,72,49,80,135,72,102,75
11026,Mon-11026,Rock,52,50,119,121,33,42,39
11027,Mon-11027,Ghost,100,122,88,115,92,45,102
11028,Mon-11028,Poison,48,52,53,53,126,61,119
11029,Mon-11029,Fighting,80,106,88,83,115,71,115
11030,Mon-11030,Water,62,48,37,138,130,125,66
11031,Mon-11031,Psychic,81,31,73,140,73,49,105
11032,Mon-11032,Ghost,89,27,128,39,60,120,66
11033,Mon-11033,Fire,23,47,89,78,26,26,36
11034,Mon-11034,Normal,31,113,31,101,95,76,98
11035,Mon-11035,Rock,31,70,42,37,68,113,65
11036,Mon-11036,Fire,49,97,26,56,90,54,61
11037,Mon-11037,Rock,50,126,64,100,53,44,28
11038,Mon-11038,Dark,1,25,46,107,38,87,46
11039,Mon-11039,Fairy,90,32,128,38,96,45,66
11040,Mon-11040,Fairy,86,122,55,78,63,21,102
11041,Mon-11041,Fire,61,83,23,107,78,25,63
11042,Mon-11042,Water,31,88,68,149,128,73,40
11043,Mon-11043,Ground,83,57,101,150,51,75,64
11044,Mon-11044,Normal,28,111,96,64,34,22,24
11045,Mon-11045,Water,31,91,128,110,99,49,71
11046,Mon-11046,Rock,100,48,60,94,83,104,75
11047,Mon-11047,Water,93,92,78,51,64,82,98
11048,Mon-11048,Ghost,59,20,82,88,86,87,23
11049,Mon-11049,Fire,17,46,22,42,122,100,90
11050,Mon-11050,Normal,13,42,20,40,38,120,107
11051,Mon-11051,Psychic,97,107,108,69,107,25,109
11052,Mon-11052,Normal,27,101,62,57,79,73,128
11053,Mon-11053,Ghost,69,30,96,43,109,42,95
11054,Mon-11054,Electric,36,120,124,31,121,94,125
11055,Mon-11055,Electric,50,110,47,96,37,63,57
11056,Mon-11056,Water,99,68,106,25,32,37,36
11057,Mon-11057,Ghost,60,43,43,123,20,117,20
11058,Mon-11058,Ghost,44,66,102,34,41,77,123
11059,Mon-11059,Normal,42,85,37,107,58,32,33
11060,Mon-11060,Grass,24,89,53,43,48,45,32
11061,Mon-11061,Electric,56,58,72,102,111,102,101
11062,Mon-11062,Poison,57,31,74,42,103,72,59
11063,Mon-11063,Poison,10,87,23,79,59,125,77
11064,Mon-11064,Ground,41,98,113,108,84,25,29
11065,Mon-11065,Electric,65,49,20,46,54,28,67
11066,Mon-11066,Fire,6,90,117,41,75,96,111
11067,Mon-11067,Water,98,83,42,105,52,56,83
11068,Mon-11068,Fire,87,75,98,105,107,117,44
11069,Mon-11069,Ground,64,20,98,77,45,105,36
11070,Mon-11070,Poison,2,54,70,40,128,22,93
11071,Mon-11071,Fighting,52,61,79,63,123,123,97
11072,Mon-11072,Dark,90,112,28,52,41,125,104
11073,Mon-11073,Fairy,3,111,119,108,83,47,33
11074,Mon-11074,Rock,80,116,33,62,110,87,62
11075,Mon-11075,Fighting,84,71,93,72,113,91,26
11076,Mon-11076,Fighting,8,56,20,57,61,24,107
11077,Mon-11077,Rock,24,75,102,46,80,101,48
11078,Mon-11078,Fighting,73,107,59,127,36,127,56
11079,Mon-11079,Fairy,92,88,73,85,47,64,82
11080,Mon-11080,Ghost,78,86,22,96,48,129,36
11081,Mon-11081,Fighting,53,68,44,61,51,94,105
11082,Mon-11082,Fairy,61,97,68,36,64,101,71
11083,Mon-11083,Dark,53,116,99,117,96,80,82
11084,Mon-11084,Ghost,58,94,86,115,119,96,98
11085,Mon-11085,Electric,78,64,48,30,84,124,93
11086,Mon-11086,Water,5,113,86,136,73,85,24
11087,Mon-11087,Psychic,21,124,44,132,98,79,30
11088,Mon-11088,Rock,6,108,81,131,88,38,109
11089,Mon-11089,Fairy,80,117,79,83,69,77,117
11090,Mon-11090,Dark,73,49,45,112,23,115,48
11091,Mon-11091,Grass,6,66,42,27,80,94,22
11092,Mon-11092,Fire,11,47,77,100,27,99,95
11093,Mon-11093,Ground,27,60,85,41,87,36,129
11094,Mon-11094,Normal,25,101,128,139,124,114,32
11095,Mon-11095,Psychic,52,95,74,144,108,78,30
11096,Mon-11096,Grass,50,20,69,43,113,70,63
11097,Mon-11097,Psychic,36,103,72,92,71,25,88
11098,Mon-11098,Ghost,17,41,117,99,74,119,71
11099,Mon-11099,Psychic,65,40,54,121,78,89,72
11100,Mon-11100,Grass,79,80,62,86,42,54,71
11101,Mon-11101,Psychic,65,46,60,136,128,79,129
11102,Mon-11102,Psychic,81,126,89,68,24,120,50
11103,Mon-11103,Electric,92,36,97,65,129,113,30
11104,Mon-11104,Grass,85,36,73,116,128,53,78
11105,Mon-11105,Ground,66,104,49,93,124,108,72
11106,Mon-11106,Dark,5,51,96,35,20,20,50
11107,Mon-11107,Normal,34,99,50,106,125,68,127
11108,Mon-11108,Dark,43,95,119,60,46,80,38
11109,Mon-11109,Normal,72,40,89,131,48,93,35
11110,Mon-11110,Fire,85,84,68,130,95,20,34
11111,Mon-11111,Ghost,65,79,45,77,64,53,124
11112,Mon-11112,Poison,37,30,104,132,124,48,119
11113,Mon-11113,Electric,79,104,87,144,75,63,126
11114,Mon-11114,Ground,70,115,117,116,32,96,34
11115,Mon-11115,Grass,80,125,98,101,46,28,22
11116,Mon-11116,Fairy,59,29,107,142,105,103,63
11117,Mon-11117,Fairy,65,39,30,135,83,31,72
11118,Mon-11118,Normal,35,111,22,85,56,76,47
11119,Mon-11119,Water,40,53,93,35,44,110,88
11120,Mon-11120,Water,28,89,20,100,95,117,88
11121,Mon-11121,Normal,26,58,118,83,49,127,94
11122,Mon-11122,Electric,66,44,118,71,30,67,58
11123,Mon-11123,Poison,39,89,84,47,81,74,23
11124,Mon-11124,Poison,14,42,100,115,115,120,51
11125,Mon-11125,Electric,4,35,66,139,54,34,38
11126,Mon-11126,Psychic,87,78,126,100,98,120,127
11127,Mon-11127,Fairy,44,41,23,54,69,29,113
11128,Mon-11128,Fairy,58,41,52,25,126,30,130
11129,Mon-11129,Normal,91,106,97,114,87,25,103
11130,Mon-11130,Electric,12,78,107,44,75,45,34
11131,Mon-11131,Fire,94,80,46,32,45,117,70
11132,Mon-11132,Electric,71,35,108,49,118,43,96
11133,Mon-11133,Ground,65,37,71,50,25,69,27
11134,Mon-11134,Electric,44,63,115,67,79,109,118
11135,Mon-11135,Fairy,71,63,49,65,49,117,114
11136,Mon-11136,Normal,21,70,96,49,76,68,127
11137,Mon-11137,Fire,31,34,43,123,129,60,53
11138,Mon-11138,Electric,97,119,35,129,30,71,53
11139,Mon-11139,Water,28,60,98,56,25,85,89
11140,Mon-11140,Ground,72,110,95,71,110,55,107
11141,Mon-11141,Ground,94,64,52,127,97,94,50
11142,Mon-11142,Dark,60,72,87,145,65,109,56
11143,Mon-11143,Electric,30,32,124,124,44,25,58
11144,Mon-11144,Normal,85,95,57,94,86,111,88
11145,Mon-11145,Normal,83,26,75,150,48,95,31
11146,Mon-11146,Poison,55,103,43,116,92,26,76
11147,Mon-11147,Water,12,117,77,110,64,108,46
11148,Mon-11148,Dark,45,60,118,28,106,75,98
11149,Mon-11149,Water,44,118,90,105,93,22,102
11150,Mon-11150,Psychic,19,97,35,61,83,29,121
11151,Mon-11151,Poison,41,20,102,100,30,26,60
11152,Mon-11152,Grass,16,42,66,97,88,65,32
11153,Mon-11153,Fire,70,91,22,38,97,77,45
11154,Mon-11154,Fighting,44,97,89,83,77,46,44
11155,Mon-11155,Grass,74,30,53,89,85,127,20
11156,Mon-11156,Normal,46,95,127,30,88,23,85
11157,Mon-11157,Rock,72,109,130,132,45,128,93
11158,Mon-11158,Fairy,74,30,94,143,69,36,59
11159,Mon-11159,Poison,17,117,90,27,33,32,51
11160,Mon-11160,Poison,45,79,53,40,106,74,81
11161,Mon-11161,Fairy,75,88,27,40,36,104,36
11162,Mon-11162,Grass,60,25,26,80,109,93,106
11163,Mon-11163,Fire,23,88,71,100,90,108,45
11164,Mon-11164,Fire,84,70,55,55,77,70,97
11165,Mon-11165,Ground,20,61,126,131,76,117,94
11166,Mon-11166,Psychic,100,106,52,64,36,104,105
11167,Mon-11167,Normal,71,47,43,63,92,24,79
11168,Mon-11168,Electric,33,26,110,99,61,75,37
11169,Mon-11169,Poison,20,75,112,134,106,127,24
11170,Mon-11170,Dark,91,102,61,56,113,100,23
11171,Mon-11171,Dark,53,34,29,67,121,111,35
11172,Mon-11172,Rock,81,129,30,67,121,99,116
11173,Mon-11173,Dark,84,94,77,83,104,87,31
11174,Mon-11174,Psychic,7,123,116,79,49,57,70
11175,Mon-11175,Fairy,69,72,62,145,50,27,74
11176,Mon-11176,Psychic,34,33,22,43,124,53,90
11177,Mon-11177,Fairy,91,39,61,77,126,46,33
11178,Mon-11178,Ground,22,75,20,56,50,100,28
11179,Mon-11179,Dark,4,85,67,100,91,58,113
11180,Mon-11180,Dark,67,101,72,123,121,59,98
11181,Mon-11181,Dark,56,108,101,142,114,115,87
11182,Mon-11182,Ghost,56,104,27,80,123,41,31
11183,Mon-11183,Ground,27,85,73,58,59,104,98
11184,Mon-11184,Water,50,22,39,146,76,59,107
11185,Mon-11185,Psychic,97,78,71,36,86,124,113
11186,Mon-11186,Grass,77,110,129,41,125,126,26
11187,Mon-11187,Electric,99,114,102,145,129,66,82
11188,Mon-11188,Psychic,34,112,113,136,80,106,29
11189,Mon-11189,Rock,88,21,24,95,114,121,57
11190,Mon-11190,Ground,39,68,104,66,62,86,58
11191,Mon-11191,Psychic,94,88,116,146,87,119,35
11192,Mon-11192,Ghost,87,47,94,145,109,95,43
11193,Mon-11193,Ghost,17,65,106,134,118,22,123
11194,Mon-11194,Psychic,98,30,25,122,32,87,129
11195,Mon-11195,Fighting,61,41,102,99,28,46,77
11196,Mon-11196,Electric,78,20,112,71,44,85,70
11197,Mon-11197,Psychic,58,128,45,84,31,108,128
11198,Mon-11198,Psychic,22,115,72,93,43,41,72
11199,Mon-11199,Grass,99,64,66,85,125,93,68
11200,Mon-11200,Poison,12,20,30,133,89,80,25
11201,Mon-11201,Psychic,81,57,34,45,30,44,35
11202,Mon-11202,Electric,21,68,53,35,98,104,74
11203,Mon-11203,Normal,79,38,32,82,124,106,54
11204,Mon-11204,Normal,43,93,75,51,112,20,27
11205,Mon-11205,Poison,24,130,26,128,114,55,101
11206,Mon-11206,Grass,24,113,21,131,119,28,89
11207,Mon-11207,Ghost,32,115,89,149,103,86,26
11208,Mon-11208,Water,91,112,48,73,117,117,128
11209,Mon-11209,Psychic,77,27,61,146,108,123,47
11210,Mon-11210,Rock,68,81,57,37,95,63,56
11211,Mon-11211,Rock,63,82,72,146,42,46,39
11212,Mon-11212,Ground,42,31,71,56,121,54,109
11213,Mon-11213,Rock,91,36,34,27,29,26,125
11214,Mon-11214,Ghost,28,82,20,129,50,58,127
11215,Mon-11215,Grass,95,99,69,89,100,93,30
11216,Mon-11216,Electric,39,43,82,77,100,22,127
11217,Mon-11217,Poison,35,73,105,50,118,100,26
11218,Mon-11218,Ghost,48,28,41,77,28,113,102
11219,Mon-11219,Poison,75,32,29,102,107,54,92
11220,Mon-11220,Rock,72,84,86,43,33,105,116
11221,Mon-11221,Psychic,77,81,120,144,87,71,79
11222,Mon-11222,Ghost,9,103,46,116,45,129,59
11223,Mon-11223,Psychic,17,121,29,135,83,75,93
11224,Mon-11224,Grass,85,41,64,30,31,86,84
11225,Mon-11225,Grass,99,57,82,134,23,110,40
11226,Mon-11226,Rock,13,115,89,134,127,50,93
11227,Mon-11227,Psychic,91,25,32,71,76,96,96
11228,Mon-11228,Psychic,27,111,92,96,71,114,44
11229,Mon-11229,Ghost,98,124,58,88,63,50,90
11230,Mon-11230,Electric,100,31,23,129,120,109,54
11231,Mon-11231,Dark,64,35,122,60,106,50,78
11232,Mon-11232,Psychic,20,95,79,140,72,87,60
11233,Mon-11233,Grass,79,72,53,94,33,56,93
11234,Mon-11234,Ghost,11,129,110,25,97,89,27
11235,Mon-11235,Dark,34,80,108,63,42,36,41
11236,Mon-11236,Fighting,64,92,42,42,55,109,70
11237,Mon-11237,Electric,7,46,126,126,93,34,94
11238,Mon-11238,Ground,40,56,79,76,125,57,106
11239,Mon-11239,Normal,80,39,49,83,44,110,40
11240,Mon-11240,Ghost,10,36,69,69,23,30,92
11241,Mon-11241,Normal,37,32,40,113,67,112,129
11242,Mon-11242,Poison,1,119,114,150,97,64,89
11243,Mon-11243,Water,66,27,49,134,93,48,25
11244,Mon-11244,Fire,8,77,68,149,125,112,87
11245,Mon-11245,Ghost,29,76,27,62,43,114,62
11246,Mon-11246,Fire,53,26,124,108,107,115,22
11247,Mon-11247,Fighting,22,113,53,103,105,83,65
11248,Mon-11248,Ground,24,75,92,63,111,41,20
11249,Mon-11249,Psychic,84,34,59,131,120,99,32
11250,Mon-11250,Ground,78,34,82,140,53,98,38
11251,Mon-11251,Grass,9,97,82,144,54,117,44
11252,Mon-11252,Normal,86,88,52,149,70,101,121
11253,Mon-11253,Ghost,47,65,67,45,58,54,47
11254,Mon-11254,Electric,15,64,86,43,35,69,115
11255,Mon-11255,Fairy,91,23,44,110,56,93,38
11256,Mon-11256,Psychic,34,23,34,116,61,106,84
11257,Mon-11257,Normal,33,79,39,79,104,54,56
11258,Mon-11258,Water,15,60,66,45,20,48,62
11259,Mon-11259,Psychic,89,47,43,60,103,120,77
11260,Mon-11260,Ground,29,62,51,41,106,130,126
11261,Mon-11261,Grass,60,87,96,44,34,53,96
11262,Mon-11262,Poison,24,52,94,48,125,27,27
11263,Mon-11263,Psychic,90,58,124,98,100,89,123
11264,Mon-11264,Fairy,79,51,104,89,97,21,30
11265,Mon-11265,Dark,51,93,67,67,105,41,72
11266,Mon-11266,Normal,35,26,123,93,109,78,88
11267,Mon-11267,Dark,66,121,122,109,64,61,80
11268,Mon-11268,Fire,50,81,44,37,76,25,80
11269,Mon-11269,Grass,95,47,39,60,87,59,98
11270,Mon-11270,Normal,68,104,118,50,41,94,128
11271,Mon-11271,Electric,3,124,118,25,26,103,44
11272,Mon-11272,Electric,83,26,113,39,100,103,109
11273,Mon-11273,Ghost,20,42,71,121,47,51,20
11274,Mon-11274,Dark,31,35,115,135,53,93,124
11275,Mon-11275,Water,44,27,105,45,31,56,64
11276,Mon-11276,Ground,21,101,102,121,71,92,100
11277,Mon-11277,Ghost,95,41,86,56,83,21,48
11278,Mon-11278,Fire,98,62,49,42,119,65,122
11279,Mon-11279,Grass,16,110,102,54,74,55,78
11280,Mon-11280,Poison,33,87,117,140,61,94,96
11281,Mon-11281,Fire,38,95,118,68,108,50,44
11282,Mon-11282,Ghost,68,30,86,118,52,53,78
11283,Mon-11283,Normal,60,127,24,86,21,80,104
11284,Mon-11284,Rock,68,29,102,79,23,92,84
11285,Mon-11285,Electric,4,98,48,127,113,64,39
11286,Mon-11286,Fire,52,90,42,149,97,119,120
11287,Mon-11287,Dark,22,65,28,106,39,128,46
11288,Mon-11288,Rock,23,113,37,132,43,87,31
11289,Mon-11289,Grass,78,119,74,43,112,80,90
11290,Mon-11290,Water,15,27,50,138,90,77,82
11291,Mon-11291,Psychic,4,126,62,48,73,28,71
11292,Mon-11292,Water,49,46,76,49,60,65,63
11293,Mon-11293,Ghost,74,107,78,131,62,109,21
11294,Mon-11294,Fire,52,111,66,85,107,96,93
11295,Mon-11295,Fighting,17,81,70,56,41,25,43
11296,Mon-11296,Normal,78,115,118,28,118,35,87
11297,Mon-11297,Fighting,39,111,51,52,46,112,119
11298,Mon-11298,Grass,71,78,21,128,46,101,64
11299,Mon-11299,Fairy,21,39,108,25,61,65,82
11300,Mon-11300,Electric,92,68,28,140,107,124,96
11301,Mon-11301,Normal,29,119,105,122,20,26,84
11302,Mon-11302,Fighting,98,42,56,50,36,104,79
11303,Mon-11303,Water,38,130,113,118,61,128,70
11304,Mon-11304,Fighting,73,40,38,90,35,68,40
11305,Mon-11305,Psychic,51,93,38,68,62,74,94
11306,Mon-11306,Fighting,8,91,65,88,67,43,90
11307,Mon-11307,Fire,10,41,66,25,88,114,66
11308,Mon-11308,Ground,41,72,99,135,56,100,22
11309,Mon-11309,Ghost,20,36,91,123,79,66,21
11310,Mon-11310,Electric,61,60,130,47,129,46,111
11311,Mon-11311,Water,14,126,95,37,71,71,32
11312,Mon-11312,Ground,60,26,42,78,109,70,120
11313,Mon-11313,Poison,21,116,29,83,50,60,26
11314,Mon-11314,Fire,19,95,49,122,118,113,28
11315,Mon-11315,Ghost,37,103,129,130,83,60,44
11316,Mon-11316,Dark,59,51,105,33,35,32,48
11317,Mon-11317,Psychic,40,125,102,55,120,108,55
11318,Mon-11318,Water,35,48,50,98,99,101,34
11319,Mon-11319,Fairy,35,75,72,72,58,23,32
11320,Mon-11320,Fairy,34,24,98,149,87,97,105
11321,Mon-11321,Electric,41,118,125,108,125,74,123
11322,Mon-11322,Ground,84,98,84,65,31,94,27
11323,Mon-11323,Water,58,38,22,109,24,49,88
11324,Mon-11324,Dark,43,93,114,79,108,39,80
11325,Mon-11325,Poison,75,40,123,83,51,81,96
11326,Mon-11326,Fighting,53,69,23,115,114,26,63
11327,Mon-11327,Fighting,95,76,63,79,105,43,45
11328,Mon-11328,Water,57,123,128,112,121,24,103
11329,Mon-11329,Fire,22,56,125,77,104,58,91
11330,Mon-11330,Fighting,57,21,127,99,124,120,90
11331,Mon-11331,Dark,78,68,128,86,88,79,36
11332,Mon-11332,Dark,22,122,22,97,31,101,80
11333,Mon-11333,Ghost,21,108,36,68,43,102,123
11334,Mon-11334,Rock,60,26,75,40,117,34,75
11335,Mon-11335,Grass,89,25,86,57,52,125,119
11336,Mon-11336,Electric,34,104,64,69,124,37,106
11337,Mon-11337,Rock,51,100,49,64,117,46,62
11338,Mon-11338,Fire,66,81,48,78,96,92,72
11339,Mon-11339,Fire,67,29,86,85,35,73,54
11340,Mon-11340,Grass,15,51,128,56,40,43,66
11341,Mon-11341,Water,40,114,111,73,102,58,40
11342,Mon-11342,Ground,100,35,39,60,64,65,22
11343,Mon-11343,Dark,89,42,36,98,64,87,101
11344,Mon-11344,Ground,78,70,49,84,30,107,49
11345,Mon-11345,Electric,3,101,101,104,70,60,119
11346,Mon-11346,Psychic,42,111,20,79,20,63,61
11347,Mon-11347,Poison,6,85,98,150,35,30,91
11348,Mon-11348,Fairy,31,74,84,86,122,126,84
11349,Mon-11349,Normal,87,62,93,102,103,88,48
11350,Mon-11350,Dark,39,24,115,80,127,48,94
11351,Mon-11351,Fighting,17,49,85,117,121,23,69
11352,Mon-11352,Ground,73,43,89,95,122,125,126
11353,Mon-11353,Psychic,76,26,73,37,65,24,62
11354,Mon-11354,Psychic,66,102,92,116,48,40,50
11355,Mon-11355,Poison,81,59,62,120,96,118,22
11356,Mon-11356,Normal,71,76,27,75,88,57,80
11357,Mon-11357,Fairy,64,42,22,89,68,116,76
11358,Mon-11358,Normal,89,85,99,26,75,81,103
11359,Mon-11359,Psychic,33,35,90,134,42,82,39
11360,Mon-11360,Water,46,95,65,123,75,123,54
11361,Mon-11361,Rock,57,101,102,147,127,21,46
11362,Mon-11362,Normal,67,54,72,100,67,58,80
11363,Mon-11363,Poison,48,43,48,54,77,58,50
11364,Mon-11364,Psychic,45,106,84,61,124,101,66
11365,Mon-11365,Water,17,44,61,142,114,58,123
11366,Mon-11366,Ground,64,39,128,30,107,117,64
11367,Mon-11367,Psychic,13,57,100,109,20,100,128
11368,Mon-11368,Electric,48,127,103,33,114,120,26
11369,Mon-11369,Dark,41,71,96,118,28,110,70
11370,Mon-11370,Ghost,78,49,95,98,23,102,22
11371,Mon-11371,Fairy,48,77,105,84,59,59,81
11372,Mon-11372,Fighting,1,58,67,113,65,100,52
11373,Mon-11373,Poison,51,93,111,69,33,66,40
11374,Mon-11374,Rock,22,68,23,97,86,58,121
11375,Mon-11375,Fairy,39,85,93,125,122,44,93
11376,Mon-11376,Poison,30,68,79,82,93,119,41
11377,Mon-11377,Water,17,73,20,27,126,100,98
11378,Mon-11378,Dark,95,69,93,150,119,25,26
11379,Mon-11379,Psychic,26,63,20,93,110,58,77
11380,Mon-11380,Poison,51,126,98,79,38,84,88
11381,Mon-11381,Ghost,83,49,78,34,90,98,35
11382,Mon-11382,Fighting,37,109,87,36,29,54,126
11383,Mon-11383,Grass,94,98,87,57,105,98,29
11384,Mon-11384,Dark,41,78,53,141,119,50,26
11385,Mon-11385,Grass,95,55,89,116,33,37,75
11386,Mon-11386,Normal,46,73,44,77,76,29,102
11387,Mon-11387,Water,2,114,104,120,34,118,80
11388,Mon-11388,Ground,87,40,30,74,79,92,32
11389,Mon-11389,Fighting,87,85,35,137,70,111,29
11390,Mon-11390,Fire,97,104,98,66,118,79,35
11391,Mon-11391,Poison,13,90,26,115,50,84,129
11392,Mon-11392,Electric,85,36,127,80,103,52,123
11393,Mon-11393,Psychic,35,76,23,110,92,29,28
11394,Mon-11394,Fire,85,40,78,48,101,99,97
11395,Mon-11395,Fire,97,123,129,144,126,38,110
11396,Mon-11396,Electric,20,59,94,61,40,117,82
11397,Mon-11397,Rock,38,66,90,92,21,30,37
11398,Mon-11398,Psychic,27,115,96,111,88,128,38
11399,Mon-11399,Poison,31,67,98,107,33,71,96
11400,Mon-11400,Water,60,41,37,94,69,51,82
11401,Mon-11401,Dark,42,119,54,134,77,49,39
11402,Mon-11402,Grass,66,91,41,147,87,95,26
11403,Mon-11403,Electric,68,87,43,121,21,112,68
11404,Mon-11404,Water,21,28,43,48,83,72,63
11405,Mon-11405,Fire,5,69,90,122,106,68,128
11406,Mon-11406,Psychic,75,70,123,88,22,117,98
11407,Mon-11407,Poison,19,49,82,92,63,70,67
11408,Mon-11408,Normal,20,82,21,143,58,56,83
11409,Mon-11409,Poison,61,47,96,91,57,122,77
11410,Mon-11410,Psychic,27,72,80,132,70,109,94
11411,Mon-11411,Grass,19,108,106,106,35,84,84
11412,Mon-11412,Fairy,31,101,61,36,75,21,32
11413,Mon-11413,Fighting,53,51,67,113,28,62,78
11414,Mon-11414,Grass,85,43,93,87,31,128,104
11415,Mon-11415,Fire,99,20,98,93,79,129,120
11416,Mon-11416,Fighting,74,58,44,63,119,94,126
11417,Mon-11417,Grass,90,22,85,48,98,71,94
11418,Mon-11418,Ground,54,34,126,118,57,115,120
11419,Mon-11419,Dark,41,128,27,56,58,84,22
11420,Mon-11420,Normal,82,114,56,36,74,26,29
11421,Mon-11421,Rock,31,82,79,87,23,62,41
11422,Mon-11422,Fire,82,105,122,114,93,55,30
11423,Mon-11423,Ghost,100,74,127,50,34,94,92
11424,Mon-11424,Fighting,39,86,85,70,99,44,76
11425,Mon-11425,Poison,64,121,80,78,61,106,80
11426,Mon-11426,Ghost,79,28,66,141,61,47,78
11427,Mon-11427,Fighting,79,59,69,43,68,89,74
11428,Mon-11428,Fighting,21,33,101,140,34,53,115
11429,Mon-11429,Grass,97,108,80,43,46,47,43
11430,Mon-11430,Normal,51,111,81,97,43,98,60
11431,Mon-11431,Normal,5,100,113,131,114,124,30
11432,Mon-11432,Psychic,12,87,35,138,38,108,77
11433,Mon-11433,Fighting,73,72,126,93,34,76,58
11434,Mon-11434,Poison,43,22,98,87,47,121,42
11435,Mon-11435,Psychic,11,105,85,123,67,111,80
11436,Mon-11436,Fairy,53,119,84,139,87,121,125
11437,Mon-11437,Ground,60,127,84,26,67,20,105
11438,Mon-11438,Ground,8,57,82,58,79,110,33
11439,Mon-11439,Normal,36,42,58,60,77,77,58
11440,Mon-11440,Normal,47,92,101,130,38,97,120
11441,Mon-11441,Fire,79,21,48,27,20,123,43
11442,Mon-11442,Ghost,66,26,92,40,95,77,118
11443,Mon-11443,Water,9,111,78,25,124,96,119
11444,Mon-11444,Rock,62,126,60,145,27,129,25
11445,Mon-11445,Fighting,91,64,109,29,121,32,129
11446,Mon-11446,Water,6,76,55,58,120,102,106
11447,Mon-11447,Ground,99,80,93,90,107,98,75
11448,Mon-11448,Fire,10,35,47,68,82,41,57
11449,Mon-11449,Fire,63,44,42,36,57,21,71
11450,Mon-11450,Ground,36,53,83,77,85,90,44
11451,Mon-11451,Fire,74,113,128,125,21,60,106
11452,Mon-11452,Dark,85,68,53,61,51,54,64
11453,Mon-11453,Dark,86,100,32,90,63,46,68
11454,Mon-11454,Fairy,87,41,33,84,76,80,122
11455,Mon-11455,Grass,82,125,74,55,50,47,25
11456,Mon-11456,Fairy,31,118,106,25,67,28,64
11457,Mon-11457,Grass,47,72,99,130,100,24,87
11458,Mon-11458,Normal,72,45,43,150,125,48,46
11459,Mon-11459,Poison,17,128,112,89,111,88,39
11460,Mon-11460,Ground,58,109,38,129,28,78,78
11461,Mon-11461,Fighting,54,76,82,69,85,102,40
11462,Mon-11462,Fighting,99,49,114,143,70,86,65
11463,Mon-11463,Poison,5,88,109,96,77,52,29
11464,Mon-11464,Fighting,10,61,97,125,107,121,22
11465,Mon-11465,Normal,4,94,56,109,56,85,101
11466,Mon-11466,Ground,55,112,105,141,80,88,40
11467,Mon-11467,Fairy,56,74,62,95,118,75,23
11468,Mon-11468,Ghost,60,25,58,131,82,66,21
11469,Mon-11469,Poison,25,82,79,142,81,130,82
11470,Mon-11470,Fairy,31,115,88,120,121,63,77
11471,Mon-11471,Electric,42,44,43,69,23,110,84
11472,Mon-11472,Fire,5,126,123,36,61,29,91
11473,Mon-11473,Electric,76,60,116,76,74,125,92
11474,Mon-11474,Psychic,6,95,51,112,20,104,99
11475,Mon-11475,Poison,67,97,46,133,72,111,114
11476,Mon-11476,Fire,46,40,27,121,122,55,43
11477,Mon-11477,Normal,100,24,65,105,107,93,30
11478,Mon-11478,Dark,70,125,38,92,23,103,109
11479,Mon-11479,Poison,48,97,123,146,117,27,27
11480,Mon-11480,Dark,71,90,119,55,108,92,65
11481,Mon-11481,Water,12,53,111,124,117,115,88
11482,Mon-11482,Rock,19,31,51,94,35,114,25
11483,Mon-11483,Ground,50,50,96,89,119,104,128
11484,Mon-11484,Poison,86,80,74,75,22,119,122
11485,Mon-11485,Psychic,83,96,50,104,23,51,113
11486,Mon-11486,Ground,38,55,79,150,59,96,96
11487,Mon-11487,Normal,29,43,38,76,110,49,108
11488,Mon-11488,Grass,97,47,126,39,115,115,82
11489,Mon-11489,Poison,57,126,38,41,90,78,103
11490,Mon-11490,Water,12,89,53,47,24,111,24
11491,Mon-11491,Fairy,23,129,44,76,117,51,43
11492,Mon-11492,Electric,84,20,77,25,49,54,21
11493,Mon-11493,Dark,90,70,94,60,102,127,33
11494,Mon-11494,Grass,91,70,126,112,50,120,82
11495,Mon-11495,Normal,1,64,63,110,82,41,104
11496,Mon-11496,Poison,83,63,42,109,30,62,117
11497,Mon-11497,Fighting,12,28,22,109,130,37,37
11498,Mon-11498,Electric,81,23,86,34,30,90,91
11499,Mon-11499,Poison,89,106,128,143,126,24,102
11500,Mon-11500,Fairy,37,68,27,62,120,22,20
11501,Mon-11501,Normal,20,38,130,35,36,81,56
11502,Mon-11502,Rock,72,58,49,127,97,119,90
11503,Mon-11503,Grass,7,123,120,83,58,102,35
11504,Mon-11504,Grass,58,71,27,68,54,97,58
11505,Mon-11505,Water,34,129,118,75,56,85,70
11506,Mon-11506,Ground,43,37,56,98,46,40,33
11507,Mon-11507,Ground,83,33,50,91,126,43,27
11508,Mon-11508,Ghost,100,82,42,26,24,88,110
11509,Mon-11509,Ground,41,95,34,40,59,122,29
11510,Mon-11510,Grass,30,128,108,144,59,25,83
11511,Mon-11511,Ground,84,71,27,86,66,62,66
11512,Mon-11512,Electric,42,42,71,149,53,40,100
11513,Mon-11513,Grass,20,80,125,107,93,35,119
11514,Mon-11514,Dark,91,54,64,117,121,59,38
11515,Mon-11515,Fairy,100,39,111,64,94,41,124
11516,Mon-11516,Electric,29,29,96,130,44,47,32
11517,Mon-11517,Dark,16,100,108,106,130,68,117
11518,Mon-11518,Fairy,16,91,125,119,64,102,77
11519,Mon-11519,Dark,60,38,30,58,54,80,25
11520,Mon-11520,Water,31,82,53,98,95,80,78
11521,Mon-11521,Fire,63,118,55,71,128,86,117
11522,Mon-11522,Fairy,76,110,27,139,55,45,84
11523,Mon-11523,Psychic,1,70,31,139,42,28,30
11524,Mon-11524,Water,86,26,32,69,106,23,102
11525,Mon-11525,Fire,3,90,125,28,72,116,113
11526,Mon-11526,Dark,12,77,115,56,100,117,93
11527,Mon-11527,Rock,73,122,85,59,70,57,65
11528,Mon-11528,Ghost,63,81,113,27,23,107,95
11529,Mon-11529,Electric,98,101,58,142,60,48,57
11530,Mon-11530,Grass,57,78,72,83,114,53,39
11531,Mon-11531,Grass,42,80,118,43,123,96,114
11532,Mon-11532,Normal,67,55,36,101,60,122,66
11533,Mon-11533,Fire,77,64,36,75,96,88,104
11534,Mon-11534,Electric,68,52,78,47,30,126,86
11535,Mon-11535,Poison,38,71,48,82,44,130,117
11536,Mon-11536,Fairy,96,125,94,100,97,23,77
11537,Mon-11537,Dark,31,57,90,107,24,65,53
11538,Mon-11538,Fairy,35,71,56,53,102,72,53
11539,Mon-11539,Ground,28,125,32,102,126,40,77
11540,Mon-11540,Fighting,30,36,29,124,27,43,124
11541,Mon-11541,Rock,22,48,69,103,84,127,41
11542,Mon-11542,Normal,59,74,55,144,59,39,35
11543,Mon-11543,Ghost,73,65,23,143,91,73,48
11544,Mon-11544,Ground,43,57,96,87,119,73,128
11545,Mon-11545,Fairy,93,106,126,74,28,93,88
11546,Mon-11546,Fighting,48,75,128,82,94,80,106
11547,Mon-11547,Normal,47,60,33,86,40,24,82
11548,Mon-11548,Normal,7,73,41,46,79,70,86
11549,Mon-11549,Fairy,91,118,67,146,69,57,89
11550,Mon-11550,Fighting,15,129,121,96,75,34,34
11551,Mon-11551,Dark,17,46,83,41,104,129,89
11552,Mon-11552,Fighting,94,24,70,138,87,79,82
11553,Mon-11553,Fighting,52,23,122,144,58,127,111
11554,Mon-11554,Water,7,69,93,95,92,121,29
11555,Mon-11555,Poison,45,89,129,144,86,129,76
11556,Mon-11556,Fighting,60,25,115,147,27,46,123
11557,Mon-11557,Electric,2,76,130,145,88,111,110
11558,Mon-11558,Ground,76,64,81,146,57,24,51
11559,Mon-11559,Rock,67,123,61,33,36,75,100
11560,Mon-11560,Fairy,2,86,26,28,78,116,64
11561,Mon-11561,Water,62,66,101,97,77,83,108
11562,Mon-11562,Fairy,23,85,49,119,101,42,90
11563,Mon-11563,Grass,74,35,21,130,68,28,73
11564,Mon-11564,Normal,38,72,109,105,102,70,22
11565,Mon-11565,Dark,21,56,67,64,51,108,104
11566,Mon-11566,Normal,51,40,81,142,87,122,80
11567,Mon-11567,Psychic,45,63,107,99,126,103,79
11568,Mon-11568,Fairy,35,90,56,110,85,69,99
11569,Mon-11569,Dark,88,84,110,57,95,98,121
11570,Mon-11570,Poison,65,126,84,120,60,107,43
11571,Mon-11571,Fire,49,50,83,41,94,62,119
11572,Mon-11572,Fairy,23,97,49,134,112,49,37
11573,Mon-11573,Ground,57,81,107,132,116,49,91
11574,Mon-11574,Poison,3,116,46,111,121,102,74
11575,Mon-11575,Ground,89,120,88,148,54,109,104
11576,Mon-11576,Water,1,98,111,139,113,41,79
11577,Mon-11577,Rock,70,67,32,33,58,128,84
11578,Mon-11578,Fire,35,79,64,52,116,22,68
11579,Mon-11579,Poison,72,92,95,40,20,67,93
11580,Mon-11580,Rock,37,109,50,65,120,73,52
11581,Mon-11581,Electric,3,45,23,99,43,26,52
11582,Mon-11582,Fire,95,116,65,43,42,100,65
11583,Mon-11583,Dark,77,108,75,35,82,119,42
11584,Mon-11584,Fighting,5,29,122,106,77,46,54
11585,Mon-11585,Poison,4,49,109,104,37,96,29
11586,Mon-11586,Ground,54,46,40,71,79,125,47
11587,Mon-11587,Fighting,96,84,50,115,108,94,65
11588,Mon-11588,Fighting,58,43,40,99,73,70,72
11589,Mon-11589,Fighting,2,53,121,77,84,124,90
11590,Mon-11590,Ground,70,40,59,33,114,64,63
11591,Mon-11591,Rock,43,27,118,120,39,94,88
11592,Mon-11592,Dark,64,70,26,103,56,105,68
11593,Mon-11593,Fighting,36,55,82,39,119,88,68
11594,Mon-11594,Fire,1,76,28,48,37,54,20
11595,Mon-11595,Normal,2,43,81,62,48,98,106
11596,Mon-11596,Fairy,64,51,21,47,50,54,96
11597,Mon-11597,Fire,64,119,37,126,111,73,26
11598,Mon-11598,Water,33,109,36,142,35,80,25
11599,Mon-11599,Fire,9,49,98,36,61,51,101
11600,Mon-11600,Poison,78,37,91,55,64,105,42
11601,Mon-11601,Fighting,16,128,81,60,29,47,119
11602,Mon-11602,Fire,19,95,41,149,32,37,109
11603,Mon-11603,Normal,46,74,49,103,61,100,65
11604,Mon-11604,Normal,72,97,61,145,29,117,129
11605,Mon-11605,Rock,100,44,128,56,128,46,78
11606,Mon-11606,Psychic,63,67,98,33,70,77,130
11607,Mon-11607,Poison,97,63,23,85,20,123,25
11608,Mon-11608,Rock,66,100,23,127,86,61,85
11609,Mon-11609,Normal,85,40,58,130,103,64,110
11610,Mon-11610,Psychic,18,74,43,84,87,97,48
11611,Mon-11611,Ghost,6,112,65,58,83,90,112
11612,Mon-11612,Poison,67,41,130,30,30,34,112
11613,Mon-11613,Ghost,98,33,41,79,100,24,106
11614,Mon-11614,Fighting,74,111,86,92,127,60,92
11615,Mon-11615,Psychic,35,116,73,27,60,69,30
11616,Mon-11616,Normal,49,67,93,142,33,88,129
11617,Mon-11617,Dark,12,25,80,114,43,64,117
11618,Mon-11618,Dark,35,80,77,66,93,34,80
11619,Mon-11619,Psychic,69,53,50,69,91,103,64
11620,Mon-11620,Normal,17,85,127,69,118,67,78
11621,Mon-11621,Rock,49,35,49,133,65,26,129
11622,Mon-11622,Fairy,29,109,36,116,118,86,24
11623,Mon-11623,Dark,50,96,30,36,50,64,73
11624,Mon-11624,Poison,77,91,27,63,76,79,41
11625,Mon-11625,Dark,89,76,59,123,93,115,110
11626,Mon-11626,Fighting,41,44,110,69,50,41,94
11627,Mon-11627,Fighting,83,124,37,127,60,94,121
11628,Mon-11628,Fairy,71,49,20,88,111,33,130
11629,Mon-11629,Grass,93,60,78,122,84,106,32
11630,Mon-11630,Fairy,75,122,82,91,87,60,72
11631,Mon-11631,Dark,56,24,82,117,89,104,123
11632,Mon-11632,Fighting,68,33,20,79,107,24,23
11633,Mon-11633,Rock,32,104,42,54,127,93,116
11634,Mon-11634,Fighting,68,60,58,136,64,47,64
11635,Mon-11635,Grass,71,84,102,77,59,63,79
11636,Mon-11636,Normal,62,84,92,26,121,45,34
11637,Mon-11637,Normal,11,111,110,73,73,64,57
11638,Mon-11638,Rock,52,88,80,76,123,107,126
11639,Mon-11639,Dark,72,67,64,55,117,25,122
11640,Mon-11640,Rock,20,80,82,135,101,86,35
11641,Mon-11641,Rock,79,101,62,86,99,41,82
11642,Mon-11642,Psychic,85,62,37,71,124,64,33
11643,Mon-11643,Fighting,54,38,83,112,50,81,129
11644,Mon-11644,Electric,97,73,52,105,70,30,70
11645,Mon-11645,Electric,86,130,49,85,80,119,48
11646,Mon-11646,Ghost,47,32,98,147,41,95,80
11647,Mon-11647,Water,89,39,27,147,77,87,42
11648,Mon-11648,Fairy,94,130,22,84,92,123,99
11649,Mon-11649,Fairy,11,112,59,114,75,62,58
11650,Mon-11650,Fairy,100,32,86,31,92,35,60
11651,Mon-11651,Ghost,1,43,113,80,31,112,103
11652,Mon-11652,Rock,49,96,77,80,74,90,119
11653,Mon-11653,Dark,94,106,48,75,123,69,42
11654,Mon-11654,Electric,73,101,58,130,48,29,86
11655,Mon-11655,Fighting,27,115,62,98,70,48,54
11656,Mon-11656,Rock,65,76,57,84,89,84,25
11657,Mon-11657,Dark,22,117,94,79,89,28,48
11658,Mon-11658,Fire,24,86,108,102,40,80,23
11659,Mon-11659,Water,92,72,98,52,32,111,106
11660,Mon-11660,Ghost,5,90,62,55,103,69,72
11661,Mon-11661,Fairy,97,67,51,90,79,88,80
11662,Mon-11662,Rock,46,87,28,65,120,44,68
11663,Mon-11663,Water,7,112,108,109,129,84,49
11664,Mon-11664,Rock,79,126,126,138,38,40,70
11665,Mon-11665,Normal,5,84,26,70,60,99,36
11666,Mon-11666,Dark,33,20,34,97,111,79,26
11667,Mon-11667,Electric,25,88,43,60,52,87,37
11668,Mon-11668,Fairy,79,47,108,124,42,55,25
11669,Mon-11669,Rock,40,46,44,52,37,58,81
11670,Mon-11670,Rock,66,117,21,90,75,93,26
11671,Mon-11671,Fighting,8,69,57,70,62,88,63
11672,Mon-11672,Ghost,70,107,60,121,123,96,101
11673,Mon-11673,Normal,72,61,63,55,127,35,83
11674,Mon-11674,Poison,29,87,77,50,29,40,86
11675,Mon-11675,Electric,89,93,46,121,120,52,51
11676,Mon-11676,Fighting,48,119,23,95,29,62,35
11677,Mon-11677,Fairy,67,41,31,105,99,79,37
11678,Mon-11678,Fairy,19,82,101,125,126,77,67
11679,Mon-11679,Normal,94,65,93,61,58,27,118
11680,Mon-11680,Normal,25,71,48,55,37,23,124
11681,Mon-11681,Psychic,63,114,124,149,27,111,35
11682,Mon-11682,Electric,9,35,80,39,57,84,27
11683,Mon-11683,Fire,5,80,108,106,125,24,71
11684,Mon-11684,Poison,13,63,107,73,70,114,40
11685,Mon-11685,Poison,95,119,53,42,66,61,35
11686,Mon-11686,Poison,22,44,85,145,20,93,63
11687,Mon-11687,Rock,88,45,85,129,93,70,126
11688,Mon-11688,Poison,59,30,70,52,40,41,46
11689,Mon-11689,Rock,9,68,90,119,96,95,29
11690,Mon-11690,Grass,45,21,57,121,111,60,37
11691,Mon-11691,Water,48,75,30,88,105,37,88
11692,Mon-11692,Electric,27,44,25,145,77,44,128
11693,Mon-11693,Fairy,61,64,69,54,92,111,126
11694,Mon-11694,Ground,87,87,121,34,63,77,105
11695,Mon-11695,Fairy,89,95,43,127,98,67,78
11696,Mon-11696,Psychic,53,26,85,70,95,106,100
11697,Mon-11697,Electric,90,36,38,40,40,47,26
11698,Mon-11698,Normal,93,55,90,147,56,36,123
11699,Mon-11699,Psychic,9,77,40,77,106,30,107
11700,Mon-11700,Fire,64,118,68,134,68,31,40
11701,Mon-11701,Rock,78,35,109,127,46,122,52
11702,Mon-11702,Fire,2,27,61,63,130,120,118
11703,Mon-11703,Poison,61,89,123,125,116,64,80
11704,Mon-11704,Dark,92,128,25,84,105,72,129
11705,Mon-11705,Ground,27,112,29,104,66,62,64
11706,Mon-11706,Poison,86,82,38,61,81,80,85
11707,Mon-11707,Water,94,22,47,25,124,40,20
11708,Mon-11708,Dark,64,83,67,48,78,93,120
11709,Mon-11709,Fire,63,70,121,66,111,76,112
11710,Mon-11710,Ground,54,69,46,93,113,121,110
11711,Mon-11711,Fighting,41,74,59,132,109,55,103
11712,Mon-11712,Normal,46,82,24,47,86,104,55
11713,Mon-11713,Ground,53,99,99,115,58,38,23
11714,Mon-11714,Poison,49,41,80,119,57,30,56
11715,Mon-11715,Poison,83,28,25,127,110,103,94
11716,Mon-11716,Fire,77,25,71,127,66,118,95
11717,Mon-11717,Grass,35,65,44,32,47,119,115
11718,Mon-11718,Ground,52,76,66,52,40,26,81
11719,Mon-11719,Electric,22,107,51,143,88,59,57
11720,Mon-11720,Ghost,18,68,107,104,126,72,62
11721,Mon-11721,Grass,37,79,26,53,62,51,128
11722,Mon-11722,Normal,6,128,86,150,92,53,25
11723,Mon-11723,Fighting,86,103,108,66,54,61,92
11724,Mon-11724,Fighting,13,96,20,61,64,22,22
11725,Mon-11725,Psychic,33,60,120,130,65,122,71
11726,Mon-11726,Normal,26,36,104,146,59,53,30
11727,Mon-11727,Rock,21,122,51,76,114,84,44
11728,Mon-11728,Ghost,37,81,73,106,120,107,64
11729,Mon-11729,Psychic,72,28,95,106,49,38,56
11730,Mon-11730,Ground,90,73,77,53,59,42,23
11731,Mon-11731,Electric,19,30,103,94,22,90,107
11732,Mon-11732,Rock,24,128,118,32,103,130,36
11733,Mon-11733,Psychic,47,78,59,134,98,64,99
11734,Mon-11734,Psychic,32,107,32,129,112,121,127
11735,Mon-11735,Grass,80,72,67,44,82,21,47
11736,Mon-11736,Electric,23,22,86,101,120,101,70
11737,Mon-11737,Normal,41,90,106,37,35,127,91
11738,Mon-11738,Dark,55,92,51,36,61,102,123
11739,Mon-11739,Dark,39,45,123,104,69,32,62
11740,Mon-11740,Ground,62,99,24,125,104,21,41
11741,Mon-11741,Normal,80,45,84,131,44,65,32
11742,Mon-11742,Psychic,54,96,68,66,56,82,59
11743,Mon-11743,Fairy,46,103,97,141,30,92,112
11744,Mon-11744,Fairy,96,35,51,93,124,123,94
11745,Mon-11745,Fighting,99,52,123,75,70,85,45
11746,Mon-11746,Rock,100,38,20,68,21,49,129
11747,Mon-11747,Dark,2,100,110,117,46,20,91
11748,Mon-11748,Fire,84,46,74,71,83,123,97
11749,Mon-11749,Fire,90,91,77,74,74,87,20
11750,Mon-11750,Water,81,66,54,73,76,95,120
11751,Mon-11751,Water,75,29,63,65,26,100,27
11752,Mon-11752,Psychic,37,117,68,75,117,108,25
11753,Mon-11753,Normal,73,98,54,28,112,114,96
11754,Mon-11754,Psychic,58,49,21,135,44,116,53
11755,Mon-11755,Electric,84,117,64,56,60,40,123
11756,Mon-11756,Psychic,36,98,64,81,29,52,117
11757,Mon-11757,Fire,75,110,100,46,34,24,80
11758,Mon-11758,Rock,79,39,72,92,113,33,78
11759,Mon-11759,Water,84,20,80,58,32,124,38
11760,Mon-11760,Grass,18,26,71,46,58,66,38
11761,Mon-11761,Water,87,79,67,61,130,95,21
11762,Mon-11762,Fire,22,107,99,138,56,82,38
11763,Mon-11763,Rock,94,121,94,133,96,70,69
11764,Mon-11764,Psychic,4,126,130,124,31,38,104
11765,Mon-11765,Psychic,23,86,75,50,116,100,28
11766,Mon-11766,Ghost,61,90,23,106,122,103,37
11767,Mon-11767,Water,55,52,84,128,121,37,61
11768,Mon-11768,Grass,69,20,63,106,90,55,75
11769,Mon-11769,Dark,41,41,30,133,127,126,67
11770,Mon-11770,Ground,1,26,115,50,96,114,40
11771,Mon-11771,Electric,62,96,90,83,61,92,103
11772,Mon-11772,Water,52,75,89,66,119,126,43
11773,Mon-11773,Fairy,51,105,90,116,50,117,33
11774,Mon-11774,Water,38,36,129,41,113,88,64
11775,Mon-11775,Water,90,121,96,65,123,81,129
11776,Mon-11776,Rock,80,99,99,113,70,92,33
11777,Mon-11777,Fighting,19,120,103,27,45,108,34
11778,Mon-11778,Dark,4,91,100,57,37,126,93
11779,Mon-11779,Ground,19,57,98,114,79,56,88
11780,Mon-11780,Fairy,5,89,28,55,94,53,38
11781,Mon-11781,Rock,71,87,64,101,85,34,92
11782,Mon-11782,Fairy,63,40,50,75,92,21,103
11783,Mon-11783,Grass,47,31,118,83,22,59,90
11784,Mon-11784,Ghost,60,92,84,70,25,47,77
11785,Mon-11785,Electric,81,30,77,138,49,119,71
11786,Mon-11786,Rock,84,31,77,115,119,74,58
11787,Mon-11787,Water,44,27,95,116,75,97,27
11788,Mon-11788,Dark,60,89,104,124,57,43,88
11789,Mon-11789,Fighting,58,122,42,78,93,70,107
11790,Mon-11790,Ground,95,75,130,38,67,109,65
11791,Mon-11791,Fire,77,36,104,31,35,46,101
11792,Mon-11792,Fire,32,76,42,85,77,63,29
11793,Mon-11793,Ground,89,73,87,135,97,86,31
11794,Mon-11794,Poison,40,85,67,85,121,42,54
11795,Mon-11795,Psychic,76,68,61,149,60,85,58
11796,Mon-11796,Fairy,98,79,116,90,38,88,78
11797,Mon-11797,Rock,81,56,51,104,116,78,23
11798,Mon-11798,Rock,11,120,113,34,60,38,31
11799,Mon-11799,Poison,21,79,90,121,37,101,100
11800,Mon-11800,Rock,80,54,110,137,75,112,101
11801,Mon-11801,Grass,13,20,102,88,26,46,105
11802,Mon-11802,Dark,2,95,88,138,130,32,59
11803,Mon-11803,Fighting,26,62,41,54,106,76,94
11804,Mon-11804,Electric,49,47,130,86,68,39,42
11805,Mon-11805,Fire,13,73,91,139,80,54,116
11806,Mon-11806,Fire,16,73,59,101,64,92,20
11807,Mon-11807,Fighting,34,109,48,111,72,42,88
11808,Mon-11808,Ghost,60,80,32,75,123,60,29
11809,Mon-11809,Rock,55,97,55,94,100,56,111
11810,Mon-11810,Ground,80,91,34,71,93,99,46
11811,Mon-11811,Grass,99,114,118,110,128,109,22
11812,Mon-11812,Water,4,20,68,32,38,116,60
11813,Mon-11813,Fighting,69,61,89,89,120,32,119
11814,Mon-11814,Psychic,17,99,109,142,39,105,37
11815,Mon-11815,Grass,37,35,126,32,48,50,50
11816,Mon-11816,Dark,35,69,70,81,91,119,80
11817,Mon-11817,Fire,71,64,25,108,35,79,116
11818,Mon-11818,Fighting,26,109,87,35,71,122,41
11819,Mon-11819,Fighting,90,126,125,25,57,64,60
11820,Mon-11820,Fighting,39,31,59,45,20,55,125
11821,Mon-11821,Rock,82,43,31,52,40,111,97
11822,Mon-11822,Electric,96,105,99,135,69,59,82
11823,Mon-11823,Poison,52,39,88,44,29,106,60
11824,Mon-11824,Psychic,11,75,36,105,124,25,108
11825,Mon-11825,Normal,71,124,20,67,67,95,124
11826,Mon-11826,Fire,43,128,77,92,102,120,66
11827,Mon-11827,Normal,34,125,36,139,42,51,125
11828,Mon-11828,Psychic,46,34,40,133,82,129,42
11829,Mon-11829,Electric,30,36,54,35,32,22,113
11830,Mon-11830,Dark,29,39,72,36,41,33,69
11831,Mon-11831,Fire,99,105,110,70,95,54,43
11832,Mon-11832,Dark,28,39,67,126,57,54,65
11833,Mon-11833,Ground,46,67,112,120,129,86,65
11834,Mon-11834,Psychic,72,110,87,102,130,116,89
11835,Mon-11835,Fire,23,74,63,133,34,31,108
11836,Mon-11836,Psychic,62,124,76,47,93,103,121
11837,Mon-11837,Rock,90,75,35,117,106,111,35
11838,Mon-11838,Psychic,82,62,128,147,50,84,46
11839,Mon-11839,Electric,3,127,53,146,113,129,112
11840,Mon-11840,Normal,41,80,119,114,101,30,30
11841,Mon-11841,Electric,1,40,91,112,56,101,53
11842,Mon-11842,Psychic,61,90,52,53,30,66,99
11843,Mon-11843,Psychic,33,105,74,118,69,66,79
11844,Mon-11844,Normal,90,113,33,56,61,86,20
11845,Mon-11845,Fighting,18,20,88,78,78,108,36
11846,Mon-11846,Poison,86,32,27,39,45,73,108
11847,Mon-11847,Fighting,35,89,90,63,54,50,57
11848,Mon-11848,Fighting,93,102,41,34,119,49,100
11849,Mon-11849,Poison,20,92,34,83,113,125,94
11850,Mon-11850,Electric,27,62,44,34,101,65,111
11851,Mon-11851,Electric,36,103,29,121,59,60,84
11852,Mon-11852,Rock,99,84,118,107,75,82,30
11853,Mon-11853,Rock,74,122,123,106,52,96,34
11854,Mon-11854,Dark,82,60,122,113,65,24,42
11855,Mon-11855,Grass,56,103,99,122,77,22,40
11856,Mon-11856,Fire,80,35,45,110,115,83,81
11857,Mon-11857,Dark,63,101,104,104,108,90,71
11858,Mon-11858,Fighting,67,101,104,48,41,74,56
11859,Mon-11859,Electric,84,48,46,117,124,52,83
11860,Mon-11860,Fairy,99,26,112,86,28,106,113
11861,Mon-11861,Psychic,58,130,130,44,25,31,61
11862,Mon-11862,Rock,45,28,61,85,114,91,70
11863,Mon-11863,Water,66,71,85,65,51,68,118
11864,Mon-11864,Rock,75,20,116,50,115,60,67
11865,Mon-11865,Fighting,99,66,49,95,27,31,29
11866,Mon-11866,Dark,70,111,129,137,46,94,40
11867,Mon-11867,Fighting,96,75,53,27,111,40,49
11868,Mon-11868,Normal,74,46,127,41,41,79,82
11869,Mon-11869,Poison,96,63,45,139,77,119,64
11870,Mon-11870,Electric,76,30,102,112,100,102,58
11871,Mon-11871,Grass,89,85,78,55,58,27,112
11872,Mon-11872,Fire,20,20,61,71,35,129,70
11873,Mon-11873,Ground,100,58,68,36,112,89,72
11874,Mon-11874,Normal,35,26,45,131,89,112,50
11875,Mon-11875,Electric,80,46,94,108,121,26,71
11876,Mon-11876,Poison,40,27,130,54,97,121,87
11877,Mon-11877,Fairy,46,123,85,49,102,99,121
11878,Mon-11878,Psychic,75,105,50,112,89,118,113
11879,Mon-11879,Electric,55,122,94,95,94,128,20
11880,Mon-11880,Fire,72,95,68,119,67,113,22
11881,Mon-11881,Electric,8,75,122,56,122,67,112
11882,Mon-11882,Water,84,39,49,150,110,113,45
11883,Mon-11883,Psychic,41,126,77,45,46,127,22
11884,Mon-11884,Grass,79,121,75,47,123,120,95
11885,Mon-11885,Electric,29,66,118,117,45,91,127
11886,Mon-11886,Psychic,60,45,32,96,98,126,98
11887,Mon-11887,Ghost,59,62,88,73,122,86,34
11888,Mon-11888,Normal,14,63,109,117,66,69,52
11889,Mon-11889,Normal,48,121,60,97,40,38,52
11890,Mon-11890,Ground,64,27,76,75,130,71,51
11891,Mon-11891,Fighting,84,90,52,52,108,125,89
11892,Mon-11892,Water,89,105,66,115,69,33,102
11893,Mon-11893,Dark,39,104,125,94,130,115,52
11894,Mon-11894,Normal,65,41,60,137,32,91,81
11895,Mon-11895,Psychic,18,65,42,78,78,34,73
11896,Mon-11896,Fighting,90,57,84,58,40,45,63
11897,Mon-11897,Fire,87,65,72,31,40,23,40
11898,Mon-11898,Fairy,100,29,106,59,58,102,26
11899,Mon-11899,Fighting,49,29,24,116,83,59,124
11900,Mon-11900,Poison,36,22,120,61,38,40,92
11901,Mon-11901,Grass,76,127,97,94,77,37,113
11902,Mon-11902,Rock,73,66,113,52,106,76,52
11903,Mon-11903,Electric,22,45,65,141,36,57,43
11904,Mon-11904,Water,54,108,69,138,21,120,84
11905,Mon-11905,Grass,65,74,57,126,102,126,97
11906,Mon-11906,Rock,46,60,112,117,65,42,100
11907,Mon-11907,Normal,38,32,27,96,41,115,80
11908,Mon-11908,Rock,24,62,78,26,117,26,71
11909,Mon-11909,Fairy,42,91,48,30,67,68,82
11910,Mon-11910,Fighting,25,89,90,80,33,84,48
11911,Mon-11911,Normal,31,63,126,119,54,50,37
11912,Mon-11912,Poison,19,88,94,41,83,92,43
11913,Mon-11913,Fairy,38,105,24,94,52,84,57
11914,Mon-11914,Electric,64,123,64,145,123,123,98
11915,Mon-11915,Ghost,38,78,23,130,89,124,116
11916,Mon-11916,Rock,15,45,73,94,27,110,118
11917,Mon-11917,Ghost,81,34,39,97,58,107,63
11918,Mon-11918,Fighting,44,37,96,32,58,57,128
11919,Mon-11919,Grass,59,21,79,25,36,116,129
11920,Mon-11920,Rock,53,81,54,64,24,60,109
11921,Mon-11921,Ghost,51,43,115,127,32,104,27
11922,Mon-11922,Water,44,45,102,25,95,73,86
11923,Mon-11923,Normal,76,100,89,125,47,75,51
11924,Mon-11924,Fighting,86,55,59,57,66,109,115
11925,Mon-11925,Psychic,91,111,50,37,35,35,44
11926,Mon-11926,Fire,45,35,84,37,125,114,63
11927,Mon-11927,Grass,35,57,107,111,129,110,47
11928,Mon-11928,Ghost,9,25,112,30,96,72,117
11929,Mon-11929,Normal,45,79,106,91,56,92,83
11930,Mon-11930,Fairy,100,33,22,142,86,49,67
11931,Mon-11931,Fairy,27,46,129,99,62,105,110
11932,Mon-11932,Poison,85,101,46,67,121,33,86
11933,Mon-11933,Grass,76,117,21,137,87,101,87
11934,Mon-11934,Fire,67,80,82,34,34,95,38
11935,Mon-11935,Water,57,127,70,56,30,47,61
11936,Mon-11936,Ground,76,103,31,46,106,110,75
11937,Mon-11937,Rock,10,103,43,26,100,51,66
11938,Mon-11938,Water,13,129,42,145,101,80,57
11939,Mon-11939,Fairy,20,29,68,51,56,115,129
11940,Mon-11940,Ground,77,45,103,34,94,26,60
11941,Mon-11941,Dark,44,68,95,140,50,65,86
11942,Mon-11942,Water,21,88,22,146,90,89,86
11943,Mon-11943,Electric,5,129,39,51,56,39,43
11944,Mon-11944,Grass,49,30,87,75,33,77,117
11945,Mon-11945,Fighting,40,45,109,109,112,91,37
11946,Mon-11946,Fire,18,53,23,78,110,116,111
11947,Mon-11947,Electric,3,94,57,124,106,53,86
11948,Mon-11948,Fairy,76,125,32,56,90,112,58
11949,Mon-11949,Normal,78,124,73,127,90,91,49
11950,Mon-11950,Psychic,25,102,63,95,105,76,101
11951,Mon-11951,Fighting,50,105,39,26,82,85,69
11952,Mon-11952,Electric,26,66,127,103,117,129,80
11953,Mon-11953,Ghost,41,87,104,26,105,93,60
11954,Mon-11954,Ghost,11,38,80,131,80,67,58
11955,Mon-11955,Grass,95,76,104,149,85,130,49
11956,Mon-11956,Dark,73,52,54,44,126,96,120
11957,Mon-11957,Rock,91,123,123,91,76,50,118
11958,Mon-11958,Rock,30,60,65,67,32,87,37
11959,Mon-11959,Ground,88,63,62,33,113,128,35
11960,Mon-11960,Water,52,64,83,110,20,97,109
11961,Mon-11961,Ground,20,120,84,28,47,104,59
11962,Mon-11962,Normal,34,123,88,28,56,93,43
11963,Mon-11963,Water,82,67,112,127,22,114,43
11964,Mon-11964,Normal,78,130,49,60,44,29,119
11965,Mon-11965,Dark,73,103,98,139,39,109,49
11966,Mon-11966,Fairy,23,113,41,99,81,120,100
11967,Mon-11967,Fairy,65,121,46,91,117,22,70
11968,Mon-11968,Fighting,95,56,74,76,51,107,71
11969,Mon-11969,Water,5,81,78,71,63,75,57
11970,Mon-11970,Grass,33,51,91,53,96,62,28
11971,Mon-11971,Normal,9,54,35,113,94,31,29
11972,Mon-11972,Poison,11,71,110,101,124,55,39
11973,Mon-11973,Rock,100,25,81,27,78,94,51
11974,Mon-11974,Fire,25,43,85,65,105,77,38
11975,Mon-11975,Psychic,18,109,102,138,113,26,50
11976,Mon-11976,Electric,8,38,96,87,66,53,104
11977,Mon-11977,Fighting,99,89,67,57,112,23,21
11978,Mon-11978,Psychic,47,104,73,53,129,60,89
11979,Mon-11979,Fairy,80,49,45,49,33,120,77
11980,Mon-11980,Normal,26,70,82,133,105,104,44
11981,Mon-11981,Normal,65,117,42,64,89,121,51
11982,Mon-11982,Normal,89,112,90,62,110,38,60
11983,Mon-11983,Fairy,68,122,66,33,80,89,50
11984,Mon-11984,Psychic,52,89,46,137,42,53,54
11985,Mon-11985,Grass,22,118,72,74,67,71,66
11986,Mon-11986,Ghost,24,64,123,113,96,127,92
11987,Mon-11987,Fairy,60,86,82,115,119,111,91
11988,Mon-11988,Rock,46,94,58,69,27,97,56
11989,Mon-11989,Ground,5,128,69,87,40,127,52
11990,Mon-11990,Ground,20,60,87,37,46,75,105
11991,Mon-11991,Rock,44,117,37,109,85,26,104
11992,Mon-11992,Normal,18,76,82,109,21,121,97
11993,Mon-11993,Fire,56,31,23,51,125,31,96
11994,Mon-11994,Rock,31,92,114,49,98,49,46
11995,Mon-11995,Normal,30,128,87,75,120,120,93
11996,Mon-11996,Normal,11,70,32,112,22,118,55
11997,Mon-11997,Ground,51,80,71,90,50,31,79
11998,Mon-11998,Rock,19,122,118,32,69,115,80
11999,Mon-11999,Poison,64,122,127,97,105,99,108
12000,Mon-12000,Ground,94,64,35,114,92,31,120
